ISO-10303-21;
HEADER;
FILE_DESCRIPTION(('FreeCAD Model'),'2;1');
FILE_NAME('Open CASCADE Shape Model','2026-08-11T09:32:07',(''),(''),
  'Open CASCADE STEP processor 7.8','FreeCAD','Unknown');
FILE_SCHEMA(('AUTOMOTIVE_DESIGN { 1 0 10303 214 1 1 1 1 }'));
ENDSEC;
DATA;
#1 = APPLICATION_PROTOCOL_DEFINITION('international standard',
  'automotive_design',2000,#2);
#2 = APPLICATION_CONTEXT(
  'core data for automotive mechanical design processes');
#3 = SHAPE_DEFINITION_REPRESENTATION(#4,#10);
#4 = PRODUCT_DEFINITION_SHAPE('','',#5);
#5 = PRODUCT_DEFINITION('design','',#6,#9);
#6 = PRODUCT_DEFINITION_FORMATION('','',#7);
#7 = PRODUCT('pin_vertical_2mm','pin_vertical_2mm','',(#8));
#8 = PRODUCT_CONTEXT('',#2,'mechanical');
#9 = PRODUCT_DEFINITION_CONTEXT('part definition',#2,'design');
#10 = SHAPE_REPRESENTATION('',(#11,#15,#19,#23),#27);
#11 = AXIS2_PLACEMENT_3D('',#12,#13,#14);
#12 = CARTESIAN_POINT('',(0.,0.,0.));
#13 = DIRECTION('',(0.,0.,1.));
#14 = DIRECTION('',(1.,0.,-0.));
#15 = AXIS2_PLACEMENT_3D('',#16,#17,#18);
#16 = CARTESIAN_POINT('',(0.,0.,0.));
#17 = DIRECTION('',(0.,0.,1.));
#18 = DIRECTION('',(1.,0.,0.));
#19 = AXIS2_PLACEMENT_3D('',#20,#21,#22);
#20 = CARTESIAN_POINT('',(0.,0.,0.));
#21 = DIRECTION('',(0.,0.,1.));
#22 = DIRECTION('',(1.,0.,0.));
#23 = AXIS2_PLACEMENT_3D('',#24,#25,#26);
#24 = CARTESIAN_POINT('',(0.,0.,0.));
#25 = DIRECTION('',(0.,0.,1.));
#26 = DIRECTION('',(1.,0.,0.));
#27 = ( GEOMETRIC_REPRESENTATION_CONTEXT(3) 
GLOBAL_UNCERTAINTY_ASSIGNED_CONTEXT((#31)) GLOBAL_UNIT_ASSIGNED_CONTEXT(
(#28,#29,#30)) REPRESENTATION_CONTEXT('Context #1',
  '3D Context with UNIT and UNCERTAINTY') );
#28 = ( LENGTH_UNIT() NAMED_UNIT(*) SI_UNIT(.MILLI.,.METRE.) );
#29 = ( NAMED_UNIT(*) PLANE_ANGLE_UNIT() SI_UNIT($,.RADIAN.) );
#30 = ( NAMED_UNIT(*) SI_UNIT($,.STERADIAN.) SOLID_ANGLE_UNIT() );
#31 = UNCERTAINTY_MEASURE_WITH_UNIT(LENGTH_MEASURE(1.E-07),#28,
  'distance_accuracy_value','confusion accuracy');
#32 = PRODUCT_RELATED_PRODUCT_CATEGORY('part',$,(#7));
#33 = SHAPE_DEFINITION_REPRESENTATION(#34,#40);
#34 = PRODUCT_DEFINITION_SHAPE('','',#35);
#35 = PRODUCT_DEFINITION('design','',#36,#39);
#36 = PRODUCT_DEFINITION_FORMATION('','',#37);
#37 = PRODUCT('BODY','BODY','',(#38));
#38 = PRODUCT_CONTEXT('',#2,'mechanical');
#39 = PRODUCT_DEFINITION_CONTEXT('part definition',#2,'design');
#40 = ADVANCED_BREP_SHAPE_REPRESENTATION('',(#11,#41),#1199);
#41 = MANIFOLD_SOLID_BREP('',#42);
#42 = CLOSED_SHELL('',(#43,#83,#122,#161,#178,#209,#249,#279,#318,#350,
    #367,#399,#430,#469,#500,#539,#556,#573,#605,#636,#675,#707,#738,
    #777,#794,#826,#857,#896,#927,#959,#998,#1020,#1037,#1054,#1071,
    #1105,#1143,#1181));
#43 = ADVANCED_FACE('',(#44),#78,.F.);
#44 = FACE_BOUND('',#45,.F.);
#45 = EDGE_LOOP('',(#46,#56,#64,#72));
#46 = ORIENTED_EDGE('',*,*,#47,.T.);
#47 = EDGE_CURVE('',#48,#50,#52,.T.);
#48 = VERTEX_POINT('',#49);
#49 = CARTESIAN_POINT('',(-0.85,-1.,0.75));
#50 = VERTEX_POINT('',#51);
#51 = CARTESIAN_POINT('',(0.85,-1.,0.75));
#52 = LINE('',#53,#54);
#53 = CARTESIAN_POINT('',(-1.,-1.,0.75));
#54 = VECTOR('',#55,1.);
#55 = DIRECTION('',(1.,0.,0.));
#56 = ORIENTED_EDGE('',*,*,#57,.T.);
#57 = EDGE_CURVE('',#50,#58,#60,.T.);
#58 = VERTEX_POINT('',#59);
#59 = CARTESIAN_POINT('',(0.85,-1.,-0.75));
#60 = LINE('',#61,#62);
#61 = CARTESIAN_POINT('',(0.85,-1.,0.75));
#62 = VECTOR('',#63,1.);
#63 = DIRECTION('',(0.,0.,-1.));
#64 = ORIENTED_EDGE('',*,*,#65,.F.);
#65 = EDGE_CURVE('',#66,#58,#68,.T.);
#66 = VERTEX_POINT('',#67);
#67 = CARTESIAN_POINT('',(-0.85,-1.,-0.75));
#68 = LINE('',#69,#70);
#69 = CARTESIAN_POINT('',(-1.,-1.,-0.75));
#70 = VECTOR('',#71,1.);
#71 = DIRECTION('',(1.,0.,0.));
#72 = ORIENTED_EDGE('',*,*,#73,.F.);
#73 = EDGE_CURVE('',#48,#66,#74,.T.);
#74 = LINE('',#75,#76);
#75 = CARTESIAN_POINT('',(-0.85,-1.,0.75));
#76 = VECTOR('',#77,1.);
#77 = DIRECTION('',(0.,0.,-1.));
#78 = PLANE('',#79);
#79 = AXIS2_PLACEMENT_3D('',#80,#81,#82);
#80 = CARTESIAN_POINT('',(-1.,-1.,0.75));
#81 = DIRECTION('',(0.,1.,0.));
#82 = DIRECTION('',(0.,0.,-1.));
#83 = ADVANCED_FACE('',(#84),#117,.T.);
#84 = FACE_BOUND('',#85,.F.);
#85 = EDGE_LOOP('',(#86,#94,#95,#103,#111));
#86 = ORIENTED_EDGE('',*,*,#87,.F.);
#87 = EDGE_CURVE('',#48,#88,#90,.T.);
#88 = VERTEX_POINT('',#89);
#89 = CARTESIAN_POINT('',(-1.,-0.85,0.75));
#90 = LINE('',#91,#92);
#91 = CARTESIAN_POINT('',(-1.425,-0.425,0.75));
#92 = VECTOR('',#93,1.);
#93 = DIRECTION('',(-0.707106781187,0.707106781187,0.));
#94 = ORIENTED_EDGE('',*,*,#73,.T.);
#95 = ORIENTED_EDGE('',*,*,#96,.T.);
#96 = EDGE_CURVE('',#66,#97,#99,.T.);
#97 = VERTEX_POINT('',#98);
#98 = CARTESIAN_POINT('',(-1.,-0.85,-0.75));
#99 = LINE('',#100,#101);
#100 = CARTESIAN_POINT('',(-0.925,-0.925,-0.75));
#101 = VECTOR('',#102,1.);
#102 = DIRECTION('',(-0.707106781187,0.707106781187,0.));
#103 = ORIENTED_EDGE('',*,*,#104,.F.);
#104 = EDGE_CURVE('',#105,#97,#107,.T.);
#105 = VERTEX_POINT('',#106);
#106 = CARTESIAN_POINT('',(-1.,-0.85,-0.597652));
#107 = LINE('',#108,#109);
#108 = CARTESIAN_POINT('',(-1.,-0.85,0.75));
#109 = VECTOR('',#110,1.);
#110 = DIRECTION('',(0.,0.,-1.));
#111 = ORIENTED_EDGE('',*,*,#112,.F.);
#112 = EDGE_CURVE('',#88,#105,#113,.T.);
#113 = LINE('',#114,#115);
#114 = CARTESIAN_POINT('',(-1.,-0.85,0.75));
#115 = VECTOR('',#116,1.);
#116 = DIRECTION('',(0.,0.,-1.));
#117 = PLANE('',#118);
#118 = AXIS2_PLACEMENT_3D('',#119,#120,#121);
#119 = CARTESIAN_POINT('',(-0.925,-0.925,0.75));
#120 = DIRECTION('',(-0.707106781187,-0.707106781187,0.));
#121 = DIRECTION('',(0.,0.,1.));
#122 = ADVANCED_FACE('',(#123),#156,.F.);
#123 = FACE_BOUND('',#124,.T.);
#124 = EDGE_LOOP('',(#125,#133,#134,#142,#150));
#125 = ORIENTED_EDGE('',*,*,#126,.F.);
#126 = EDGE_CURVE('',#50,#127,#129,.T.);
#127 = VERTEX_POINT('',#128);
#128 = CARTESIAN_POINT('',(1.,-0.85,0.75));
#129 = LINE('',#130,#131);
#130 = CARTESIAN_POINT('',(0.925,-0.925,0.75));
#131 = VECTOR('',#132,1.);
#132 = DIRECTION('',(0.707106781187,0.707106781187,0.));
#133 = ORIENTED_EDGE('',*,*,#57,.T.);
#134 = ORIENTED_EDGE('',*,*,#135,.T.);
#135 = EDGE_CURVE('',#58,#136,#138,.T.);
#136 = VERTEX_POINT('',#137);
#137 = CARTESIAN_POINT('',(1.,-0.85,-0.75));
#138 = LINE('',#139,#140);
#139 = CARTESIAN_POINT('',(0.425,-1.425,-0.75));
#140 = VECTOR('',#141,1.);
#141 = DIRECTION('',(0.707106781187,0.707106781187,0.));
#142 = ORIENTED_EDGE('',*,*,#143,.F.);
#143 = EDGE_CURVE('',#144,#136,#146,.T.);
#144 = VERTEX_POINT('',#145);
#145 = CARTESIAN_POINT('',(1.,-0.85,-0.597652));
#146 = LINE('',#147,#148);
#147 = CARTESIAN_POINT('',(1.,-0.85,0.75));
#148 = VECTOR('',#149,1.);
#149 = DIRECTION('',(0.,0.,-1.));
#150 = ORIENTED_EDGE('',*,*,#151,.F.);
#151 = EDGE_CURVE('',#127,#144,#152,.T.);
#152 = LINE('',#153,#154);
#153 = CARTESIAN_POINT('',(1.,-0.85,0.75));
#154 = VECTOR('',#155,1.);
#155 = DIRECTION('',(0.,0.,-1.));
#156 = PLANE('',#157);
#157 = AXIS2_PLACEMENT_3D('',#158,#159,#160);
#158 = CARTESIAN_POINT('',(0.925,-0.925,0.75));
#159 = DIRECTION('',(-0.707106781187,0.707106781187,0.));
#160 = DIRECTION('',(0.,0.,1.));
#161 = ADVANCED_FACE('',(#162),#173,.F.);
#162 = FACE_BOUND('',#163,.F.);
#163 = EDGE_LOOP('',(#164,#165,#166,#167));
#164 = ORIENTED_EDGE('',*,*,#96,.F.);
#165 = ORIENTED_EDGE('',*,*,#65,.T.);
#166 = ORIENTED_EDGE('',*,*,#135,.T.);
#167 = ORIENTED_EDGE('',*,*,#168,.T.);
#168 = EDGE_CURVE('',#136,#97,#169,.T.);
#169 = LINE('',#170,#171);
#170 = CARTESIAN_POINT('',(1.,-0.85,-0.75));
#171 = VECTOR('',#172,1.);
#172 = DIRECTION('',(-1.,-0.,-0.));
#173 = PLANE('',#174);
#174 = AXIS2_PLACEMENT_3D('',#175,#176,#177);
#175 = CARTESIAN_POINT('',(-1.,-1.,-0.75));
#176 = DIRECTION('',(0.,0.,1.));
#177 = DIRECTION('',(0.,1.,0.));
#178 = ADVANCED_FACE('',(#179),#204,.F.);
#179 = FACE_BOUND('',#180,.F.);
#180 = EDGE_LOOP('',(#181,#182,#190,#198));
#181 = ORIENTED_EDGE('',*,*,#112,.T.);
#182 = ORIENTED_EDGE('',*,*,#183,.F.);
#183 = EDGE_CURVE('',#184,#105,#186,.T.);
#184 = VERTEX_POINT('',#185);
#185 = CARTESIAN_POINT('',(-1.,0.85,-0.597652));
#186 = LINE('',#187,#188);
#187 = CARTESIAN_POINT('',(-1.,0.85,-0.597652));
#188 = VECTOR('',#189,1.);
#189 = DIRECTION('',(0.,-1.,0.));
#190 = ORIENTED_EDGE('',*,*,#191,.T.);
#191 = EDGE_CURVE('',#184,#192,#194,.T.);
#192 = VERTEX_POINT('',#193);
#193 = CARTESIAN_POINT('',(-1.,0.85,0.75));
#194 = LINE('',#195,#196);
#195 = CARTESIAN_POINT('',(-1.,0.85,-0.75));
#196 = VECTOR('',#197,1.);
#197 = DIRECTION('',(0.,0.,1.));
#198 = ORIENTED_EDGE('',*,*,#199,.T.);
#199 = EDGE_CURVE('',#192,#88,#200,.T.);
#200 = LINE('',#201,#202);
#201 = CARTESIAN_POINT('',(-1.,1.,0.75));
#202 = VECTOR('',#203,1.);
#203 = DIRECTION('',(0.,-1.,0.));
#204 = PLANE('',#205);
#205 = AXIS2_PLACEMENT_3D('',#206,#207,#208);
#206 = CARTESIAN_POINT('',(-1.,0.,0.));
#207 = DIRECTION('',(1.,0.,0.));
#208 = DIRECTION('',(0.,0.,1.));
#209 = ADVANCED_FACE('',(#210),#244,.F.);
#210 = FACE_BOUND('',#211,.F.);
#211 = EDGE_LOOP('',(#212,#222,#230,#238));
#212 = ORIENTED_EDGE('',*,*,#213,.T.);
#213 = EDGE_CURVE('',#214,#216,#218,.T.);
#214 = VERTEX_POINT('',#215);
#215 = CARTESIAN_POINT('',(-0.85,1.,-0.75));
#216 = VERTEX_POINT('',#217);
#217 = CARTESIAN_POINT('',(0.85,1.,-0.75));
#218 = LINE('',#219,#220);
#219 = CARTESIAN_POINT('',(-1.,1.,-0.75));
#220 = VECTOR('',#221,1.);
#221 = DIRECTION('',(1.,0.,0.));
#222 = ORIENTED_EDGE('',*,*,#223,.T.);
#223 = EDGE_CURVE('',#216,#224,#226,.T.);
#224 = VERTEX_POINT('',#225);
#225 = CARTESIAN_POINT('',(0.85,1.,0.75));
#226 = LINE('',#227,#228);
#227 = CARTESIAN_POINT('',(0.85,1.,-0.75));
#228 = VECTOR('',#229,1.);
#229 = DIRECTION('',(0.,0.,1.));
#230 = ORIENTED_EDGE('',*,*,#231,.F.);
#231 = EDGE_CURVE('',#232,#224,#234,.T.);
#232 = VERTEX_POINT('',#233);
#233 = CARTESIAN_POINT('',(-0.85,1.,0.75));
#234 = LINE('',#235,#236);
#235 = CARTESIAN_POINT('',(-1.,1.,0.75));
#236 = VECTOR('',#237,1.);
#237 = DIRECTION('',(1.,0.,0.));
#238 = ORIENTED_EDGE('',*,*,#239,.F.);
#239 = EDGE_CURVE('',#214,#232,#240,.T.);
#240 = LINE('',#241,#242);
#241 = CARTESIAN_POINT('',(-0.85,1.,-0.75));
#242 = VECTOR('',#243,1.);
#243 = DIRECTION('',(0.,0.,1.));
#244 = PLANE('',#245);
#245 = AXIS2_PLACEMENT_3D('',#246,#247,#248);
#246 = CARTESIAN_POINT('',(-1.,1.,-0.75));
#247 = DIRECTION('',(0.,-1.,0.));
#248 = DIRECTION('',(0.,0.,1.));
#249 = ADVANCED_FACE('',(#250),#274,.T.);
#250 = FACE_BOUND('',#251,.F.);
#251 = EDGE_LOOP('',(#252,#260,#261,#267,#268));
#252 = ORIENTED_EDGE('',*,*,#253,.F.);
#253 = EDGE_CURVE('',#214,#254,#256,.T.);
#254 = VERTEX_POINT('',#255);
#255 = CARTESIAN_POINT('',(-1.,0.85,-0.75));
#256 = LINE('',#257,#258);
#257 = CARTESIAN_POINT('',(-1.425,0.425,-0.75));
#258 = VECTOR('',#259,1.);
#259 = DIRECTION('',(-0.707106781187,-0.707106781187,0.));
#260 = ORIENTED_EDGE('',*,*,#239,.T.);
#261 = ORIENTED_EDGE('',*,*,#262,.T.);
#262 = EDGE_CURVE('',#232,#192,#263,.T.);
#263 = LINE('',#264,#265);
#264 = CARTESIAN_POINT('',(-0.925,0.925,0.75));
#265 = VECTOR('',#266,1.);
#266 = DIRECTION('',(-0.707106781187,-0.707106781187,-0.));
#267 = ORIENTED_EDGE('',*,*,#191,.F.);
#268 = ORIENTED_EDGE('',*,*,#269,.F.);
#269 = EDGE_CURVE('',#254,#184,#270,.T.);
#270 = LINE('',#271,#272);
#271 = CARTESIAN_POINT('',(-1.,0.85,-0.75));
#272 = VECTOR('',#273,1.);
#273 = DIRECTION('',(0.,0.,1.));
#274 = PLANE('',#275);
#275 = AXIS2_PLACEMENT_3D('',#276,#277,#278);
#276 = CARTESIAN_POINT('',(-0.925,0.925,-0.75));
#277 = DIRECTION('',(-0.707106781187,0.707106781187,0.));
#278 = DIRECTION('',(-0.,-0.,-1.));
#279 = ADVANCED_FACE('',(#280),#313,.F.);
#280 = FACE_BOUND('',#281,.T.);
#281 = EDGE_LOOP('',(#282,#290,#291,#299,#307));
#282 = ORIENTED_EDGE('',*,*,#283,.F.);
#283 = EDGE_CURVE('',#216,#284,#286,.T.);
#284 = VERTEX_POINT('',#285);
#285 = CARTESIAN_POINT('',(1.,0.85,-0.75));
#286 = LINE('',#287,#288);
#287 = CARTESIAN_POINT('',(0.925,0.925,-0.75));
#288 = VECTOR('',#289,1.);
#289 = DIRECTION('',(0.707106781187,-0.707106781187,0.));
#290 = ORIENTED_EDGE('',*,*,#223,.T.);
#291 = ORIENTED_EDGE('',*,*,#292,.T.);
#292 = EDGE_CURVE('',#224,#293,#295,.T.);
#293 = VERTEX_POINT('',#294);
#294 = CARTESIAN_POINT('',(1.,0.85,0.75));
#295 = LINE('',#296,#297);
#296 = CARTESIAN_POINT('',(0.425,1.425,0.75));
#297 = VECTOR('',#298,1.);
#298 = DIRECTION('',(0.707106781187,-0.707106781187,0.));
#299 = ORIENTED_EDGE('',*,*,#300,.F.);
#300 = EDGE_CURVE('',#301,#293,#303,.T.);
#301 = VERTEX_POINT('',#302);
#302 = CARTESIAN_POINT('',(1.,0.85,-0.597652));
#303 = LINE('',#304,#305);
#304 = CARTESIAN_POINT('',(1.,0.85,-0.75));
#305 = VECTOR('',#306,1.);
#306 = DIRECTION('',(0.,0.,1.));
#307 = ORIENTED_EDGE('',*,*,#308,.F.);
#308 = EDGE_CURVE('',#284,#301,#309,.T.);
#309 = LINE('',#310,#311);
#310 = CARTESIAN_POINT('',(1.,0.85,-0.75));
#311 = VECTOR('',#312,1.);
#312 = DIRECTION('',(0.,0.,1.));
#313 = PLANE('',#314);
#314 = AXIS2_PLACEMENT_3D('',#315,#316,#317);
#315 = CARTESIAN_POINT('',(0.925,0.925,-0.75));
#316 = DIRECTION('',(-0.707106781187,-0.707106781187,0.));
#317 = DIRECTION('',(-0.,-0.,-1.));
#318 = ADVANCED_FACE('',(#319),#345,.T.);
#319 = FACE_BOUND('',#320,.F.);
#320 = EDGE_LOOP('',(#321,#329,#337,#343,#344));
#321 = ORIENTED_EDGE('',*,*,#322,.F.);
#322 = EDGE_CURVE('',#323,#127,#325,.T.);
#323 = VERTEX_POINT('',#324);
#324 = CARTESIAN_POINT('',(1.15,-1.,0.75));
#325 = LINE('',#326,#327);
#326 = CARTESIAN_POINT('',(0.575,-0.425,0.75));
#327 = VECTOR('',#328,1.);
#328 = DIRECTION('',(-0.707106781187,0.707106781187,0.));
#329 = ORIENTED_EDGE('',*,*,#330,.T.);
#330 = EDGE_CURVE('',#323,#331,#333,.T.);
#331 = VERTEX_POINT('',#332);
#332 = CARTESIAN_POINT('',(1.15,-1.,-0.75));
#333 = LINE('',#334,#335);
#334 = CARTESIAN_POINT('',(1.15,-1.,0.75));
#335 = VECTOR('',#336,1.);
#336 = DIRECTION('',(0.,0.,-1.));
#337 = ORIENTED_EDGE('',*,*,#338,.T.);
#338 = EDGE_CURVE('',#331,#136,#339,.T.);
#339 = LINE('',#340,#341);
#340 = CARTESIAN_POINT('',(1.075,-0.925,-0.75));
#341 = VECTOR('',#342,1.);
#342 = DIRECTION('',(-0.707106781187,0.707106781187,0.));
#343 = ORIENTED_EDGE('',*,*,#143,.F.);
#344 = ORIENTED_EDGE('',*,*,#151,.F.);
#345 = PLANE('',#346);
#346 = AXIS2_PLACEMENT_3D('',#347,#348,#349);
#347 = CARTESIAN_POINT('',(1.075,-0.925,0.75));
#348 = DIRECTION('',(-0.707106781187,-0.707106781187,0.));
#349 = DIRECTION('',(0.,0.,1.));
#350 = ADVANCED_FACE('',(#351),#362,.F.);
#351 = FACE_BOUND('',#352,.F.);
#352 = EDGE_LOOP('',(#353,#354,#360,#361));
#353 = ORIENTED_EDGE('',*,*,#253,.T.);
#354 = ORIENTED_EDGE('',*,*,#355,.F.);
#355 = EDGE_CURVE('',#284,#254,#356,.T.);
#356 = LINE('',#357,#358);
#357 = CARTESIAN_POINT('',(1.,0.85,-0.75));
#358 = VECTOR('',#359,1.);
#359 = DIRECTION('',(-1.,-0.,-0.));
#360 = ORIENTED_EDGE('',*,*,#283,.F.);
#361 = ORIENTED_EDGE('',*,*,#213,.F.);
#362 = PLANE('',#363);
#363 = AXIS2_PLACEMENT_3D('',#364,#365,#366);
#364 = CARTESIAN_POINT('',(-1.,-1.,-0.75));
#365 = DIRECTION('',(0.,0.,1.));
#366 = DIRECTION('',(0.,1.,0.));
#367 = ADVANCED_FACE('',(#368),#394,.T.);
#368 = FACE_BOUND('',#369,.F.);
#369 = EDGE_LOOP('',(#370,#378,#386,#392,#393));
#370 = ORIENTED_EDGE('',*,*,#371,.F.);
#371 = EDGE_CURVE('',#372,#284,#374,.T.);
#372 = VERTEX_POINT('',#373);
#373 = CARTESIAN_POINT('',(1.15,1.,-0.75));
#374 = LINE('',#375,#376);
#375 = CARTESIAN_POINT('',(0.575,0.425,-0.75));
#376 = VECTOR('',#377,1.);
#377 = DIRECTION('',(-0.707106781187,-0.707106781187,0.));
#378 = ORIENTED_EDGE('',*,*,#379,.T.);
#379 = EDGE_CURVE('',#372,#380,#382,.T.);
#380 = VERTEX_POINT('',#381);
#381 = CARTESIAN_POINT('',(1.15,1.,0.75));
#382 = LINE('',#383,#384);
#383 = CARTESIAN_POINT('',(1.15,1.,-0.75));
#384 = VECTOR('',#385,1.);
#385 = DIRECTION('',(0.,0.,1.));
#386 = ORIENTED_EDGE('',*,*,#387,.T.);
#387 = EDGE_CURVE('',#380,#293,#388,.T.);
#388 = LINE('',#389,#390);
#389 = CARTESIAN_POINT('',(1.075,0.925,0.75));
#390 = VECTOR('',#391,1.);
#391 = DIRECTION('',(-0.707106781187,-0.707106781187,-0.));
#392 = ORIENTED_EDGE('',*,*,#300,.F.);
#393 = ORIENTED_EDGE('',*,*,#308,.F.);
#394 = PLANE('',#395);
#395 = AXIS2_PLACEMENT_3D('',#396,#397,#398);
#396 = CARTESIAN_POINT('',(1.075,0.925,-0.75));
#397 = DIRECTION('',(-0.707106781187,0.707106781187,0.));
#398 = DIRECTION('',(-0.,-0.,-1.));
#399 = ADVANCED_FACE('',(#400),#425,.F.);
#400 = FACE_BOUND('',#401,.F.);
#401 = EDGE_LOOP('',(#402,#410,#418,#424));
#402 = ORIENTED_EDGE('',*,*,#403,.T.);
#403 = EDGE_CURVE('',#372,#404,#406,.T.);
#404 = VERTEX_POINT('',#405);
#405 = CARTESIAN_POINT('',(2.85,1.,-0.75));
#406 = LINE('',#407,#408);
#407 = CARTESIAN_POINT('',(1.,1.,-0.75));
#408 = VECTOR('',#409,1.);
#409 = DIRECTION('',(1.,0.,0.));
#410 = ORIENTED_EDGE('',*,*,#411,.T.);
#411 = EDGE_CURVE('',#404,#412,#414,.T.);
#412 = VERTEX_POINT('',#413);
#413 = CARTESIAN_POINT('',(2.85,1.,0.75));
#414 = LINE('',#415,#416);
#415 = CARTESIAN_POINT('',(2.85,1.,-0.75));
#416 = VECTOR('',#417,1.);
#417 = DIRECTION('',(0.,0.,1.));
#418 = ORIENTED_EDGE('',*,*,#419,.F.);
#419 = EDGE_CURVE('',#380,#412,#420,.T.);
#420 = LINE('',#421,#422);
#421 = CARTESIAN_POINT('',(1.,1.,0.75));
#422 = VECTOR('',#423,1.);
#423 = DIRECTION('',(1.,0.,0.));
#424 = ORIENTED_EDGE('',*,*,#379,.F.);
#425 = PLANE('',#426);
#426 = AXIS2_PLACEMENT_3D('',#427,#428,#429);
#427 = CARTESIAN_POINT('',(1.,1.,-0.75));
#428 = DIRECTION('',(0.,-1.,0.));
#429 = DIRECTION('',(0.,0.,1.));
#430 = ADVANCED_FACE('',(#431),#464,.F.);
#431 = FACE_BOUND('',#432,.T.);
#432 = EDGE_LOOP('',(#433,#441,#442,#450,#458));
#433 = ORIENTED_EDGE('',*,*,#434,.F.);
#434 = EDGE_CURVE('',#404,#435,#437,.T.);
#435 = VERTEX_POINT('',#436);
#436 = CARTESIAN_POINT('',(3.,0.85,-0.75));
#437 = LINE('',#438,#439);
#438 = CARTESIAN_POINT('',(2.925,0.925,-0.75));
#439 = VECTOR('',#440,1.);
#440 = DIRECTION('',(0.707106781187,-0.707106781187,0.));
#441 = ORIENTED_EDGE('',*,*,#411,.T.);
#442 = ORIENTED_EDGE('',*,*,#443,.T.);
#443 = EDGE_CURVE('',#412,#444,#446,.T.);
#444 = VERTEX_POINT('',#445);
#445 = CARTESIAN_POINT('',(3.,0.85,0.75));
#446 = LINE('',#447,#448);
#447 = CARTESIAN_POINT('',(2.425,1.425,0.75));
#448 = VECTOR('',#449,1.);
#449 = DIRECTION('',(0.707106781187,-0.707106781187,0.));
#450 = ORIENTED_EDGE('',*,*,#451,.F.);
#451 = EDGE_CURVE('',#452,#444,#454,.T.);
#452 = VERTEX_POINT('',#453);
#453 = CARTESIAN_POINT('',(3.,0.85,-0.597652));
#454 = LINE('',#455,#456);
#455 = CARTESIAN_POINT('',(3.,0.85,-0.75));
#456 = VECTOR('',#457,1.);
#457 = DIRECTION('',(0.,0.,1.));
#458 = ORIENTED_EDGE('',*,*,#459,.F.);
#459 = EDGE_CURVE('',#435,#452,#460,.T.);
#460 = LINE('',#461,#462);
#461 = CARTESIAN_POINT('',(3.,0.85,-0.75));
#462 = VECTOR('',#463,1.);
#463 = DIRECTION('',(0.,0.,1.));
#464 = PLANE('',#465);
#465 = AXIS2_PLACEMENT_3D('',#466,#467,#468);
#466 = CARTESIAN_POINT('',(2.925,0.925,-0.75));
#467 = DIRECTION('',(-0.707106781187,-0.707106781187,0.));
#468 = DIRECTION('',(-0.,-0.,-1.));
#469 = ADVANCED_FACE('',(#470),#495,.F.);
#470 = FACE_BOUND('',#471,.F.);
#471 = EDGE_LOOP('',(#472,#480,#488,#494));
#472 = ORIENTED_EDGE('',*,*,#473,.T.);
#473 = EDGE_CURVE('',#323,#474,#476,.T.);
#474 = VERTEX_POINT('',#475);
#475 = CARTESIAN_POINT('',(2.85,-1.,0.75));
#476 = LINE('',#477,#478);
#477 = CARTESIAN_POINT('',(1.,-1.,0.75));
#478 = VECTOR('',#479,1.);
#479 = DIRECTION('',(1.,0.,0.));
#480 = ORIENTED_EDGE('',*,*,#481,.T.);
#481 = EDGE_CURVE('',#474,#482,#484,.T.);
#482 = VERTEX_POINT('',#483);
#483 = CARTESIAN_POINT('',(2.85,-1.,-0.75));
#484 = LINE('',#485,#486);
#485 = CARTESIAN_POINT('',(2.85,-1.,0.75));
#486 = VECTOR('',#487,1.);
#487 = DIRECTION('',(0.,0.,-1.));
#488 = ORIENTED_EDGE('',*,*,#489,.F.);
#489 = EDGE_CURVE('',#331,#482,#490,.T.);
#490 = LINE('',#491,#492);
#491 = CARTESIAN_POINT('',(1.,-1.,-0.75));
#492 = VECTOR('',#493,1.);
#493 = DIRECTION('',(1.,0.,0.));
#494 = ORIENTED_EDGE('',*,*,#330,.F.);
#495 = PLANE('',#496);
#496 = AXIS2_PLACEMENT_3D('',#497,#498,#499);
#497 = CARTESIAN_POINT('',(1.,-1.,0.75));
#498 = DIRECTION('',(0.,1.,0.));
#499 = DIRECTION('',(0.,0.,-1.));
#500 = ADVANCED_FACE('',(#501),#534,.F.);
#501 = FACE_BOUND('',#502,.T.);
#502 = EDGE_LOOP('',(#503,#511,#512,#520,#528));
#503 = ORIENTED_EDGE('',*,*,#504,.F.);
#504 = EDGE_CURVE('',#474,#505,#507,.T.);
#505 = VERTEX_POINT('',#506);
#506 = CARTESIAN_POINT('',(3.,-0.85,0.75));
#507 = LINE('',#508,#509);
#508 = CARTESIAN_POINT('',(2.925,-0.925,0.75));
#509 = VECTOR('',#510,1.);
#510 = DIRECTION('',(0.707106781187,0.707106781187,0.));
#511 = ORIENTED_EDGE('',*,*,#481,.T.);
#512 = ORIENTED_EDGE('',*,*,#513,.T.);
#513 = EDGE_CURVE('',#482,#514,#516,.T.);
#514 = VERTEX_POINT('',#515);
#515 = CARTESIAN_POINT('',(3.,-0.85,-0.75));
#516 = LINE('',#517,#518);
#517 = CARTESIAN_POINT('',(2.425,-1.425,-0.75));
#518 = VECTOR('',#519,1.);
#519 = DIRECTION('',(0.707106781187,0.707106781187,0.));
#520 = ORIENTED_EDGE('',*,*,#521,.F.);
#521 = EDGE_CURVE('',#522,#514,#524,.T.);
#522 = VERTEX_POINT('',#523);
#523 = CARTESIAN_POINT('',(3.,-0.85,-0.597652));
#524 = LINE('',#525,#526);
#525 = CARTESIAN_POINT('',(3.,-0.85,0.75));
#526 = VECTOR('',#527,1.);
#527 = DIRECTION('',(0.,0.,-1.));
#528 = ORIENTED_EDGE('',*,*,#529,.F.);
#529 = EDGE_CURVE('',#505,#522,#530,.T.);
#530 = LINE('',#531,#532);
#531 = CARTESIAN_POINT('',(3.,-0.85,0.75));
#532 = VECTOR('',#533,1.);
#533 = DIRECTION('',(0.,0.,-1.));
#534 = PLANE('',#535);
#535 = AXIS2_PLACEMENT_3D('',#536,#537,#538);
#536 = CARTESIAN_POINT('',(2.925,-0.925,0.75));
#537 = DIRECTION('',(-0.707106781187,0.707106781187,0.));
#538 = DIRECTION('',(0.,0.,1.));
#539 = ADVANCED_FACE('',(#540),#551,.F.);
#540 = FACE_BOUND('',#541,.F.);
#541 = EDGE_LOOP('',(#542,#543,#544,#545));
#542 = ORIENTED_EDGE('',*,*,#338,.F.);
#543 = ORIENTED_EDGE('',*,*,#489,.T.);
#544 = ORIENTED_EDGE('',*,*,#513,.T.);
#545 = ORIENTED_EDGE('',*,*,#546,.T.);
#546 = EDGE_CURVE('',#514,#136,#547,.T.);
#547 = LINE('',#548,#549);
#548 = CARTESIAN_POINT('',(3.,-0.85,-0.75));
#549 = VECTOR('',#550,1.);
#550 = DIRECTION('',(-1.,-0.,-0.));
#551 = PLANE('',#552);
#552 = AXIS2_PLACEMENT_3D('',#553,#554,#555);
#553 = CARTESIAN_POINT('',(1.,-1.,-0.75));
#554 = DIRECTION('',(0.,0.,1.));
#555 = DIRECTION('',(0.,1.,0.));
#556 = ADVANCED_FACE('',(#557),#568,.F.);
#557 = FACE_BOUND('',#558,.F.);
#558 = EDGE_LOOP('',(#559,#560,#566,#567));
#559 = ORIENTED_EDGE('',*,*,#371,.T.);
#560 = ORIENTED_EDGE('',*,*,#561,.F.);
#561 = EDGE_CURVE('',#435,#284,#562,.T.);
#562 = LINE('',#563,#564);
#563 = CARTESIAN_POINT('',(3.,0.85,-0.75));
#564 = VECTOR('',#565,1.);
#565 = DIRECTION('',(-1.,-0.,-0.));
#566 = ORIENTED_EDGE('',*,*,#434,.F.);
#567 = ORIENTED_EDGE('',*,*,#403,.F.);
#568 = PLANE('',#569);
#569 = AXIS2_PLACEMENT_3D('',#570,#571,#572);
#570 = CARTESIAN_POINT('',(1.,-1.,-0.75));
#571 = DIRECTION('',(0.,0.,1.));
#572 = DIRECTION('',(0.,1.,0.));
#573 = ADVANCED_FACE('',(#574),#600,.T.);
#574 = FACE_BOUND('',#575,.F.);
#575 = EDGE_LOOP('',(#576,#584,#592,#598,#599));
#576 = ORIENTED_EDGE('',*,*,#577,.F.);
#577 = EDGE_CURVE('',#578,#435,#580,.T.);
#578 = VERTEX_POINT('',#579);
#579 = CARTESIAN_POINT('',(3.15,1.,-0.75));
#580 = LINE('',#581,#582);
#581 = CARTESIAN_POINT('',(2.575,0.425,-0.75));
#582 = VECTOR('',#583,1.);
#583 = DIRECTION('',(-0.707106781187,-0.707106781187,0.));
#584 = ORIENTED_EDGE('',*,*,#585,.T.);
#585 = EDGE_CURVE('',#578,#586,#588,.T.);
#586 = VERTEX_POINT('',#587);
#587 = CARTESIAN_POINT('',(3.15,1.,0.75));
#588 = LINE('',#589,#590);
#589 = CARTESIAN_POINT('',(3.15,1.,-0.75));
#590 = VECTOR('',#591,1.);
#591 = DIRECTION('',(0.,0.,1.));
#592 = ORIENTED_EDGE('',*,*,#593,.T.);
#593 = EDGE_CURVE('',#586,#444,#594,.T.);
#594 = LINE('',#595,#596);
#595 = CARTESIAN_POINT('',(3.075,0.925,0.75));
#596 = VECTOR('',#597,1.);
#597 = DIRECTION('',(-0.707106781187,-0.707106781187,-0.));
#598 = ORIENTED_EDGE('',*,*,#451,.F.);
#599 = ORIENTED_EDGE('',*,*,#459,.F.);
#600 = PLANE('',#601);
#601 = AXIS2_PLACEMENT_3D('',#602,#603,#604);
#602 = CARTESIAN_POINT('',(3.075,0.925,-0.75));
#603 = DIRECTION('',(-0.707106781187,0.707106781187,0.));
#604 = DIRECTION('',(-0.,-0.,-1.));
#605 = ADVANCED_FACE('',(#606),#631,.F.);
#606 = FACE_BOUND('',#607,.F.);
#607 = EDGE_LOOP('',(#608,#616,#624,#630));
#608 = ORIENTED_EDGE('',*,*,#609,.T.);
#609 = EDGE_CURVE('',#578,#610,#612,.T.);
#610 = VERTEX_POINT('',#611);
#611 = CARTESIAN_POINT('',(4.85,1.,-0.75));
#612 = LINE('',#613,#614);
#613 = CARTESIAN_POINT('',(3.,1.,-0.75));
#614 = VECTOR('',#615,1.);
#615 = DIRECTION('',(1.,0.,0.));
#616 = ORIENTED_EDGE('',*,*,#617,.T.);
#617 = EDGE_CURVE('',#610,#618,#620,.T.);
#618 = VERTEX_POINT('',#619);
#619 = CARTESIAN_POINT('',(4.85,1.,0.75));
#620 = LINE('',#621,#622);
#621 = CARTESIAN_POINT('',(4.85,1.,-0.75));
#622 = VECTOR('',#623,1.);
#623 = DIRECTION('',(0.,0.,1.));
#624 = ORIENTED_EDGE('',*,*,#625,.F.);
#625 = EDGE_CURVE('',#586,#618,#626,.T.);
#626 = LINE('',#627,#628);
#627 = CARTESIAN_POINT('',(3.,1.,0.75));
#628 = VECTOR('',#629,1.);
#629 = DIRECTION('',(1.,0.,0.));
#630 = ORIENTED_EDGE('',*,*,#585,.F.);
#631 = PLANE('',#632);
#632 = AXIS2_PLACEMENT_3D('',#633,#634,#635);
#633 = CARTESIAN_POINT('',(3.,1.,-0.75));
#634 = DIRECTION('',(0.,-1.,0.));
#635 = DIRECTION('',(0.,0.,1.));
#636 = ADVANCED_FACE('',(#637),#670,.F.);
#637 = FACE_BOUND('',#638,.T.);
#638 = EDGE_LOOP('',(#639,#647,#648,#656,#664));
#639 = ORIENTED_EDGE('',*,*,#640,.F.);
#640 = EDGE_CURVE('',#610,#641,#643,.T.);
#641 = VERTEX_POINT('',#642);
#642 = CARTESIAN_POINT('',(5.,0.85,-0.75));
#643 = LINE('',#644,#645);
#644 = CARTESIAN_POINT('',(4.925,0.925,-0.75));
#645 = VECTOR('',#646,1.);
#646 = DIRECTION('',(0.707106781187,-0.707106781187,0.));
#647 = ORIENTED_EDGE('',*,*,#617,.T.);
#648 = ORIENTED_EDGE('',*,*,#649,.T.);
#649 = EDGE_CURVE('',#618,#650,#652,.T.);
#650 = VERTEX_POINT('',#651);
#651 = CARTESIAN_POINT('',(5.,0.85,0.75));
#652 = LINE('',#653,#654);
#653 = CARTESIAN_POINT('',(4.425,1.425,0.75));
#654 = VECTOR('',#655,1.);
#655 = DIRECTION('',(0.707106781187,-0.707106781187,0.));
#656 = ORIENTED_EDGE('',*,*,#657,.F.);
#657 = EDGE_CURVE('',#658,#650,#660,.T.);
#658 = VERTEX_POINT('',#659);
#659 = CARTESIAN_POINT('',(5.,0.85,-0.597652));
#660 = LINE('',#661,#662);
#661 = CARTESIAN_POINT('',(5.,0.85,-0.75));
#662 = VECTOR('',#663,1.);
#663 = DIRECTION('',(0.,0.,1.));
#664 = ORIENTED_EDGE('',*,*,#665,.F.);
#665 = EDGE_CURVE('',#641,#658,#666,.T.);
#666 = LINE('',#667,#668);
#667 = CARTESIAN_POINT('',(5.,0.85,-0.75));
#668 = VECTOR('',#669,1.);
#669 = DIRECTION('',(0.,0.,1.));
#670 = PLANE('',#671);
#671 = AXIS2_PLACEMENT_3D('',#672,#673,#674);
#672 = CARTESIAN_POINT('',(4.925,0.925,-0.75));
#673 = DIRECTION('',(-0.707106781187,-0.707106781187,0.));
#674 = DIRECTION('',(-0.,-0.,-1.));
#675 = ADVANCED_FACE('',(#676),#702,.T.);
#676 = FACE_BOUND('',#677,.F.);
#677 = EDGE_LOOP('',(#678,#686,#694,#700,#701));
#678 = ORIENTED_EDGE('',*,*,#679,.F.);
#679 = EDGE_CURVE('',#680,#505,#682,.T.);
#680 = VERTEX_POINT('',#681);
#681 = CARTESIAN_POINT('',(3.15,-1.,0.75));
#682 = LINE('',#683,#684);
#683 = CARTESIAN_POINT('',(2.575,-0.425,0.75));
#684 = VECTOR('',#685,1.);
#685 = DIRECTION('',(-0.707106781187,0.707106781187,0.));
#686 = ORIENTED_EDGE('',*,*,#687,.T.);
#687 = EDGE_CURVE('',#680,#688,#690,.T.);
#688 = VERTEX_POINT('',#689);
#689 = CARTESIAN_POINT('',(3.15,-1.,-0.75));
#690 = LINE('',#691,#692);
#691 = CARTESIAN_POINT('',(3.15,-1.,0.75));
#692 = VECTOR('',#693,1.);
#693 = DIRECTION('',(0.,0.,-1.));
#694 = ORIENTED_EDGE('',*,*,#695,.T.);
#695 = EDGE_CURVE('',#688,#514,#696,.T.);
#696 = LINE('',#697,#698);
#697 = CARTESIAN_POINT('',(3.075,-0.925,-0.75));
#698 = VECTOR('',#699,1.);
#699 = DIRECTION('',(-0.707106781187,0.707106781187,0.));
#700 = ORIENTED_EDGE('',*,*,#521,.F.);
#701 = ORIENTED_EDGE('',*,*,#529,.F.);
#702 = PLANE('',#703);
#703 = AXIS2_PLACEMENT_3D('',#704,#705,#706);
#704 = CARTESIAN_POINT('',(3.075,-0.925,0.75));
#705 = DIRECTION('',(-0.707106781187,-0.707106781187,0.));
#706 = DIRECTION('',(0.,0.,1.));
#707 = ADVANCED_FACE('',(#708),#733,.F.);
#708 = FACE_BOUND('',#709,.F.);
#709 = EDGE_LOOP('',(#710,#718,#726,#732));
#710 = ORIENTED_EDGE('',*,*,#711,.T.);
#711 = EDGE_CURVE('',#680,#712,#714,.T.);
#712 = VERTEX_POINT('',#713);
#713 = CARTESIAN_POINT('',(4.85,-1.,0.75));
#714 = LINE('',#715,#716);
#715 = CARTESIAN_POINT('',(3.,-1.,0.75));
#716 = VECTOR('',#717,1.);
#717 = DIRECTION('',(1.,0.,0.));
#718 = ORIENTED_EDGE('',*,*,#719,.T.);
#719 = EDGE_CURVE('',#712,#720,#722,.T.);
#720 = VERTEX_POINT('',#721);
#721 = CARTESIAN_POINT('',(4.85,-1.,-0.75));
#722 = LINE('',#723,#724);
#723 = CARTESIAN_POINT('',(4.85,-1.,0.75));
#724 = VECTOR('',#725,1.);
#725 = DIRECTION('',(0.,0.,-1.));
#726 = ORIENTED_EDGE('',*,*,#727,.F.);
#727 = EDGE_CURVE('',#688,#720,#728,.T.);
#728 = LINE('',#729,#730);
#729 = CARTESIAN_POINT('',(3.,-1.,-0.75));
#730 = VECTOR('',#731,1.);
#731 = DIRECTION('',(1.,0.,0.));
#732 = ORIENTED_EDGE('',*,*,#687,.F.);
#733 = PLANE('',#734);
#734 = AXIS2_PLACEMENT_3D('',#735,#736,#737);
#735 = CARTESIAN_POINT('',(3.,-1.,0.75));
#736 = DIRECTION('',(0.,1.,0.));
#737 = DIRECTION('',(0.,0.,-1.));
#738 = ADVANCED_FACE('',(#739),#772,.F.);
#739 = FACE_BOUND('',#740,.T.);
#740 = EDGE_LOOP('',(#741,#749,#750,#758,#766));
#741 = ORIENTED_EDGE('',*,*,#742,.F.);
#742 = EDGE_CURVE('',#712,#743,#745,.T.);
#743 = VERTEX_POINT('',#744);
#744 = CARTESIAN_POINT('',(5.,-0.85,0.75));
#745 = LINE('',#746,#747);
#746 = CARTESIAN_POINT('',(4.925,-0.925,0.75));
#747 = VECTOR('',#748,1.);
#748 = DIRECTION('',(0.707106781187,0.707106781187,0.));
#749 = ORIENTED_EDGE('',*,*,#719,.T.);
#750 = ORIENTED_EDGE('',*,*,#751,.T.);
#751 = EDGE_CURVE('',#720,#752,#754,.T.);
#752 = VERTEX_POINT('',#753);
#753 = CARTESIAN_POINT('',(5.,-0.85,-0.75));
#754 = LINE('',#755,#756);
#755 = CARTESIAN_POINT('',(4.425,-1.425,-0.75));
#756 = VECTOR('',#757,1.);
#757 = DIRECTION('',(0.707106781187,0.707106781187,0.));
#758 = ORIENTED_EDGE('',*,*,#759,.F.);
#759 = EDGE_CURVE('',#760,#752,#762,.T.);
#760 = VERTEX_POINT('',#761);
#761 = CARTESIAN_POINT('',(5.,-0.85,-0.597652));
#762 = LINE('',#763,#764);
#763 = CARTESIAN_POINT('',(5.,-0.85,0.75));
#764 = VECTOR('',#765,1.);
#765 = DIRECTION('',(0.,0.,-1.));
#766 = ORIENTED_EDGE('',*,*,#767,.F.);
#767 = EDGE_CURVE('',#743,#760,#768,.T.);
#768 = LINE('',#769,#770);
#769 = CARTESIAN_POINT('',(5.,-0.85,0.75));
#770 = VECTOR('',#771,1.);
#771 = DIRECTION('',(0.,0.,-1.));
#772 = PLANE('',#773);
#773 = AXIS2_PLACEMENT_3D('',#774,#775,#776);
#774 = CARTESIAN_POINT('',(4.925,-0.925,0.75));
#775 = DIRECTION('',(-0.707106781187,0.707106781187,0.));
#776 = DIRECTION('',(0.,0.,1.));
#777 = ADVANCED_FACE('',(#778),#789,.F.);
#778 = FACE_BOUND('',#779,.F.);
#779 = EDGE_LOOP('',(#780,#781,#787,#788));
#780 = ORIENTED_EDGE('',*,*,#577,.T.);
#781 = ORIENTED_EDGE('',*,*,#782,.F.);
#782 = EDGE_CURVE('',#641,#435,#783,.T.);
#783 = LINE('',#784,#785);
#784 = CARTESIAN_POINT('',(5.,0.85,-0.75));
#785 = VECTOR('',#786,1.);
#786 = DIRECTION('',(-1.,-0.,-0.));
#787 = ORIENTED_EDGE('',*,*,#640,.F.);
#788 = ORIENTED_EDGE('',*,*,#609,.F.);
#789 = PLANE('',#790);
#790 = AXIS2_PLACEMENT_3D('',#791,#792,#793);
#791 = CARTESIAN_POINT('',(3.,-1.,-0.75));
#792 = DIRECTION('',(0.,0.,1.));
#793 = DIRECTION('',(0.,1.,0.));
#794 = ADVANCED_FACE('',(#795),#821,.T.);
#795 = FACE_BOUND('',#796,.F.);
#796 = EDGE_LOOP('',(#797,#805,#813,#819,#820));
#797 = ORIENTED_EDGE('',*,*,#798,.F.);
#798 = EDGE_CURVE('',#799,#641,#801,.T.);
#799 = VERTEX_POINT('',#800);
#800 = CARTESIAN_POINT('',(5.15,1.,-0.75));
#801 = LINE('',#802,#803);
#802 = CARTESIAN_POINT('',(4.575,0.425,-0.75));
#803 = VECTOR('',#804,1.);
#804 = DIRECTION('',(-0.707106781187,-0.707106781187,0.));
#805 = ORIENTED_EDGE('',*,*,#806,.T.);
#806 = EDGE_CURVE('',#799,#807,#809,.T.);
#807 = VERTEX_POINT('',#808);
#808 = CARTESIAN_POINT('',(5.15,1.,0.75));
#809 = LINE('',#810,#811);
#810 = CARTESIAN_POINT('',(5.15,1.,-0.75));
#811 = VECTOR('',#812,1.);
#812 = DIRECTION('',(0.,0.,1.));
#813 = ORIENTED_EDGE('',*,*,#814,.T.);
#814 = EDGE_CURVE('',#807,#650,#815,.T.);
#815 = LINE('',#816,#817);
#816 = CARTESIAN_POINT('',(5.075,0.925,0.75));
#817 = VECTOR('',#818,1.);
#818 = DIRECTION('',(-0.707106781187,-0.707106781187,-0.));
#819 = ORIENTED_EDGE('',*,*,#657,.F.);
#820 = ORIENTED_EDGE('',*,*,#665,.F.);
#821 = PLANE('',#822);
#822 = AXIS2_PLACEMENT_3D('',#823,#824,#825);
#823 = CARTESIAN_POINT('',(5.075,0.925,-0.75));
#824 = DIRECTION('',(-0.707106781187,0.707106781187,0.));
#825 = DIRECTION('',(-0.,-0.,-1.));
#826 = ADVANCED_FACE('',(#827),#852,.F.);
#827 = FACE_BOUND('',#828,.F.);
#828 = EDGE_LOOP('',(#829,#837,#845,#851));
#829 = ORIENTED_EDGE('',*,*,#830,.T.);
#830 = EDGE_CURVE('',#799,#831,#833,.T.);
#831 = VERTEX_POINT('',#832);
#832 = CARTESIAN_POINT('',(6.85,1.,-0.75));
#833 = LINE('',#834,#835);
#834 = CARTESIAN_POINT('',(5.,1.,-0.75));
#835 = VECTOR('',#836,1.);
#836 = DIRECTION('',(1.,0.,0.));
#837 = ORIENTED_EDGE('',*,*,#838,.T.);
#838 = EDGE_CURVE('',#831,#839,#841,.T.);
#839 = VERTEX_POINT('',#840);
#840 = CARTESIAN_POINT('',(6.85,1.,0.75));
#841 = LINE('',#842,#843);
#842 = CARTESIAN_POINT('',(6.85,1.,-0.75));
#843 = VECTOR('',#844,1.);
#844 = DIRECTION('',(0.,0.,1.));
#845 = ORIENTED_EDGE('',*,*,#846,.F.);
#846 = EDGE_CURVE('',#807,#839,#847,.T.);
#847 = LINE('',#848,#849);
#848 = CARTESIAN_POINT('',(5.,1.,0.75));
#849 = VECTOR('',#850,1.);
#850 = DIRECTION('',(1.,0.,0.));
#851 = ORIENTED_EDGE('',*,*,#806,.F.);
#852 = PLANE('',#853);
#853 = AXIS2_PLACEMENT_3D('',#854,#855,#856);
#854 = CARTESIAN_POINT('',(5.,1.,-0.75));
#855 = DIRECTION('',(0.,-1.,0.));
#856 = DIRECTION('',(0.,0.,1.));
#857 = ADVANCED_FACE('',(#858),#891,.F.);
#858 = FACE_BOUND('',#859,.T.);
#859 = EDGE_LOOP('',(#860,#868,#869,#877,#885));
#860 = ORIENTED_EDGE('',*,*,#861,.F.);
#861 = EDGE_CURVE('',#831,#862,#864,.T.);
#862 = VERTEX_POINT('',#863);
#863 = CARTESIAN_POINT('',(7.,0.85,-0.75));
#864 = LINE('',#865,#866);
#865 = CARTESIAN_POINT('',(6.925,0.925,-0.75));
#866 = VECTOR('',#867,1.);
#867 = DIRECTION('',(0.707106781187,-0.707106781187,0.));
#868 = ORIENTED_EDGE('',*,*,#838,.T.);
#869 = ORIENTED_EDGE('',*,*,#870,.T.);
#870 = EDGE_CURVE('',#839,#871,#873,.T.);
#871 = VERTEX_POINT('',#872);
#872 = CARTESIAN_POINT('',(7.,0.85,0.75));
#873 = LINE('',#874,#875);
#874 = CARTESIAN_POINT('',(6.425,1.425,0.75));
#875 = VECTOR('',#876,1.);
#876 = DIRECTION('',(0.707106781187,-0.707106781187,0.));
#877 = ORIENTED_EDGE('',*,*,#878,.F.);
#878 = EDGE_CURVE('',#879,#871,#881,.T.);
#879 = VERTEX_POINT('',#880);
#880 = CARTESIAN_POINT('',(7.,0.85,-0.597652));
#881 = LINE('',#882,#883);
#882 = CARTESIAN_POINT('',(7.,0.85,-0.75));
#883 = VECTOR('',#884,1.);
#884 = DIRECTION('',(0.,0.,1.));
#885 = ORIENTED_EDGE('',*,*,#886,.F.);
#886 = EDGE_CURVE('',#862,#879,#887,.T.);
#887 = LINE('',#888,#889);
#888 = CARTESIAN_POINT('',(7.,0.85,-0.75));
#889 = VECTOR('',#890,1.);
#890 = DIRECTION('',(0.,0.,1.));
#891 = PLANE('',#892);
#892 = AXIS2_PLACEMENT_3D('',#893,#894,#895);
#893 = CARTESIAN_POINT('',(6.925,0.925,-0.75));
#894 = DIRECTION('',(-0.707106781187,-0.707106781187,0.));
#895 = DIRECTION('',(-0.,-0.,-1.));
#896 = ADVANCED_FACE('',(#897),#922,.T.);
#897 = FACE_BOUND('',#898,.T.);
#898 = EDGE_LOOP('',(#899,#909,#915,#916));
#899 = ORIENTED_EDGE('',*,*,#900,.T.);
#900 = EDGE_CURVE('',#901,#903,#905,.T.);
#901 = VERTEX_POINT('',#902);
#902 = CARTESIAN_POINT('',(7.,-0.85,0.75));
#903 = VERTEX_POINT('',#904);
#904 = CARTESIAN_POINT('',(7.,-0.85,-0.597652));
#905 = LINE('',#906,#907);
#906 = CARTESIAN_POINT('',(7.,-0.85,0.75));
#907 = VECTOR('',#908,1.);
#908 = DIRECTION('',(0.,0.,-1.));
#909 = ORIENTED_EDGE('',*,*,#910,.F.);
#910 = EDGE_CURVE('',#879,#903,#911,.T.);
#911 = LINE('',#912,#913);
#912 = CARTESIAN_POINT('',(7.,0.85,-0.597652));
#913 = VECTOR('',#914,1.);
#914 = DIRECTION('',(0.,-1.,0.));
#915 = ORIENTED_EDGE('',*,*,#878,.T.);
#916 = ORIENTED_EDGE('',*,*,#917,.T.);
#917 = EDGE_CURVE('',#871,#901,#918,.T.);
#918 = LINE('',#919,#920);
#919 = CARTESIAN_POINT('',(7.,1.,0.75));
#920 = VECTOR('',#921,1.);
#921 = DIRECTION('',(0.,-1.,0.));
#922 = PLANE('',#923);
#923 = AXIS2_PLACEMENT_3D('',#924,#925,#926);
#924 = CARTESIAN_POINT('',(7.,0.,0.));
#925 = DIRECTION('',(1.,0.,0.));
#926 = DIRECTION('',(0.,0.,1.));
#927 = ADVANCED_FACE('',(#928),#954,.T.);
#928 = FACE_BOUND('',#929,.F.);
#929 = EDGE_LOOP('',(#930,#938,#946,#952,#953));
#930 = ORIENTED_EDGE('',*,*,#931,.F.);
#931 = EDGE_CURVE('',#932,#743,#934,.T.);
#932 = VERTEX_POINT('',#933);
#933 = CARTESIAN_POINT('',(5.15,-1.,0.75));
#934 = LINE('',#935,#936);
#935 = CARTESIAN_POINT('',(4.575,-0.425,0.75));
#936 = VECTOR('',#937,1.);
#937 = DIRECTION('',(-0.707106781187,0.707106781187,0.));
#938 = ORIENTED_EDGE('',*,*,#939,.T.);
#939 = EDGE_CURVE('',#932,#940,#942,.T.);
#940 = VERTEX_POINT('',#941);
#941 = CARTESIAN_POINT('',(5.15,-1.,-0.75));
#942 = LINE('',#943,#944);
#943 = CARTESIAN_POINT('',(5.15,-1.,0.75));
#944 = VECTOR('',#945,1.);
#945 = DIRECTION('',(0.,0.,-1.));
#946 = ORIENTED_EDGE('',*,*,#947,.T.);
#947 = EDGE_CURVE('',#940,#752,#948,.T.);
#948 = LINE('',#949,#950);
#949 = CARTESIAN_POINT('',(5.075,-0.925,-0.75));
#950 = VECTOR('',#951,1.);
#951 = DIRECTION('',(-0.707106781187,0.707106781187,0.));
#952 = ORIENTED_EDGE('',*,*,#759,.F.);
#953 = ORIENTED_EDGE('',*,*,#767,.F.);
#954 = PLANE('',#955);
#955 = AXIS2_PLACEMENT_3D('',#956,#957,#958);
#956 = CARTESIAN_POINT('',(5.075,-0.925,0.75));
#957 = DIRECTION('',(-0.707106781187,-0.707106781187,0.));
#958 = DIRECTION('',(0.,0.,1.));
#959 = ADVANCED_FACE('',(#960),#993,.F.);
#960 = FACE_BOUND('',#961,.T.);
#961 = EDGE_LOOP('',(#962,#970,#978,#986,#992));
#962 = ORIENTED_EDGE('',*,*,#963,.F.);
#963 = EDGE_CURVE('',#964,#901,#966,.T.);
#964 = VERTEX_POINT('',#965);
#965 = CARTESIAN_POINT('',(6.85,-1.,0.75));
#966 = LINE('',#967,#968);
#967 = CARTESIAN_POINT('',(6.925,-0.925,0.75));
#968 = VECTOR('',#969,1.);
#969 = DIRECTION('',(0.707106781187,0.707106781187,0.));
#970 = ORIENTED_EDGE('',*,*,#971,.T.);
#971 = EDGE_CURVE('',#964,#972,#974,.T.);
#972 = VERTEX_POINT('',#973);
#973 = CARTESIAN_POINT('',(6.85,-1.,-0.75));
#974 = LINE('',#975,#976);
#975 = CARTESIAN_POINT('',(6.85,-1.,0.75));
#976 = VECTOR('',#977,1.);
#977 = DIRECTION('',(0.,0.,-1.));
#978 = ORIENTED_EDGE('',*,*,#979,.T.);
#979 = EDGE_CURVE('',#972,#980,#982,.T.);
#980 = VERTEX_POINT('',#981);
#981 = CARTESIAN_POINT('',(7.,-0.85,-0.75));
#982 = LINE('',#983,#984);
#983 = CARTESIAN_POINT('',(6.425,-1.425,-0.75));
#984 = VECTOR('',#985,1.);
#985 = DIRECTION('',(0.707106781187,0.707106781187,0.));
#986 = ORIENTED_EDGE('',*,*,#987,.F.);
#987 = EDGE_CURVE('',#903,#980,#988,.T.);
#988 = LINE('',#989,#990);
#989 = CARTESIAN_POINT('',(7.,-0.85,0.75));
#990 = VECTOR('',#991,1.);
#991 = DIRECTION('',(0.,0.,-1.));
#992 = ORIENTED_EDGE('',*,*,#900,.F.);
#993 = PLANE('',#994);
#994 = AXIS2_PLACEMENT_3D('',#995,#996,#997);
#995 = CARTESIAN_POINT('',(6.925,-0.925,0.75));
#996 = DIRECTION('',(-0.707106781187,0.707106781187,0.));
#997 = DIRECTION('',(0.,0.,1.));
#998 = ADVANCED_FACE('',(#999),#1015,.F.);
#999 = FACE_BOUND('',#1000,.F.);
#1000 = EDGE_LOOP('',(#1001,#1007,#1008,#1014));
#1001 = ORIENTED_EDGE('',*,*,#1002,.T.);
#1002 = EDGE_CURVE('',#932,#964,#1003,.T.);
#1003 = LINE('',#1004,#1005);
#1004 = CARTESIAN_POINT('',(5.,-1.,0.75));
#1005 = VECTOR('',#1006,1.);
#1006 = DIRECTION('',(1.,0.,0.));
#1007 = ORIENTED_EDGE('',*,*,#971,.T.);
#1008 = ORIENTED_EDGE('',*,*,#1009,.F.);
#1009 = EDGE_CURVE('',#940,#972,#1010,.T.);
#1010 = LINE('',#1011,#1012);
#1011 = CARTESIAN_POINT('',(5.,-1.,-0.75));
#1012 = VECTOR('',#1013,1.);
#1013 = DIRECTION('',(1.,0.,0.));
#1014 = ORIENTED_EDGE('',*,*,#939,.F.);
#1015 = PLANE('',#1016);
#1016 = AXIS2_PLACEMENT_3D('',#1017,#1018,#1019);
#1017 = CARTESIAN_POINT('',(5.,-1.,0.75));
#1018 = DIRECTION('',(0.,1.,0.));
#1019 = DIRECTION('',(0.,0.,-1.));
#1020 = ADVANCED_FACE('',(#1021),#1032,.F.);
#1021 = FACE_BOUND('',#1022,.F.);
#1022 = EDGE_LOOP('',(#1023,#1024,#1025,#1026));
#1023 = ORIENTED_EDGE('',*,*,#695,.F.);
#1024 = ORIENTED_EDGE('',*,*,#727,.T.);
#1025 = ORIENTED_EDGE('',*,*,#751,.T.);
#1026 = ORIENTED_EDGE('',*,*,#1027,.T.);
#1027 = EDGE_CURVE('',#752,#514,#1028,.T.);
#1028 = LINE('',#1029,#1030);
#1029 = CARTESIAN_POINT('',(5.,-0.85,-0.75));
#1030 = VECTOR('',#1031,1.);
#1031 = DIRECTION('',(-1.,-0.,-0.));
#1032 = PLANE('',#1033);
#1033 = AXIS2_PLACEMENT_3D('',#1034,#1035,#1036);
#1034 = CARTESIAN_POINT('',(3.,-1.,-0.75));
#1035 = DIRECTION('',(0.,0.,1.));
#1036 = DIRECTION('',(0.,1.,0.));
#1037 = ADVANCED_FACE('',(#1038),#1049,.F.);
#1038 = FACE_BOUND('',#1039,.F.);
#1039 = EDGE_LOOP('',(#1040,#1041,#1047,#1048));
#1040 = ORIENTED_EDGE('',*,*,#798,.T.);
#1041 = ORIENTED_EDGE('',*,*,#1042,.F.);
#1042 = EDGE_CURVE('',#862,#641,#1043,.T.);
#1043 = LINE('',#1044,#1045);
#1044 = CARTESIAN_POINT('',(7.,0.85,-0.75));
#1045 = VECTOR('',#1046,1.);
#1046 = DIRECTION('',(-1.,-0.,-0.));
#1047 = ORIENTED_EDGE('',*,*,#861,.F.);
#1048 = ORIENTED_EDGE('',*,*,#830,.F.);
#1049 = PLANE('',#1050);
#1050 = AXIS2_PLACEMENT_3D('',#1051,#1052,#1053);
#1051 = CARTESIAN_POINT('',(5.,-1.,-0.75));
#1052 = DIRECTION('',(0.,0.,1.));
#1053 = DIRECTION('',(0.,1.,0.));
#1054 = ADVANCED_FACE('',(#1055),#1066,.F.);
#1055 = FACE_BOUND('',#1056,.F.);
#1056 = EDGE_LOOP('',(#1057,#1058,#1059,#1060));
#1057 = ORIENTED_EDGE('',*,*,#947,.F.);
#1058 = ORIENTED_EDGE('',*,*,#1009,.T.);
#1059 = ORIENTED_EDGE('',*,*,#979,.T.);
#1060 = ORIENTED_EDGE('',*,*,#1061,.T.);
#1061 = EDGE_CURVE('',#980,#752,#1062,.T.);
#1062 = LINE('',#1063,#1064);
#1063 = CARTESIAN_POINT('',(7.,-0.85,-0.75));
#1064 = VECTOR('',#1065,1.);
#1065 = DIRECTION('',(-1.,-0.,-0.));
#1066 = PLANE('',#1067);
#1067 = AXIS2_PLACEMENT_3D('',#1068,#1069,#1070);
#1068 = CARTESIAN_POINT('',(5.,-1.,-0.75));
#1069 = DIRECTION('',(0.,0.,1.));
#1070 = DIRECTION('',(0.,1.,0.));
#1071 = ADVANCED_FACE('',(#1072),#1100,.T.);
#1072 = FACE_BOUND('',#1073,.T.);
#1073 = EDGE_LOOP('',(#1074,#1075,#1076,#1077,#1078,#1079,#1080,#1081,
    #1082,#1083,#1084,#1085,#1086,#1087,#1088,#1089,#1090,#1091,#1092,
    #1093,#1094,#1095,#1096,#1097,#1098,#1099));
#1074 = ORIENTED_EDGE('',*,*,#231,.F.);
#1075 = ORIENTED_EDGE('',*,*,#262,.T.);
#1076 = ORIENTED_EDGE('',*,*,#199,.T.);
#1077 = ORIENTED_EDGE('',*,*,#87,.F.);
#1078 = ORIENTED_EDGE('',*,*,#47,.T.);
#1079 = ORIENTED_EDGE('',*,*,#126,.T.);
#1080 = ORIENTED_EDGE('',*,*,#322,.F.);
#1081 = ORIENTED_EDGE('',*,*,#473,.T.);
#1082 = ORIENTED_EDGE('',*,*,#504,.T.);
#1083 = ORIENTED_EDGE('',*,*,#679,.F.);
#1084 = ORIENTED_EDGE('',*,*,#711,.T.);
#1085 = ORIENTED_EDGE('',*,*,#742,.T.);
#1086 = ORIENTED_EDGE('',*,*,#931,.F.);
#1087 = ORIENTED_EDGE('',*,*,#1002,.T.);
#1088 = ORIENTED_EDGE('',*,*,#963,.T.);
#1089 = ORIENTED_EDGE('',*,*,#917,.F.);
#1090 = ORIENTED_EDGE('',*,*,#870,.F.);
#1091 = ORIENTED_EDGE('',*,*,#846,.F.);
#1092 = ORIENTED_EDGE('',*,*,#814,.T.);
#1093 = ORIENTED_EDGE('',*,*,#649,.F.);
#1094 = ORIENTED_EDGE('',*,*,#625,.F.);
#1095 = ORIENTED_EDGE('',*,*,#593,.T.);
#1096 = ORIENTED_EDGE('',*,*,#443,.F.);
#1097 = ORIENTED_EDGE('',*,*,#419,.F.);
#1098 = ORIENTED_EDGE('',*,*,#387,.T.);
#1099 = ORIENTED_EDGE('',*,*,#292,.F.);
#1100 = PLANE('',#1101);
#1101 = AXIS2_PLACEMENT_3D('',#1102,#1103,#1104);
#1102 = CARTESIAN_POINT('',(3.,-1.143206572991E-16,0.75));
#1103 = DIRECTION('',(0.,0.,1.));
#1104 = DIRECTION('',(1.,0.,0.));
#1105 = ADVANCED_FACE('',(#1106),#1138,.T.);
#1106 = FACE_BOUND('',#1107,.T.);
#1107 = EDGE_LOOP('',(#1108,#1114,#1120,#1126,#1132,#1133,#1134,#1135,
    #1136,#1137));
#1108 = ORIENTED_EDGE('',*,*,#1109,.F.);
#1109 = EDGE_CURVE('',#144,#105,#1110,.T.);
#1110 = LINE('',#1111,#1112);
#1111 = CARTESIAN_POINT('',(1.,-0.85,-0.597652));
#1112 = VECTOR('',#1113,1.);
#1113 = DIRECTION('',(-1.,-0.,-0.));
#1114 = ORIENTED_EDGE('',*,*,#1115,.F.);
#1115 = EDGE_CURVE('',#522,#144,#1116,.T.);
#1116 = LINE('',#1117,#1118);
#1117 = CARTESIAN_POINT('',(3.,-0.85,-0.597652));
#1118 = VECTOR('',#1119,1.);
#1119 = DIRECTION('',(-1.,-0.,-0.));
#1120 = ORIENTED_EDGE('',*,*,#1121,.F.);
#1121 = EDGE_CURVE('',#760,#522,#1122,.T.);
#1122 = LINE('',#1123,#1124);
#1123 = CARTESIAN_POINT('',(5.,-0.85,-0.597652));
#1124 = VECTOR('',#1125,1.);
#1125 = DIRECTION('',(-1.,-0.,-0.));
#1126 = ORIENTED_EDGE('',*,*,#1127,.F.);
#1127 = EDGE_CURVE('',#903,#760,#1128,.T.);
#1128 = LINE('',#1129,#1130);
#1129 = CARTESIAN_POINT('',(7.,-0.85,-0.597652));
#1130 = VECTOR('',#1131,1.);
#1131 = DIRECTION('',(-1.,-0.,-0.));
#1132 = ORIENTED_EDGE('',*,*,#987,.T.);
#1133 = ORIENTED_EDGE('',*,*,#1061,.T.);
#1134 = ORIENTED_EDGE('',*,*,#1027,.T.);
#1135 = ORIENTED_EDGE('',*,*,#546,.T.);
#1136 = ORIENTED_EDGE('',*,*,#168,.T.);
#1137 = ORIENTED_EDGE('',*,*,#104,.F.);
#1138 = PLANE('',#1139);
#1139 = AXIS2_PLACEMENT_3D('',#1140,#1141,#1142);
#1140 = CARTESIAN_POINT('',(3.,-0.85,-0.673826));
#1141 = DIRECTION('',(0.,1.,0.));
#1142 = DIRECTION('',(0.,0.,1.));
#1143 = ADVANCED_FACE('',(#1144),#1176,.T.);
#1144 = FACE_BOUND('',#1145,.T.);
#1145 = EDGE_LOOP('',(#1146,#1147,#1148,#1149,#1150,#1151,#1157,#1163,
    #1169,#1175));
#1146 = ORIENTED_EDGE('',*,*,#355,.F.);
#1147 = ORIENTED_EDGE('',*,*,#561,.F.);
#1148 = ORIENTED_EDGE('',*,*,#782,.F.);
#1149 = ORIENTED_EDGE('',*,*,#1042,.F.);
#1150 = ORIENTED_EDGE('',*,*,#886,.T.);
#1151 = ORIENTED_EDGE('',*,*,#1152,.T.);
#1152 = EDGE_CURVE('',#879,#658,#1153,.T.);
#1153 = LINE('',#1154,#1155);
#1154 = CARTESIAN_POINT('',(7.,0.85,-0.597652));
#1155 = VECTOR('',#1156,1.);
#1156 = DIRECTION('',(-1.,-0.,-0.));
#1157 = ORIENTED_EDGE('',*,*,#1158,.T.);
#1158 = EDGE_CURVE('',#658,#452,#1159,.T.);
#1159 = LINE('',#1160,#1161);
#1160 = CARTESIAN_POINT('',(5.,0.85,-0.597652));
#1161 = VECTOR('',#1162,1.);
#1162 = DIRECTION('',(-1.,-0.,-0.));
#1163 = ORIENTED_EDGE('',*,*,#1164,.T.);
#1164 = EDGE_CURVE('',#452,#301,#1165,.T.);
#1165 = LINE('',#1166,#1167);
#1166 = CARTESIAN_POINT('',(3.,0.85,-0.597652));
#1167 = VECTOR('',#1168,1.);
#1168 = DIRECTION('',(-1.,-0.,-0.));
#1169 = ORIENTED_EDGE('',*,*,#1170,.T.);
#1170 = EDGE_CURVE('',#301,#184,#1171,.T.);
#1171 = LINE('',#1172,#1173);
#1172 = CARTESIAN_POINT('',(1.,0.85,-0.597652));
#1173 = VECTOR('',#1174,1.);
#1174 = DIRECTION('',(-1.,-0.,-0.));
#1175 = ORIENTED_EDGE('',*,*,#269,.F.);
#1176 = PLANE('',#1177);
#1177 = AXIS2_PLACEMENT_3D('',#1178,#1179,#1180);
#1178 = CARTESIAN_POINT('',(3.,0.85,-0.673826));
#1179 = DIRECTION('',(-0.,-1.,-0.));
#1180 = DIRECTION('',(0.,0.,-1.));
#1181 = ADVANCED_FACE('',(#1182),#1194,.T.);
#1182 = FACE_BOUND('',#1183,.T.);
#1183 = EDGE_LOOP('',(#1184,#1185,#1186,#1187,#1188,#1189,#1190,#1191,
    #1192,#1193));
#1184 = ORIENTED_EDGE('',*,*,#1170,.F.);
#1185 = ORIENTED_EDGE('',*,*,#1164,.F.);
#1186 = ORIENTED_EDGE('',*,*,#1158,.F.);
#1187 = ORIENTED_EDGE('',*,*,#1152,.F.);
#1188 = ORIENTED_EDGE('',*,*,#910,.T.);
#1189 = ORIENTED_EDGE('',*,*,#1127,.T.);
#1190 = ORIENTED_EDGE('',*,*,#1121,.T.);
#1191 = ORIENTED_EDGE('',*,*,#1115,.T.);
#1192 = ORIENTED_EDGE('',*,*,#1109,.T.);
#1193 = ORIENTED_EDGE('',*,*,#183,.F.);
#1194 = PLANE('',#1195);
#1195 = AXIS2_PLACEMENT_3D('',#1196,#1197,#1198);
#1196 = CARTESIAN_POINT('',(3.,-1.144559819201E-17,-0.597652));
#1197 = DIRECTION('',(-0.,-0.,-1.));
#1198 = DIRECTION('',(-1.,0.,0.));
#1199 = ( GEOMETRIC_REPRESENTATION_CONTEXT(3) 
GLOBAL_UNCERTAINTY_ASSIGNED_CONTEXT((#1203)) 
GLOBAL_UNIT_ASSIGNED_CONTEXT((#1200,#1201,#1202)) REPRESENTATION_CONTEXT
('Context #1','3D Context with UNIT and UNCERTAINTY') );
#1200 = ( LENGTH_UNIT() NAMED_UNIT(*) SI_UNIT(.MILLI.,.METRE.) );
#1201 = ( NAMED_UNIT(*) PLANE_ANGLE_UNIT() SI_UNIT($,.RADIAN.) );
#1202 = ( NAMED_UNIT(*) SI_UNIT($,.STERADIAN.) SOLID_ANGLE_UNIT() );
#1203 = UNCERTAINTY_MEASURE_WITH_UNIT(LENGTH_MEASURE(1.E-07),#1200,
  'distance_accuracy_value','confusion accuracy');
#1204 = CONTEXT_DEPENDENT_SHAPE_REPRESENTATION(#1205,#1207);
#1205 = ( REPRESENTATION_RELATIONSHIP('','',#40,#10) 
REPRESENTATION_RELATIONSHIP_WITH_TRANSFORMATION(#1206) 
SHAPE_REPRESENTATION_RELATIONSHIP() );
#1206 = ITEM_DEFINED_TRANSFORMATION('','',#11,#15);
#1207 = PRODUCT_DEFINITION_SHAPE('Placement','Placement of an item',
  #1208);
#1208 = NEXT_ASSEMBLY_USAGE_OCCURRENCE('1','BODY','',#5,#35,$);
#1209 = PRODUCT_RELATED_PRODUCT_CATEGORY('part',$,(#37));
#1210 = SHAPE_DEFINITION_REPRESENTATION(#1211,#1217);
#1211 = PRODUCT_DEFINITION_SHAPE('','',#1212);
#1212 = PRODUCT_DEFINITION('design','',#1213,#1216);
#1213 = PRODUCT_DEFINITION_FORMATION('','',#1214);
#1214 = PRODUCT('LinearPattern','LinearPattern','',(#1215));
#1215 = PRODUCT_CONTEXT('',#2,'mechanical');
#1216 = PRODUCT_DEFINITION_CONTEXT('part definition',#2,'design');
#1217 = ADVANCED_BREP_SHAPE_REPRESENTATION('',(#11,#1218),#2376);
#1218 = MANIFOLD_SOLID_BREP('',#1219);
#1219 = CLOSED_SHELL('',(#1220,#1260,#1299,#1338,#1355,#1386,#1426,#1456
    ,#1495,#1527,#1544,#1576,#1607,#1646,#1677,#1716,#1733,#1750,#1782,
    #1813,#1852,#1884,#1915,#1954,#1971,#2003,#2034,#2073,#2104,#2136,
    #2175,#2197,#2214,#2231,#2248,#2282,#2320,#2358));
#1220 = ADVANCED_FACE('',(#1221),#1255,.F.);
#1221 = FACE_BOUND('',#1222,.F.);
#1222 = EDGE_LOOP('',(#1223,#1233,#1241,#1249));
#1223 = ORIENTED_EDGE('',*,*,#1224,.T.);
#1224 = EDGE_CURVE('',#1225,#1227,#1229,.T.);
#1225 = VERTEX_POINT('',#1226);
#1226 = CARTESIAN_POINT('',(-0.85,-1.,0.75));
#1227 = VERTEX_POINT('',#1228);
#1228 = CARTESIAN_POINT('',(0.85,-1.,0.75));
#1229 = LINE('',#1230,#1231);
#1230 = CARTESIAN_POINT('',(-1.,-1.,0.75));
#1231 = VECTOR('',#1232,1.);
#1232 = DIRECTION('',(1.,0.,0.));
#1233 = ORIENTED_EDGE('',*,*,#1234,.T.);
#1234 = EDGE_CURVE('',#1227,#1235,#1237,.T.);
#1235 = VERTEX_POINT('',#1236);
#1236 = CARTESIAN_POINT('',(0.85,-1.,-0.75));
#1237 = LINE('',#1238,#1239);
#1238 = CARTESIAN_POINT('',(0.85,-1.,0.75));
#1239 = VECTOR('',#1240,1.);
#1240 = DIRECTION('',(0.,0.,-1.));
#1241 = ORIENTED_EDGE('',*,*,#1242,.F.);
#1242 = EDGE_CURVE('',#1243,#1235,#1245,.T.);
#1243 = VERTEX_POINT('',#1244);
#1244 = CARTESIAN_POINT('',(-0.85,-1.,-0.75));
#1245 = LINE('',#1246,#1247);
#1246 = CARTESIAN_POINT('',(-1.,-1.,-0.75));
#1247 = VECTOR('',#1248,1.);
#1248 = DIRECTION('',(1.,0.,0.));
#1249 = ORIENTED_EDGE('',*,*,#1250,.F.);
#1250 = EDGE_CURVE('',#1225,#1243,#1251,.T.);
#1251 = LINE('',#1252,#1253);
#1252 = CARTESIAN_POINT('',(-0.85,-1.,0.75));
#1253 = VECTOR('',#1254,1.);
#1254 = DIRECTION('',(0.,0.,-1.));
#1255 = PLANE('',#1256);
#1256 = AXIS2_PLACEMENT_3D('',#1257,#1258,#1259);
#1257 = CARTESIAN_POINT('',(-1.,-1.,0.75));
#1258 = DIRECTION('',(0.,1.,0.));
#1259 = DIRECTION('',(0.,0.,-1.));
#1260 = ADVANCED_FACE('',(#1261),#1294,.T.);
#1261 = FACE_BOUND('',#1262,.F.);
#1262 = EDGE_LOOP('',(#1263,#1271,#1272,#1280,#1288));
#1263 = ORIENTED_EDGE('',*,*,#1264,.F.);
#1264 = EDGE_CURVE('',#1225,#1265,#1267,.T.);
#1265 = VERTEX_POINT('',#1266);
#1266 = CARTESIAN_POINT('',(-1.,-0.85,0.75));
#1267 = LINE('',#1268,#1269);
#1268 = CARTESIAN_POINT('',(-1.425,-0.425,0.75));
#1269 = VECTOR('',#1270,1.);
#1270 = DIRECTION('',(-0.707106781187,0.707106781187,0.));
#1271 = ORIENTED_EDGE('',*,*,#1250,.T.);
#1272 = ORIENTED_EDGE('',*,*,#1273,.T.);
#1273 = EDGE_CURVE('',#1243,#1274,#1276,.T.);
#1274 = VERTEX_POINT('',#1275);
#1275 = CARTESIAN_POINT('',(-1.,-0.85,-0.75));
#1276 = LINE('',#1277,#1278);
#1277 = CARTESIAN_POINT('',(-0.925,-0.925,-0.75));
#1278 = VECTOR('',#1279,1.);
#1279 = DIRECTION('',(-0.707106781187,0.707106781187,0.));
#1280 = ORIENTED_EDGE('',*,*,#1281,.F.);
#1281 = EDGE_CURVE('',#1282,#1274,#1284,.T.);
#1282 = VERTEX_POINT('',#1283);
#1283 = CARTESIAN_POINT('',(-1.,-0.85,-0.597652));
#1284 = LINE('',#1285,#1286);
#1285 = CARTESIAN_POINT('',(-1.,-0.85,0.75));
#1286 = VECTOR('',#1287,1.);
#1287 = DIRECTION('',(0.,0.,-1.));
#1288 = ORIENTED_EDGE('',*,*,#1289,.F.);
#1289 = EDGE_CURVE('',#1265,#1282,#1290,.T.);
#1290 = LINE('',#1291,#1292);
#1291 = CARTESIAN_POINT('',(-1.,-0.85,0.75));
#1292 = VECTOR('',#1293,1.);
#1293 = DIRECTION('',(0.,0.,-1.));
#1294 = PLANE('',#1295);
#1295 = AXIS2_PLACEMENT_3D('',#1296,#1297,#1298);
#1296 = CARTESIAN_POINT('',(-0.925,-0.925,0.75));
#1297 = DIRECTION('',(-0.707106781187,-0.707106781187,0.));
#1298 = DIRECTION('',(0.,0.,1.));
#1299 = ADVANCED_FACE('',(#1300),#1333,.F.);
#1300 = FACE_BOUND('',#1301,.T.);
#1301 = EDGE_LOOP('',(#1302,#1310,#1311,#1319,#1327));
#1302 = ORIENTED_EDGE('',*,*,#1303,.F.);
#1303 = EDGE_CURVE('',#1227,#1304,#1306,.T.);
#1304 = VERTEX_POINT('',#1305);
#1305 = CARTESIAN_POINT('',(1.,-0.85,0.75));
#1306 = LINE('',#1307,#1308);
#1307 = CARTESIAN_POINT('',(0.925,-0.925,0.75));
#1308 = VECTOR('',#1309,1.);
#1309 = DIRECTION('',(0.707106781187,0.707106781187,0.));
#1310 = ORIENTED_EDGE('',*,*,#1234,.T.);
#1311 = ORIENTED_EDGE('',*,*,#1312,.T.);
#1312 = EDGE_CURVE('',#1235,#1313,#1315,.T.);
#1313 = VERTEX_POINT('',#1314);
#1314 = CARTESIAN_POINT('',(1.,-0.85,-0.75));
#1315 = LINE('',#1316,#1317);
#1316 = CARTESIAN_POINT('',(0.425,-1.425,-0.75));
#1317 = VECTOR('',#1318,1.);
#1318 = DIRECTION('',(0.707106781187,0.707106781187,0.));
#1319 = ORIENTED_EDGE('',*,*,#1320,.F.);
#1320 = EDGE_CURVE('',#1321,#1313,#1323,.T.);
#1321 = VERTEX_POINT('',#1322);
#1322 = CARTESIAN_POINT('',(1.,-0.85,-0.597652));
#1323 = LINE('',#1324,#1325);
#1324 = CARTESIAN_POINT('',(1.,-0.85,0.75));
#1325 = VECTOR('',#1326,1.);
#1326 = DIRECTION('',(0.,0.,-1.));
#1327 = ORIENTED_EDGE('',*,*,#1328,.F.);
#1328 = EDGE_CURVE('',#1304,#1321,#1329,.T.);
#1329 = LINE('',#1330,#1331);
#1330 = CARTESIAN_POINT('',(1.,-0.85,0.75));
#1331 = VECTOR('',#1332,1.);
#1332 = DIRECTION('',(0.,0.,-1.));
#1333 = PLANE('',#1334);
#1334 = AXIS2_PLACEMENT_3D('',#1335,#1336,#1337);
#1335 = CARTESIAN_POINT('',(0.925,-0.925,0.75));
#1336 = DIRECTION('',(-0.707106781187,0.707106781187,0.));
#1337 = DIRECTION('',(0.,0.,1.));
#1338 = ADVANCED_FACE('',(#1339),#1350,.F.);
#1339 = FACE_BOUND('',#1340,.F.);
#1340 = EDGE_LOOP('',(#1341,#1342,#1343,#1344));
#1341 = ORIENTED_EDGE('',*,*,#1273,.F.);
#1342 = ORIENTED_EDGE('',*,*,#1242,.T.);
#1343 = ORIENTED_EDGE('',*,*,#1312,.T.);
#1344 = ORIENTED_EDGE('',*,*,#1345,.T.);
#1345 = EDGE_CURVE('',#1313,#1274,#1346,.T.);
#1346 = LINE('',#1347,#1348);
#1347 = CARTESIAN_POINT('',(1.,-0.85,-0.75));
#1348 = VECTOR('',#1349,1.);
#1349 = DIRECTION('',(-1.,-0.,-0.));
#1350 = PLANE('',#1351);
#1351 = AXIS2_PLACEMENT_3D('',#1352,#1353,#1354);
#1352 = CARTESIAN_POINT('',(-1.,-1.,-0.75));
#1353 = DIRECTION('',(0.,0.,1.));
#1354 = DIRECTION('',(0.,1.,0.));
#1355 = ADVANCED_FACE('',(#1356),#1381,.F.);
#1356 = FACE_BOUND('',#1357,.F.);
#1357 = EDGE_LOOP('',(#1358,#1359,#1367,#1375));
#1358 = ORIENTED_EDGE('',*,*,#1289,.T.);
#1359 = ORIENTED_EDGE('',*,*,#1360,.F.);
#1360 = EDGE_CURVE('',#1361,#1282,#1363,.T.);
#1361 = VERTEX_POINT('',#1362);
#1362 = CARTESIAN_POINT('',(-1.,0.85,-0.597652));
#1363 = LINE('',#1364,#1365);
#1364 = CARTESIAN_POINT('',(-1.,0.85,-0.597652));
#1365 = VECTOR('',#1366,1.);
#1366 = DIRECTION('',(0.,-1.,0.));
#1367 = ORIENTED_EDGE('',*,*,#1368,.T.);
#1368 = EDGE_CURVE('',#1361,#1369,#1371,.T.);
#1369 = VERTEX_POINT('',#1370);
#1370 = CARTESIAN_POINT('',(-1.,0.85,0.75));
#1371 = LINE('',#1372,#1373);
#1372 = CARTESIAN_POINT('',(-1.,0.85,-0.75));
#1373 = VECTOR('',#1374,1.);
#1374 = DIRECTION('',(0.,0.,1.));
#1375 = ORIENTED_EDGE('',*,*,#1376,.T.);
#1376 = EDGE_CURVE('',#1369,#1265,#1377,.T.);
#1377 = LINE('',#1378,#1379);
#1378 = CARTESIAN_POINT('',(-1.,1.,0.75));
#1379 = VECTOR('',#1380,1.);
#1380 = DIRECTION('',(0.,-1.,0.));
#1381 = PLANE('',#1382);
#1382 = AXIS2_PLACEMENT_3D('',#1383,#1384,#1385);
#1383 = CARTESIAN_POINT('',(-1.,0.,0.));
#1384 = DIRECTION('',(1.,0.,0.));
#1385 = DIRECTION('',(0.,0.,1.));
#1386 = ADVANCED_FACE('',(#1387),#1421,.F.);
#1387 = FACE_BOUND('',#1388,.F.);
#1388 = EDGE_LOOP('',(#1389,#1399,#1407,#1415));
#1389 = ORIENTED_EDGE('',*,*,#1390,.T.);
#1390 = EDGE_CURVE('',#1391,#1393,#1395,.T.);
#1391 = VERTEX_POINT('',#1392);
#1392 = CARTESIAN_POINT('',(-0.85,1.,-0.75));
#1393 = VERTEX_POINT('',#1394);
#1394 = CARTESIAN_POINT('',(0.85,1.,-0.75));
#1395 = LINE('',#1396,#1397);
#1396 = CARTESIAN_POINT('',(-1.,1.,-0.75));
#1397 = VECTOR('',#1398,1.);
#1398 = DIRECTION('',(1.,0.,0.));
#1399 = ORIENTED_EDGE('',*,*,#1400,.T.);
#1400 = EDGE_CURVE('',#1393,#1401,#1403,.T.);
#1401 = VERTEX_POINT('',#1402);
#1402 = CARTESIAN_POINT('',(0.85,1.,0.75));
#1403 = LINE('',#1404,#1405);
#1404 = CARTESIAN_POINT('',(0.85,1.,-0.75));
#1405 = VECTOR('',#1406,1.);
#1406 = DIRECTION('',(0.,0.,1.));
#1407 = ORIENTED_EDGE('',*,*,#1408,.F.);
#1408 = EDGE_CURVE('',#1409,#1401,#1411,.T.);
#1409 = VERTEX_POINT('',#1410);
#1410 = CARTESIAN_POINT('',(-0.85,1.,0.75));
#1411 = LINE('',#1412,#1413);
#1412 = CARTESIAN_POINT('',(-1.,1.,0.75));
#1413 = VECTOR('',#1414,1.);
#1414 = DIRECTION('',(1.,0.,0.));
#1415 = ORIENTED_EDGE('',*,*,#1416,.F.);
#1416 = EDGE_CURVE('',#1391,#1409,#1417,.T.);
#1417 = LINE('',#1418,#1419);
#1418 = CARTESIAN_POINT('',(-0.85,1.,-0.75));
#1419 = VECTOR('',#1420,1.);
#1420 = DIRECTION('',(0.,0.,1.));
#1421 = PLANE('',#1422);
#1422 = AXIS2_PLACEMENT_3D('',#1423,#1424,#1425);
#1423 = CARTESIAN_POINT('',(-1.,1.,-0.75));
#1424 = DIRECTION('',(0.,-1.,0.));
#1425 = DIRECTION('',(0.,0.,1.));
#1426 = ADVANCED_FACE('',(#1427),#1451,.T.);
#1427 = FACE_BOUND('',#1428,.F.);
#1428 = EDGE_LOOP('',(#1429,#1437,#1438,#1444,#1445));
#1429 = ORIENTED_EDGE('',*,*,#1430,.F.);
#1430 = EDGE_CURVE('',#1391,#1431,#1433,.T.);
#1431 = VERTEX_POINT('',#1432);
#1432 = CARTESIAN_POINT('',(-1.,0.85,-0.75));
#1433 = LINE('',#1434,#1435);
#1434 = CARTESIAN_POINT('',(-1.425,0.425,-0.75));
#1435 = VECTOR('',#1436,1.);
#1436 = DIRECTION('',(-0.707106781187,-0.707106781187,0.));
#1437 = ORIENTED_EDGE('',*,*,#1416,.T.);
#1438 = ORIENTED_EDGE('',*,*,#1439,.T.);
#1439 = EDGE_CURVE('',#1409,#1369,#1440,.T.);
#1440 = LINE('',#1441,#1442);
#1441 = CARTESIAN_POINT('',(-0.925,0.925,0.75));
#1442 = VECTOR('',#1443,1.);
#1443 = DIRECTION('',(-0.707106781187,-0.707106781187,-0.));
#1444 = ORIENTED_EDGE('',*,*,#1368,.F.);
#1445 = ORIENTED_EDGE('',*,*,#1446,.F.);
#1446 = EDGE_CURVE('',#1431,#1361,#1447,.T.);
#1447 = LINE('',#1448,#1449);
#1448 = CARTESIAN_POINT('',(-1.,0.85,-0.75));
#1449 = VECTOR('',#1450,1.);
#1450 = DIRECTION('',(0.,0.,1.));
#1451 = PLANE('',#1452);
#1452 = AXIS2_PLACEMENT_3D('',#1453,#1454,#1455);
#1453 = CARTESIAN_POINT('',(-0.925,0.925,-0.75));
#1454 = DIRECTION('',(-0.707106781187,0.707106781187,0.));
#1455 = DIRECTION('',(-0.,-0.,-1.));
#1456 = ADVANCED_FACE('',(#1457),#1490,.F.);
#1457 = FACE_BOUND('',#1458,.T.);
#1458 = EDGE_LOOP('',(#1459,#1467,#1468,#1476,#1484));
#1459 = ORIENTED_EDGE('',*,*,#1460,.F.);
#1460 = EDGE_CURVE('',#1393,#1461,#1463,.T.);
#1461 = VERTEX_POINT('',#1462);
#1462 = CARTESIAN_POINT('',(1.,0.85,-0.75));
#1463 = LINE('',#1464,#1465);
#1464 = CARTESIAN_POINT('',(0.925,0.925,-0.75));
#1465 = VECTOR('',#1466,1.);
#1466 = DIRECTION('',(0.707106781187,-0.707106781187,0.));
#1467 = ORIENTED_EDGE('',*,*,#1400,.T.);
#1468 = ORIENTED_EDGE('',*,*,#1469,.T.);
#1469 = EDGE_CURVE('',#1401,#1470,#1472,.T.);
#1470 = VERTEX_POINT('',#1471);
#1471 = CARTESIAN_POINT('',(1.,0.85,0.75));
#1472 = LINE('',#1473,#1474);
#1473 = CARTESIAN_POINT('',(0.425,1.425,0.75));
#1474 = VECTOR('',#1475,1.);
#1475 = DIRECTION('',(0.707106781187,-0.707106781187,0.));
#1476 = ORIENTED_EDGE('',*,*,#1477,.F.);
#1477 = EDGE_CURVE('',#1478,#1470,#1480,.T.);
#1478 = VERTEX_POINT('',#1479);
#1479 = CARTESIAN_POINT('',(1.,0.85,-0.597652));
#1480 = LINE('',#1481,#1482);
#1481 = CARTESIAN_POINT('',(1.,0.85,-0.75));
#1482 = VECTOR('',#1483,1.);
#1483 = DIRECTION('',(0.,0.,1.));
#1484 = ORIENTED_EDGE('',*,*,#1485,.F.);
#1485 = EDGE_CURVE('',#1461,#1478,#1486,.T.);
#1486 = LINE('',#1487,#1488);
#1487 = CARTESIAN_POINT('',(1.,0.85,-0.75));
#1488 = VECTOR('',#1489,1.);
#1489 = DIRECTION('',(0.,0.,1.));
#1490 = PLANE('',#1491);
#1491 = AXIS2_PLACEMENT_3D('',#1492,#1493,#1494);
#1492 = CARTESIAN_POINT('',(0.925,0.925,-0.75));
#1493 = DIRECTION('',(-0.707106781187,-0.707106781187,0.));
#1494 = DIRECTION('',(-0.,-0.,-1.));
#1495 = ADVANCED_FACE('',(#1496),#1522,.T.);
#1496 = FACE_BOUND('',#1497,.F.);
#1497 = EDGE_LOOP('',(#1498,#1506,#1514,#1520,#1521));
#1498 = ORIENTED_EDGE('',*,*,#1499,.F.);
#1499 = EDGE_CURVE('',#1500,#1304,#1502,.T.);
#1500 = VERTEX_POINT('',#1501);
#1501 = CARTESIAN_POINT('',(1.15,-1.,0.75));
#1502 = LINE('',#1503,#1504);
#1503 = CARTESIAN_POINT('',(0.575,-0.425,0.75));
#1504 = VECTOR('',#1505,1.);
#1505 = DIRECTION('',(-0.707106781187,0.707106781187,0.));
#1506 = ORIENTED_EDGE('',*,*,#1507,.T.);
#1507 = EDGE_CURVE('',#1500,#1508,#1510,.T.);
#1508 = VERTEX_POINT('',#1509);
#1509 = CARTESIAN_POINT('',(1.15,-1.,-0.75));
#1510 = LINE('',#1511,#1512);
#1511 = CARTESIAN_POINT('',(1.15,-1.,0.75));
#1512 = VECTOR('',#1513,1.);
#1513 = DIRECTION('',(0.,0.,-1.));
#1514 = ORIENTED_EDGE('',*,*,#1515,.T.);
#1515 = EDGE_CURVE('',#1508,#1313,#1516,.T.);
#1516 = LINE('',#1517,#1518);
#1517 = CARTESIAN_POINT('',(1.075,-0.925,-0.75));
#1518 = VECTOR('',#1519,1.);
#1519 = DIRECTION('',(-0.707106781187,0.707106781187,0.));
#1520 = ORIENTED_EDGE('',*,*,#1320,.F.);
#1521 = ORIENTED_EDGE('',*,*,#1328,.F.);
#1522 = PLANE('',#1523);
#1523 = AXIS2_PLACEMENT_3D('',#1524,#1525,#1526);
#1524 = CARTESIAN_POINT('',(1.075,-0.925,0.75));
#1525 = DIRECTION('',(-0.707106781187,-0.707106781187,0.));
#1526 = DIRECTION('',(0.,0.,1.));
#1527 = ADVANCED_FACE('',(#1528),#1539,.F.);
#1528 = FACE_BOUND('',#1529,.F.);
#1529 = EDGE_LOOP('',(#1530,#1531,#1537,#1538));
#1530 = ORIENTED_EDGE('',*,*,#1430,.T.);
#1531 = ORIENTED_EDGE('',*,*,#1532,.F.);
#1532 = EDGE_CURVE('',#1461,#1431,#1533,.T.);
#1533 = LINE('',#1534,#1535);
#1534 = CARTESIAN_POINT('',(1.,0.85,-0.75));
#1535 = VECTOR('',#1536,1.);
#1536 = DIRECTION('',(-1.,-0.,-0.));
#1537 = ORIENTED_EDGE('',*,*,#1460,.F.);
#1538 = ORIENTED_EDGE('',*,*,#1390,.F.);
#1539 = PLANE('',#1540);
#1540 = AXIS2_PLACEMENT_3D('',#1541,#1542,#1543);
#1541 = CARTESIAN_POINT('',(-1.,-1.,-0.75));
#1542 = DIRECTION('',(0.,0.,1.));
#1543 = DIRECTION('',(0.,1.,0.));
#1544 = ADVANCED_FACE('',(#1545),#1571,.T.);
#1545 = FACE_BOUND('',#1546,.F.);
#1546 = EDGE_LOOP('',(#1547,#1555,#1563,#1569,#1570));
#1547 = ORIENTED_EDGE('',*,*,#1548,.F.);
#1548 = EDGE_CURVE('',#1549,#1461,#1551,.T.);
#1549 = VERTEX_POINT('',#1550);
#1550 = CARTESIAN_POINT('',(1.15,1.,-0.75));
#1551 = LINE('',#1552,#1553);
#1552 = CARTESIAN_POINT('',(0.575,0.425,-0.75));
#1553 = VECTOR('',#1554,1.);
#1554 = DIRECTION('',(-0.707106781187,-0.707106781187,0.));
#1555 = ORIENTED_EDGE('',*,*,#1556,.T.);
#1556 = EDGE_CURVE('',#1549,#1557,#1559,.T.);
#1557 = VERTEX_POINT('',#1558);
#1558 = CARTESIAN_POINT('',(1.15,1.,0.75));
#1559 = LINE('',#1560,#1561);
#1560 = CARTESIAN_POINT('',(1.15,1.,-0.75));
#1561 = VECTOR('',#1562,1.);
#1562 = DIRECTION('',(0.,0.,1.));
#1563 = ORIENTED_EDGE('',*,*,#1564,.T.);
#1564 = EDGE_CURVE('',#1557,#1470,#1565,.T.);
#1565 = LINE('',#1566,#1567);
#1566 = CARTESIAN_POINT('',(1.075,0.925,0.75));
#1567 = VECTOR('',#1568,1.);
#1568 = DIRECTION('',(-0.707106781187,-0.707106781187,-0.));
#1569 = ORIENTED_EDGE('',*,*,#1477,.F.);
#1570 = ORIENTED_EDGE('',*,*,#1485,.F.);
#1571 = PLANE('',#1572);
#1572 = AXIS2_PLACEMENT_3D('',#1573,#1574,#1575);
#1573 = CARTESIAN_POINT('',(1.075,0.925,-0.75));
#1574 = DIRECTION('',(-0.707106781187,0.707106781187,0.));
#1575 = DIRECTION('',(-0.,-0.,-1.));
#1576 = ADVANCED_FACE('',(#1577),#1602,.F.);
#1577 = FACE_BOUND('',#1578,.F.);
#1578 = EDGE_LOOP('',(#1579,#1587,#1595,#1601));
#1579 = ORIENTED_EDGE('',*,*,#1580,.T.);
#1580 = EDGE_CURVE('',#1549,#1581,#1583,.T.);
#1581 = VERTEX_POINT('',#1582);
#1582 = CARTESIAN_POINT('',(2.85,1.,-0.75));
#1583 = LINE('',#1584,#1585);
#1584 = CARTESIAN_POINT('',(1.,1.,-0.75));
#1585 = VECTOR('',#1586,1.);
#1586 = DIRECTION('',(1.,0.,0.));
#1587 = ORIENTED_EDGE('',*,*,#1588,.T.);
#1588 = EDGE_CURVE('',#1581,#1589,#1591,.T.);
#1589 = VERTEX_POINT('',#1590);
#1590 = CARTESIAN_POINT('',(2.85,1.,0.75));
#1591 = LINE('',#1592,#1593);
#1592 = CARTESIAN_POINT('',(2.85,1.,-0.75));
#1593 = VECTOR('',#1594,1.);
#1594 = DIRECTION('',(0.,0.,1.));
#1595 = ORIENTED_EDGE('',*,*,#1596,.F.);
#1596 = EDGE_CURVE('',#1557,#1589,#1597,.T.);
#1597 = LINE('',#1598,#1599);
#1598 = CARTESIAN_POINT('',(1.,1.,0.75));
#1599 = VECTOR('',#1600,1.);
#1600 = DIRECTION('',(1.,0.,0.));
#1601 = ORIENTED_EDGE('',*,*,#1556,.F.);
#1602 = PLANE('',#1603);
#1603 = AXIS2_PLACEMENT_3D('',#1604,#1605,#1606);
#1604 = CARTESIAN_POINT('',(1.,1.,-0.75));
#1605 = DIRECTION('',(0.,-1.,0.));
#1606 = DIRECTION('',(0.,0.,1.));
#1607 = ADVANCED_FACE('',(#1608),#1641,.F.);
#1608 = FACE_BOUND('',#1609,.T.);
#1609 = EDGE_LOOP('',(#1610,#1618,#1619,#1627,#1635));
#1610 = ORIENTED_EDGE('',*,*,#1611,.F.);
#1611 = EDGE_CURVE('',#1581,#1612,#1614,.T.);
#1612 = VERTEX_POINT('',#1613);
#1613 = CARTESIAN_POINT('',(3.,0.85,-0.75));
#1614 = LINE('',#1615,#1616);
#1615 = CARTESIAN_POINT('',(2.925,0.925,-0.75));
#1616 = VECTOR('',#1617,1.);
#1617 = DIRECTION('',(0.707106781187,-0.707106781187,0.));
#1618 = ORIENTED_EDGE('',*,*,#1588,.T.);
#1619 = ORIENTED_EDGE('',*,*,#1620,.T.);
#1620 = EDGE_CURVE('',#1589,#1621,#1623,.T.);
#1621 = VERTEX_POINT('',#1622);
#1622 = CARTESIAN_POINT('',(3.,0.85,0.75));
#1623 = LINE('',#1624,#1625);
#1624 = CARTESIAN_POINT('',(2.425,1.425,0.75));
#1625 = VECTOR('',#1626,1.);
#1626 = DIRECTION('',(0.707106781187,-0.707106781187,0.));
#1627 = ORIENTED_EDGE('',*,*,#1628,.F.);
#1628 = EDGE_CURVE('',#1629,#1621,#1631,.T.);
#1629 = VERTEX_POINT('',#1630);
#1630 = CARTESIAN_POINT('',(3.,0.85,-0.597652));
#1631 = LINE('',#1632,#1633);
#1632 = CARTESIAN_POINT('',(3.,0.85,-0.75));
#1633 = VECTOR('',#1634,1.);
#1634 = DIRECTION('',(0.,0.,1.));
#1635 = ORIENTED_EDGE('',*,*,#1636,.F.);
#1636 = EDGE_CURVE('',#1612,#1629,#1637,.T.);
#1637 = LINE('',#1638,#1639);
#1638 = CARTESIAN_POINT('',(3.,0.85,-0.75));
#1639 = VECTOR('',#1640,1.);
#1640 = DIRECTION('',(0.,0.,1.));
#1641 = PLANE('',#1642);
#1642 = AXIS2_PLACEMENT_3D('',#1643,#1644,#1645);
#1643 = CARTESIAN_POINT('',(2.925,0.925,-0.75));
#1644 = DIRECTION('',(-0.707106781187,-0.707106781187,0.));
#1645 = DIRECTION('',(-0.,-0.,-1.));
#1646 = ADVANCED_FACE('',(#1647),#1672,.F.);
#1647 = FACE_BOUND('',#1648,.F.);
#1648 = EDGE_LOOP('',(#1649,#1657,#1665,#1671));
#1649 = ORIENTED_EDGE('',*,*,#1650,.T.);
#1650 = EDGE_CURVE('',#1500,#1651,#1653,.T.);
#1651 = VERTEX_POINT('',#1652);
#1652 = CARTESIAN_POINT('',(2.85,-1.,0.75));
#1653 = LINE('',#1654,#1655);
#1654 = CARTESIAN_POINT('',(1.,-1.,0.75));
#1655 = VECTOR('',#1656,1.);
#1656 = DIRECTION('',(1.,0.,0.));
#1657 = ORIENTED_EDGE('',*,*,#1658,.T.);
#1658 = EDGE_CURVE('',#1651,#1659,#1661,.T.);
#1659 = VERTEX_POINT('',#1660);
#1660 = CARTESIAN_POINT('',(2.85,-1.,-0.75));
#1661 = LINE('',#1662,#1663);
#1662 = CARTESIAN_POINT('',(2.85,-1.,0.75));
#1663 = VECTOR('',#1664,1.);
#1664 = DIRECTION('',(0.,0.,-1.));
#1665 = ORIENTED_EDGE('',*,*,#1666,.F.);
#1666 = EDGE_CURVE('',#1508,#1659,#1667,.T.);
#1667 = LINE('',#1668,#1669);
#1668 = CARTESIAN_POINT('',(1.,-1.,-0.75));
#1669 = VECTOR('',#1670,1.);
#1670 = DIRECTION('',(1.,0.,0.));
#1671 = ORIENTED_EDGE('',*,*,#1507,.F.);
#1672 = PLANE('',#1673);
#1673 = AXIS2_PLACEMENT_3D('',#1674,#1675,#1676);
#1674 = CARTESIAN_POINT('',(1.,-1.,0.75));
#1675 = DIRECTION('',(0.,1.,0.));
#1676 = DIRECTION('',(0.,0.,-1.));
#1677 = ADVANCED_FACE('',(#1678),#1711,.F.);
#1678 = FACE_BOUND('',#1679,.T.);
#1679 = EDGE_LOOP('',(#1680,#1688,#1689,#1697,#1705));
#1680 = ORIENTED_EDGE('',*,*,#1681,.F.);
#1681 = EDGE_CURVE('',#1651,#1682,#1684,.T.);
#1682 = VERTEX_POINT('',#1683);
#1683 = CARTESIAN_POINT('',(3.,-0.85,0.75));
#1684 = LINE('',#1685,#1686);
#1685 = CARTESIAN_POINT('',(2.925,-0.925,0.75));
#1686 = VECTOR('',#1687,1.);
#1687 = DIRECTION('',(0.707106781187,0.707106781187,0.));
#1688 = ORIENTED_EDGE('',*,*,#1658,.T.);
#1689 = ORIENTED_EDGE('',*,*,#1690,.T.);
#1690 = EDGE_CURVE('',#1659,#1691,#1693,.T.);
#1691 = VERTEX_POINT('',#1692);
#1692 = CARTESIAN_POINT('',(3.,-0.85,-0.75));
#1693 = LINE('',#1694,#1695);
#1694 = CARTESIAN_POINT('',(2.425,-1.425,-0.75));
#1695 = VECTOR('',#1696,1.);
#1696 = DIRECTION('',(0.707106781187,0.707106781187,0.));
#1697 = ORIENTED_EDGE('',*,*,#1698,.F.);
#1698 = EDGE_CURVE('',#1699,#1691,#1701,.T.);
#1699 = VERTEX_POINT('',#1700);
#1700 = CARTESIAN_POINT('',(3.,-0.85,-0.597652));
#1701 = LINE('',#1702,#1703);
#1702 = CARTESIAN_POINT('',(3.,-0.85,0.75));
#1703 = VECTOR('',#1704,1.);
#1704 = DIRECTION('',(0.,0.,-1.));
#1705 = ORIENTED_EDGE('',*,*,#1706,.F.);
#1706 = EDGE_CURVE('',#1682,#1699,#1707,.T.);
#1707 = LINE('',#1708,#1709);
#1708 = CARTESIAN_POINT('',(3.,-0.85,0.75));
#1709 = VECTOR('',#1710,1.);
#1710 = DIRECTION('',(0.,0.,-1.));
#1711 = PLANE('',#1712);
#1712 = AXIS2_PLACEMENT_3D('',#1713,#1714,#1715);
#1713 = CARTESIAN_POINT('',(2.925,-0.925,0.75));
#1714 = DIRECTION('',(-0.707106781187,0.707106781187,0.));
#1715 = DIRECTION('',(0.,0.,1.));
#1716 = ADVANCED_FACE('',(#1717),#1728,.F.);
#1717 = FACE_BOUND('',#1718,.F.);
#1718 = EDGE_LOOP('',(#1719,#1720,#1721,#1722));
#1719 = ORIENTED_EDGE('',*,*,#1515,.F.);
#1720 = ORIENTED_EDGE('',*,*,#1666,.T.);
#1721 = ORIENTED_EDGE('',*,*,#1690,.T.);
#1722 = ORIENTED_EDGE('',*,*,#1723,.T.);
#1723 = EDGE_CURVE('',#1691,#1313,#1724,.T.);
#1724 = LINE('',#1725,#1726);
#1725 = CARTESIAN_POINT('',(3.,-0.85,-0.75));
#1726 = VECTOR('',#1727,1.);
#1727 = DIRECTION('',(-1.,-0.,-0.));
#1728 = PLANE('',#1729);
#1729 = AXIS2_PLACEMENT_3D('',#1730,#1731,#1732);
#1730 = CARTESIAN_POINT('',(1.,-1.,-0.75));
#1731 = DIRECTION('',(0.,0.,1.));
#1732 = DIRECTION('',(0.,1.,0.));
#1733 = ADVANCED_FACE('',(#1734),#1745,.F.);
#1734 = FACE_BOUND('',#1735,.F.);
#1735 = EDGE_LOOP('',(#1736,#1737,#1743,#1744));
#1736 = ORIENTED_EDGE('',*,*,#1548,.T.);
#1737 = ORIENTED_EDGE('',*,*,#1738,.F.);
#1738 = EDGE_CURVE('',#1612,#1461,#1739,.T.);
#1739 = LINE('',#1740,#1741);
#1740 = CARTESIAN_POINT('',(3.,0.85,-0.75));
#1741 = VECTOR('',#1742,1.);
#1742 = DIRECTION('',(-1.,-0.,-0.));
#1743 = ORIENTED_EDGE('',*,*,#1611,.F.);
#1744 = ORIENTED_EDGE('',*,*,#1580,.F.);
#1745 = PLANE('',#1746);
#1746 = AXIS2_PLACEMENT_3D('',#1747,#1748,#1749);
#1747 = CARTESIAN_POINT('',(1.,-1.,-0.75));
#1748 = DIRECTION('',(0.,0.,1.));
#1749 = DIRECTION('',(0.,1.,0.));
#1750 = ADVANCED_FACE('',(#1751),#1777,.T.);
#1751 = FACE_BOUND('',#1752,.F.);
#1752 = EDGE_LOOP('',(#1753,#1761,#1769,#1775,#1776));
#1753 = ORIENTED_EDGE('',*,*,#1754,.F.);
#1754 = EDGE_CURVE('',#1755,#1612,#1757,.T.);
#1755 = VERTEX_POINT('',#1756);
#1756 = CARTESIAN_POINT('',(3.15,1.,-0.75));
#1757 = LINE('',#1758,#1759);
#1758 = CARTESIAN_POINT('',(2.575,0.425,-0.75));
#1759 = VECTOR('',#1760,1.);
#1760 = DIRECTION('',(-0.707106781187,-0.707106781187,0.));
#1761 = ORIENTED_EDGE('',*,*,#1762,.T.);
#1762 = EDGE_CURVE('',#1755,#1763,#1765,.T.);
#1763 = VERTEX_POINT('',#1764);
#1764 = CARTESIAN_POINT('',(3.15,1.,0.75));
#1765 = LINE('',#1766,#1767);
#1766 = CARTESIAN_POINT('',(3.15,1.,-0.75));
#1767 = VECTOR('',#1768,1.);
#1768 = DIRECTION('',(0.,0.,1.));
#1769 = ORIENTED_EDGE('',*,*,#1770,.T.);
#1770 = EDGE_CURVE('',#1763,#1621,#1771,.T.);
#1771 = LINE('',#1772,#1773);
#1772 = CARTESIAN_POINT('',(3.075,0.925,0.75));
#1773 = VECTOR('',#1774,1.);
#1774 = DIRECTION('',(-0.707106781187,-0.707106781187,-0.));
#1775 = ORIENTED_EDGE('',*,*,#1628,.F.);
#1776 = ORIENTED_EDGE('',*,*,#1636,.F.);
#1777 = PLANE('',#1778);
#1778 = AXIS2_PLACEMENT_3D('',#1779,#1780,#1781);
#1779 = CARTESIAN_POINT('',(3.075,0.925,-0.75));
#1780 = DIRECTION('',(-0.707106781187,0.707106781187,0.));
#1781 = DIRECTION('',(-0.,-0.,-1.));
#1782 = ADVANCED_FACE('',(#1783),#1808,.F.);
#1783 = FACE_BOUND('',#1784,.F.);
#1784 = EDGE_LOOP('',(#1785,#1793,#1801,#1807));
#1785 = ORIENTED_EDGE('',*,*,#1786,.T.);
#1786 = EDGE_CURVE('',#1755,#1787,#1789,.T.);
#1787 = VERTEX_POINT('',#1788);
#1788 = CARTESIAN_POINT('',(4.85,1.,-0.75));
#1789 = LINE('',#1790,#1791);
#1790 = CARTESIAN_POINT('',(3.,1.,-0.75));
#1791 = VECTOR('',#1792,1.);
#1792 = DIRECTION('',(1.,0.,0.));
#1793 = ORIENTED_EDGE('',*,*,#1794,.T.);
#1794 = EDGE_CURVE('',#1787,#1795,#1797,.T.);
#1795 = VERTEX_POINT('',#1796);
#1796 = CARTESIAN_POINT('',(4.85,1.,0.75));
#1797 = LINE('',#1798,#1799);
#1798 = CARTESIAN_POINT('',(4.85,1.,-0.75));
#1799 = VECTOR('',#1800,1.);
#1800 = DIRECTION('',(0.,0.,1.));
#1801 = ORIENTED_EDGE('',*,*,#1802,.F.);
#1802 = EDGE_CURVE('',#1763,#1795,#1803,.T.);
#1803 = LINE('',#1804,#1805);
#1804 = CARTESIAN_POINT('',(3.,1.,0.75));
#1805 = VECTOR('',#1806,1.);
#1806 = DIRECTION('',(1.,0.,0.));
#1807 = ORIENTED_EDGE('',*,*,#1762,.F.);
#1808 = PLANE('',#1809);
#1809 = AXIS2_PLACEMENT_3D('',#1810,#1811,#1812);
#1810 = CARTESIAN_POINT('',(3.,1.,-0.75));
#1811 = DIRECTION('',(0.,-1.,0.));
#1812 = DIRECTION('',(0.,0.,1.));
#1813 = ADVANCED_FACE('',(#1814),#1847,.F.);
#1814 = FACE_BOUND('',#1815,.T.);
#1815 = EDGE_LOOP('',(#1816,#1824,#1825,#1833,#1841));
#1816 = ORIENTED_EDGE('',*,*,#1817,.F.);
#1817 = EDGE_CURVE('',#1787,#1818,#1820,.T.);
#1818 = VERTEX_POINT('',#1819);
#1819 = CARTESIAN_POINT('',(5.,0.85,-0.75));
#1820 = LINE('',#1821,#1822);
#1821 = CARTESIAN_POINT('',(4.925,0.925,-0.75));
#1822 = VECTOR('',#1823,1.);
#1823 = DIRECTION('',(0.707106781187,-0.707106781187,0.));
#1824 = ORIENTED_EDGE('',*,*,#1794,.T.);
#1825 = ORIENTED_EDGE('',*,*,#1826,.T.);
#1826 = EDGE_CURVE('',#1795,#1827,#1829,.T.);
#1827 = VERTEX_POINT('',#1828);
#1828 = CARTESIAN_POINT('',(5.,0.85,0.75));
#1829 = LINE('',#1830,#1831);
#1830 = CARTESIAN_POINT('',(4.425,1.425,0.75));
#1831 = VECTOR('',#1832,1.);
#1832 = DIRECTION('',(0.707106781187,-0.707106781187,0.));
#1833 = ORIENTED_EDGE('',*,*,#1834,.F.);
#1834 = EDGE_CURVE('',#1835,#1827,#1837,.T.);
#1835 = VERTEX_POINT('',#1836);
#1836 = CARTESIAN_POINT('',(5.,0.85,-0.597652));
#1837 = LINE('',#1838,#1839);
#1838 = CARTESIAN_POINT('',(5.,0.85,-0.75));
#1839 = VECTOR('',#1840,1.);
#1840 = DIRECTION('',(0.,0.,1.));
#1841 = ORIENTED_EDGE('',*,*,#1842,.F.);
#1842 = EDGE_CURVE('',#1818,#1835,#1843,.T.);
#1843 = LINE('',#1844,#1845);
#1844 = CARTESIAN_POINT('',(5.,0.85,-0.75));
#1845 = VECTOR('',#1846,1.);
#1846 = DIRECTION('',(0.,0.,1.));
#1847 = PLANE('',#1848);
#1848 = AXIS2_PLACEMENT_3D('',#1849,#1850,#1851);
#1849 = CARTESIAN_POINT('',(4.925,0.925,-0.75));
#1850 = DIRECTION('',(-0.707106781187,-0.707106781187,0.));
#1851 = DIRECTION('',(-0.,-0.,-1.));
#1852 = ADVANCED_FACE('',(#1853),#1879,.T.);
#1853 = FACE_BOUND('',#1854,.F.);
#1854 = EDGE_LOOP('',(#1855,#1863,#1871,#1877,#1878));
#1855 = ORIENTED_EDGE('',*,*,#1856,.F.);
#1856 = EDGE_CURVE('',#1857,#1682,#1859,.T.);
#1857 = VERTEX_POINT('',#1858);
#1858 = CARTESIAN_POINT('',(3.15,-1.,0.75));
#1859 = LINE('',#1860,#1861);
#1860 = CARTESIAN_POINT('',(2.575,-0.425,0.75));
#1861 = VECTOR('',#1862,1.);
#1862 = DIRECTION('',(-0.707106781187,0.707106781187,0.));
#1863 = ORIENTED_EDGE('',*,*,#1864,.T.);
#1864 = EDGE_CURVE('',#1857,#1865,#1867,.T.);
#1865 = VERTEX_POINT('',#1866);
#1866 = CARTESIAN_POINT('',(3.15,-1.,-0.75));
#1867 = LINE('',#1868,#1869);
#1868 = CARTESIAN_POINT('',(3.15,-1.,0.75));
#1869 = VECTOR('',#1870,1.);
#1870 = DIRECTION('',(0.,0.,-1.));
#1871 = ORIENTED_EDGE('',*,*,#1872,.T.);
#1872 = EDGE_CURVE('',#1865,#1691,#1873,.T.);
#1873 = LINE('',#1874,#1875);
#1874 = CARTESIAN_POINT('',(3.075,-0.925,-0.75));
#1875 = VECTOR('',#1876,1.);
#1876 = DIRECTION('',(-0.707106781187,0.707106781187,0.));
#1877 = ORIENTED_EDGE('',*,*,#1698,.F.);
#1878 = ORIENTED_EDGE('',*,*,#1706,.F.);
#1879 = PLANE('',#1880);
#1880 = AXIS2_PLACEMENT_3D('',#1881,#1882,#1883);
#1881 = CARTESIAN_POINT('',(3.075,-0.925,0.75));
#1882 = DIRECTION('',(-0.707106781187,-0.707106781187,0.));
#1883 = DIRECTION('',(0.,0.,1.));
#1884 = ADVANCED_FACE('',(#1885),#1910,.F.);
#1885 = FACE_BOUND('',#1886,.F.);
#1886 = EDGE_LOOP('',(#1887,#1895,#1903,#1909));
#1887 = ORIENTED_EDGE('',*,*,#1888,.T.);
#1888 = EDGE_CURVE('',#1857,#1889,#1891,.T.);
#1889 = VERTEX_POINT('',#1890);
#1890 = CARTESIAN_POINT('',(4.85,-1.,0.75));
#1891 = LINE('',#1892,#1893);
#1892 = CARTESIAN_POINT('',(3.,-1.,0.75));
#1893 = VECTOR('',#1894,1.);
#1894 = DIRECTION('',(1.,0.,0.));
#1895 = ORIENTED_EDGE('',*,*,#1896,.T.);
#1896 = EDGE_CURVE('',#1889,#1897,#1899,.T.);
#1897 = VERTEX_POINT('',#1898);
#1898 = CARTESIAN_POINT('',(4.85,-1.,-0.75));
#1899 = LINE('',#1900,#1901);
#1900 = CARTESIAN_POINT('',(4.85,-1.,0.75));
#1901 = VECTOR('',#1902,1.);
#1902 = DIRECTION('',(0.,0.,-1.));
#1903 = ORIENTED_EDGE('',*,*,#1904,.F.);
#1904 = EDGE_CURVE('',#1865,#1897,#1905,.T.);
#1905 = LINE('',#1906,#1907);
#1906 = CARTESIAN_POINT('',(3.,-1.,-0.75));
#1907 = VECTOR('',#1908,1.);
#1908 = DIRECTION('',(1.,0.,0.));
#1909 = ORIENTED_EDGE('',*,*,#1864,.F.);
#1910 = PLANE('',#1911);
#1911 = AXIS2_PLACEMENT_3D('',#1912,#1913,#1914);
#1912 = CARTESIAN_POINT('',(3.,-1.,0.75));
#1913 = DIRECTION('',(0.,1.,0.));
#1914 = DIRECTION('',(0.,0.,-1.));
#1915 = ADVANCED_FACE('',(#1916),#1949,.F.);
#1916 = FACE_BOUND('',#1917,.T.);
#1917 = EDGE_LOOP('',(#1918,#1926,#1927,#1935,#1943));
#1918 = ORIENTED_EDGE('',*,*,#1919,.F.);
#1919 = EDGE_CURVE('',#1889,#1920,#1922,.T.);
#1920 = VERTEX_POINT('',#1921);
#1921 = CARTESIAN_POINT('',(5.,-0.85,0.75));
#1922 = LINE('',#1923,#1924);
#1923 = CARTESIAN_POINT('',(4.925,-0.925,0.75));
#1924 = VECTOR('',#1925,1.);
#1925 = DIRECTION('',(0.707106781187,0.707106781187,0.));
#1926 = ORIENTED_EDGE('',*,*,#1896,.T.);
#1927 = ORIENTED_EDGE('',*,*,#1928,.T.);
#1928 = EDGE_CURVE('',#1897,#1929,#1931,.T.);
#1929 = VERTEX_POINT('',#1930);
#1930 = CARTESIAN_POINT('',(5.,-0.85,-0.75));
#1931 = LINE('',#1932,#1933);
#1932 = CARTESIAN_POINT('',(4.425,-1.425,-0.75));
#1933 = VECTOR('',#1934,1.);
#1934 = DIRECTION('',(0.707106781187,0.707106781187,0.));
#1935 = ORIENTED_EDGE('',*,*,#1936,.F.);
#1936 = EDGE_CURVE('',#1937,#1929,#1939,.T.);
#1937 = VERTEX_POINT('',#1938);
#1938 = CARTESIAN_POINT('',(5.,-0.85,-0.597652));
#1939 = LINE('',#1940,#1941);
#1940 = CARTESIAN_POINT('',(5.,-0.85,0.75));
#1941 = VECTOR('',#1942,1.);
#1942 = DIRECTION('',(0.,0.,-1.));
#1943 = ORIENTED_EDGE('',*,*,#1944,.F.);
#1944 = EDGE_CURVE('',#1920,#1937,#1945,.T.);
#1945 = LINE('',#1946,#1947);
#1946 = CARTESIAN_POINT('',(5.,-0.85,0.75));
#1947 = VECTOR('',#1948,1.);
#1948 = DIRECTION('',(0.,0.,-1.));
#1949 = PLANE('',#1950);
#1950 = AXIS2_PLACEMENT_3D('',#1951,#1952,#1953);
#1951 = CARTESIAN_POINT('',(4.925,-0.925,0.75));
#1952 = DIRECTION('',(-0.707106781187,0.707106781187,0.));
#1953 = DIRECTION('',(0.,0.,1.));
#1954 = ADVANCED_FACE('',(#1955),#1966,.F.);
#1955 = FACE_BOUND('',#1956,.F.);
#1956 = EDGE_LOOP('',(#1957,#1958,#1964,#1965));
#1957 = ORIENTED_EDGE('',*,*,#1754,.T.);
#1958 = ORIENTED_EDGE('',*,*,#1959,.F.);
#1959 = EDGE_CURVE('',#1818,#1612,#1960,.T.);
#1960 = LINE('',#1961,#1962);
#1961 = CARTESIAN_POINT('',(5.,0.85,-0.75));
#1962 = VECTOR('',#1963,1.);
#1963 = DIRECTION('',(-1.,-0.,-0.));
#1964 = ORIENTED_EDGE('',*,*,#1817,.F.);
#1965 = ORIENTED_EDGE('',*,*,#1786,.F.);
#1966 = PLANE('',#1967);
#1967 = AXIS2_PLACEMENT_3D('',#1968,#1969,#1970);
#1968 = CARTESIAN_POINT('',(3.,-1.,-0.75));
#1969 = DIRECTION('',(0.,0.,1.));
#1970 = DIRECTION('',(0.,1.,0.));
#1971 = ADVANCED_FACE('',(#1972),#1998,.T.);
#1972 = FACE_BOUND('',#1973,.F.);
#1973 = EDGE_LOOP('',(#1974,#1982,#1990,#1996,#1997));
#1974 = ORIENTED_EDGE('',*,*,#1975,.F.);
#1975 = EDGE_CURVE('',#1976,#1818,#1978,.T.);
#1976 = VERTEX_POINT('',#1977);
#1977 = CARTESIAN_POINT('',(5.15,1.,-0.75));
#1978 = LINE('',#1979,#1980);
#1979 = CARTESIAN_POINT('',(4.575,0.425,-0.75));
#1980 = VECTOR('',#1981,1.);
#1981 = DIRECTION('',(-0.707106781187,-0.707106781187,0.));
#1982 = ORIENTED_EDGE('',*,*,#1983,.T.);
#1983 = EDGE_CURVE('',#1976,#1984,#1986,.T.);
#1984 = VERTEX_POINT('',#1985);
#1985 = CARTESIAN_POINT('',(5.15,1.,0.75));
#1986 = LINE('',#1987,#1988);
#1987 = CARTESIAN_POINT('',(5.15,1.,-0.75));
#1988 = VECTOR('',#1989,1.);
#1989 = DIRECTION('',(0.,0.,1.));
#1990 = ORIENTED_EDGE('',*,*,#1991,.T.);
#1991 = EDGE_CURVE('',#1984,#1827,#1992,.T.);
#1992 = LINE('',#1993,#1994);
#1993 = CARTESIAN_POINT('',(5.075,0.925,0.75));
#1994 = VECTOR('',#1995,1.);
#1995 = DIRECTION('',(-0.707106781187,-0.707106781187,-0.));
#1996 = ORIENTED_EDGE('',*,*,#1834,.F.);
#1997 = ORIENTED_EDGE('',*,*,#1842,.F.);
#1998 = PLANE('',#1999);
#1999 = AXIS2_PLACEMENT_3D('',#2000,#2001,#2002);
#2000 = CARTESIAN_POINT('',(5.075,0.925,-0.75));
#2001 = DIRECTION('',(-0.707106781187,0.707106781187,0.));
#2002 = DIRECTION('',(-0.,-0.,-1.));
#2003 = ADVANCED_FACE('',(#2004),#2029,.F.);
#2004 = FACE_BOUND('',#2005,.F.);
#2005 = EDGE_LOOP('',(#2006,#2014,#2022,#2028));
#2006 = ORIENTED_EDGE('',*,*,#2007,.T.);
#2007 = EDGE_CURVE('',#1976,#2008,#2010,.T.);
#2008 = VERTEX_POINT('',#2009);
#2009 = CARTESIAN_POINT('',(6.85,1.,-0.75));
#2010 = LINE('',#2011,#2012);
#2011 = CARTESIAN_POINT('',(5.,1.,-0.75));
#2012 = VECTOR('',#2013,1.);
#2013 = DIRECTION('',(1.,0.,0.));
#2014 = ORIENTED_EDGE('',*,*,#2015,.T.);
#2015 = EDGE_CURVE('',#2008,#2016,#2018,.T.);
#2016 = VERTEX_POINT('',#2017);
#2017 = CARTESIAN_POINT('',(6.85,1.,0.75));
#2018 = LINE('',#2019,#2020);
#2019 = CARTESIAN_POINT('',(6.85,1.,-0.75));
#2020 = VECTOR('',#2021,1.);
#2021 = DIRECTION('',(0.,0.,1.));
#2022 = ORIENTED_EDGE('',*,*,#2023,.F.);
#2023 = EDGE_CURVE('',#1984,#2016,#2024,.T.);
#2024 = LINE('',#2025,#2026);
#2025 = CARTESIAN_POINT('',(5.,1.,0.75));
#2026 = VECTOR('',#2027,1.);
#2027 = DIRECTION('',(1.,0.,0.));
#2028 = ORIENTED_EDGE('',*,*,#1983,.F.);
#2029 = PLANE('',#2030);
#2030 = AXIS2_PLACEMENT_3D('',#2031,#2032,#2033);
#2031 = CARTESIAN_POINT('',(5.,1.,-0.75));
#2032 = DIRECTION('',(0.,-1.,0.));
#2033 = DIRECTION('',(0.,0.,1.));
#2034 = ADVANCED_FACE('',(#2035),#2068,.F.);
#2035 = FACE_BOUND('',#2036,.T.);
#2036 = EDGE_LOOP('',(#2037,#2045,#2046,#2054,#2062));
#2037 = ORIENTED_EDGE('',*,*,#2038,.F.);
#2038 = EDGE_CURVE('',#2008,#2039,#2041,.T.);
#2039 = VERTEX_POINT('',#2040);
#2040 = CARTESIAN_POINT('',(7.,0.85,-0.75));
#2041 = LINE('',#2042,#2043);
#2042 = CARTESIAN_POINT('',(6.925,0.925,-0.75));
#2043 = VECTOR('',#2044,1.);
#2044 = DIRECTION('',(0.707106781187,-0.707106781187,0.));
#2045 = ORIENTED_EDGE('',*,*,#2015,.T.);
#2046 = ORIENTED_EDGE('',*,*,#2047,.T.);
#2047 = EDGE_CURVE('',#2016,#2048,#2050,.T.);
#2048 = VERTEX_POINT('',#2049);
#2049 = CARTESIAN_POINT('',(7.,0.85,0.75));
#2050 = LINE('',#2051,#2052);
#2051 = CARTESIAN_POINT('',(6.425,1.425,0.75));
#2052 = VECTOR('',#2053,1.);
#2053 = DIRECTION('',(0.707106781187,-0.707106781187,0.));
#2054 = ORIENTED_EDGE('',*,*,#2055,.F.);
#2055 = EDGE_CURVE('',#2056,#2048,#2058,.T.);
#2056 = VERTEX_POINT('',#2057);
#2057 = CARTESIAN_POINT('',(7.,0.85,-0.597652));
#2058 = LINE('',#2059,#2060);
#2059 = CARTESIAN_POINT('',(7.,0.85,-0.75));
#2060 = VECTOR('',#2061,1.);
#2061 = DIRECTION('',(0.,0.,1.));
#2062 = ORIENTED_EDGE('',*,*,#2063,.F.);
#2063 = EDGE_CURVE('',#2039,#2056,#2064,.T.);
#2064 = LINE('',#2065,#2066);
#2065 = CARTESIAN_POINT('',(7.,0.85,-0.75));
#2066 = VECTOR('',#2067,1.);
#2067 = DIRECTION('',(0.,0.,1.));
#2068 = PLANE('',#2069);
#2069 = AXIS2_PLACEMENT_3D('',#2070,#2071,#2072);
#2070 = CARTESIAN_POINT('',(6.925,0.925,-0.75));
#2071 = DIRECTION('',(-0.707106781187,-0.707106781187,0.));
#2072 = DIRECTION('',(-0.,-0.,-1.));
#2073 = ADVANCED_FACE('',(#2074),#2099,.T.);
#2074 = FACE_BOUND('',#2075,.T.);
#2075 = EDGE_LOOP('',(#2076,#2086,#2092,#2093));
#2076 = ORIENTED_EDGE('',*,*,#2077,.T.);
#2077 = EDGE_CURVE('',#2078,#2080,#2082,.T.);
#2078 = VERTEX_POINT('',#2079);
#2079 = CARTESIAN_POINT('',(7.,-0.85,0.75));
#2080 = VERTEX_POINT('',#2081);
#2081 = CARTESIAN_POINT('',(7.,-0.85,-0.597652));
#2082 = LINE('',#2083,#2084);
#2083 = CARTESIAN_POINT('',(7.,-0.85,0.75));
#2084 = VECTOR('',#2085,1.);
#2085 = DIRECTION('',(0.,0.,-1.));
#2086 = ORIENTED_EDGE('',*,*,#2087,.F.);
#2087 = EDGE_CURVE('',#2056,#2080,#2088,.T.);
#2088 = LINE('',#2089,#2090);
#2089 = CARTESIAN_POINT('',(7.,0.85,-0.597652));
#2090 = VECTOR('',#2091,1.);
#2091 = DIRECTION('',(0.,-1.,0.));
#2092 = ORIENTED_EDGE('',*,*,#2055,.T.);
#2093 = ORIENTED_EDGE('',*,*,#2094,.T.);
#2094 = EDGE_CURVE('',#2048,#2078,#2095,.T.);
#2095 = LINE('',#2096,#2097);
#2096 = CARTESIAN_POINT('',(7.,1.,0.75));
#2097 = VECTOR('',#2098,1.);
#2098 = DIRECTION('',(0.,-1.,0.));
#2099 = PLANE('',#2100);
#2100 = AXIS2_PLACEMENT_3D('',#2101,#2102,#2103);
#2101 = CARTESIAN_POINT('',(7.,0.,0.));
#2102 = DIRECTION('',(1.,0.,0.));
#2103 = DIRECTION('',(0.,0.,1.));
#2104 = ADVANCED_FACE('',(#2105),#2131,.T.);
#2105 = FACE_BOUND('',#2106,.F.);
#2106 = EDGE_LOOP('',(#2107,#2115,#2123,#2129,#2130));
#2107 = ORIENTED_EDGE('',*,*,#2108,.F.);
#2108 = EDGE_CURVE('',#2109,#1920,#2111,.T.);
#2109 = VERTEX_POINT('',#2110);
#2110 = CARTESIAN_POINT('',(5.15,-1.,0.75));
#2111 = LINE('',#2112,#2113);
#2112 = CARTESIAN_POINT('',(4.575,-0.425,0.75));
#2113 = VECTOR('',#2114,1.);
#2114 = DIRECTION('',(-0.707106781187,0.707106781187,0.));
#2115 = ORIENTED_EDGE('',*,*,#2116,.T.);
#2116 = EDGE_CURVE('',#2109,#2117,#2119,.T.);
#2117 = VERTEX_POINT('',#2118);
#2118 = CARTESIAN_POINT('',(5.15,-1.,-0.75));
#2119 = LINE('',#2120,#2121);
#2120 = CARTESIAN_POINT('',(5.15,-1.,0.75));
#2121 = VECTOR('',#2122,1.);
#2122 = DIRECTION('',(0.,0.,-1.));
#2123 = ORIENTED_EDGE('',*,*,#2124,.T.);
#2124 = EDGE_CURVE('',#2117,#1929,#2125,.T.);
#2125 = LINE('',#2126,#2127);
#2126 = CARTESIAN_POINT('',(5.075,-0.925,-0.75));
#2127 = VECTOR('',#2128,1.);
#2128 = DIRECTION('',(-0.707106781187,0.707106781187,0.));
#2129 = ORIENTED_EDGE('',*,*,#1936,.F.);
#2130 = ORIENTED_EDGE('',*,*,#1944,.F.);
#2131 = PLANE('',#2132);
#2132 = AXIS2_PLACEMENT_3D('',#2133,#2134,#2135);
#2133 = CARTESIAN_POINT('',(5.075,-0.925,0.75));
#2134 = DIRECTION('',(-0.707106781187,-0.707106781187,0.));
#2135 = DIRECTION('',(0.,0.,1.));
#2136 = ADVANCED_FACE('',(#2137),#2170,.F.);
#2137 = FACE_BOUND('',#2138,.T.);
#2138 = EDGE_LOOP('',(#2139,#2147,#2155,#2163,#2169));
#2139 = ORIENTED_EDGE('',*,*,#2140,.F.);
#2140 = EDGE_CURVE('',#2141,#2078,#2143,.T.);
#2141 = VERTEX_POINT('',#2142);
#2142 = CARTESIAN_POINT('',(6.85,-1.,0.75));
#2143 = LINE('',#2144,#2145);
#2144 = CARTESIAN_POINT('',(6.925,-0.925,0.75));
#2145 = VECTOR('',#2146,1.);
#2146 = DIRECTION('',(0.707106781187,0.707106781187,0.));
#2147 = ORIENTED_EDGE('',*,*,#2148,.T.);
#2148 = EDGE_CURVE('',#2141,#2149,#2151,.T.);
#2149 = VERTEX_POINT('',#2150);
#2150 = CARTESIAN_POINT('',(6.85,-1.,-0.75));
#2151 = LINE('',#2152,#2153);
#2152 = CARTESIAN_POINT('',(6.85,-1.,0.75));
#2153 = VECTOR('',#2154,1.);
#2154 = DIRECTION('',(0.,0.,-1.));
#2155 = ORIENTED_EDGE('',*,*,#2156,.T.);
#2156 = EDGE_CURVE('',#2149,#2157,#2159,.T.);
#2157 = VERTEX_POINT('',#2158);
#2158 = CARTESIAN_POINT('',(7.,-0.85,-0.75));
#2159 = LINE('',#2160,#2161);
#2160 = CARTESIAN_POINT('',(6.425,-1.425,-0.75));
#2161 = VECTOR('',#2162,1.);
#2162 = DIRECTION('',(0.707106781187,0.707106781187,0.));
#2163 = ORIENTED_EDGE('',*,*,#2164,.F.);
#2164 = EDGE_CURVE('',#2080,#2157,#2165,.T.);
#2165 = LINE('',#2166,#2167);
#2166 = CARTESIAN_POINT('',(7.,-0.85,0.75));
#2167 = VECTOR('',#2168,1.);
#2168 = DIRECTION('',(0.,0.,-1.));
#2169 = ORIENTED_EDGE('',*,*,#2077,.F.);
#2170 = PLANE('',#2171);
#2171 = AXIS2_PLACEMENT_3D('',#2172,#2173,#2174);
#2172 = CARTESIAN_POINT('',(6.925,-0.925,0.75));
#2173 = DIRECTION('',(-0.707106781187,0.707106781187,0.));
#2174 = DIRECTION('',(0.,0.,1.));
#2175 = ADVANCED_FACE('',(#2176),#2192,.F.);
#2176 = FACE_BOUND('',#2177,.F.);
#2177 = EDGE_LOOP('',(#2178,#2184,#2185,#2191));
#2178 = ORIENTED_EDGE('',*,*,#2179,.T.);
#2179 = EDGE_CURVE('',#2109,#2141,#2180,.T.);
#2180 = LINE('',#2181,#2182);
#2181 = CARTESIAN_POINT('',(5.,-1.,0.75));
#2182 = VECTOR('',#2183,1.);
#2183 = DIRECTION('',(1.,0.,0.));
#2184 = ORIENTED_EDGE('',*,*,#2148,.T.);
#2185 = ORIENTED_EDGE('',*,*,#2186,.F.);
#2186 = EDGE_CURVE('',#2117,#2149,#2187,.T.);
#2187 = LINE('',#2188,#2189);
#2188 = CARTESIAN_POINT('',(5.,-1.,-0.75));
#2189 = VECTOR('',#2190,1.);
#2190 = DIRECTION('',(1.,0.,0.));
#2191 = ORIENTED_EDGE('',*,*,#2116,.F.);
#2192 = PLANE('',#2193);
#2193 = AXIS2_PLACEMENT_3D('',#2194,#2195,#2196);
#2194 = CARTESIAN_POINT('',(5.,-1.,0.75));
#2195 = DIRECTION('',(0.,1.,0.));
#2196 = DIRECTION('',(0.,0.,-1.));
#2197 = ADVANCED_FACE('',(#2198),#2209,.F.);
#2198 = FACE_BOUND('',#2199,.F.);
#2199 = EDGE_LOOP('',(#2200,#2201,#2202,#2203));
#2200 = ORIENTED_EDGE('',*,*,#1872,.F.);
#2201 = ORIENTED_EDGE('',*,*,#1904,.T.);
#2202 = ORIENTED_EDGE('',*,*,#1928,.T.);
#2203 = ORIENTED_EDGE('',*,*,#2204,.T.);
#2204 = EDGE_CURVE('',#1929,#1691,#2205,.T.);
#2205 = LINE('',#2206,#2207);
#2206 = CARTESIAN_POINT('',(5.,-0.85,-0.75));
#2207 = VECTOR('',#2208,1.);
#2208 = DIRECTION('',(-1.,-0.,-0.));
#2209 = PLANE('',#2210);
#2210 = AXIS2_PLACEMENT_3D('',#2211,#2212,#2213);
#2211 = CARTESIAN_POINT('',(3.,-1.,-0.75));
#2212 = DIRECTION('',(0.,0.,1.));
#2213 = DIRECTION('',(0.,1.,0.));
#2214 = ADVANCED_FACE('',(#2215),#2226,.F.);
#2215 = FACE_BOUND('',#2216,.F.);
#2216 = EDGE_LOOP('',(#2217,#2218,#2224,#2225));
#2217 = ORIENTED_EDGE('',*,*,#1975,.T.);
#2218 = ORIENTED_EDGE('',*,*,#2219,.F.);
#2219 = EDGE_CURVE('',#2039,#1818,#2220,.T.);
#2220 = LINE('',#2221,#2222);
#2221 = CARTESIAN_POINT('',(7.,0.85,-0.75));
#2222 = VECTOR('',#2223,1.);
#2223 = DIRECTION('',(-1.,-0.,-0.));
#2224 = ORIENTED_EDGE('',*,*,#2038,.F.);
#2225 = ORIENTED_EDGE('',*,*,#2007,.F.);
#2226 = PLANE('',#2227);
#2227 = AXIS2_PLACEMENT_3D('',#2228,#2229,#2230);
#2228 = CARTESIAN_POINT('',(5.,-1.,-0.75));
#2229 = DIRECTION('',(0.,0.,1.));
#2230 = DIRECTION('',(0.,1.,0.));
#2231 = ADVANCED_FACE('',(#2232),#2243,.F.);
#2232 = FACE_BOUND('',#2233,.F.);
#2233 = EDGE_LOOP('',(#2234,#2235,#2236,#2237));
#2234 = ORIENTED_EDGE('',*,*,#2124,.F.);
#2235 = ORIENTED_EDGE('',*,*,#2186,.T.);
#2236 = ORIENTED_EDGE('',*,*,#2156,.T.);
#2237 = ORIENTED_EDGE('',*,*,#2238,.T.);
#2238 = EDGE_CURVE('',#2157,#1929,#2239,.T.);
#2239 = LINE('',#2240,#2241);
#2240 = CARTESIAN_POINT('',(7.,-0.85,-0.75));
#2241 = VECTOR('',#2242,1.);
#2242 = DIRECTION('',(-1.,-0.,-0.));
#2243 = PLANE('',#2244);
#2244 = AXIS2_PLACEMENT_3D('',#2245,#2246,#2247);
#2245 = CARTESIAN_POINT('',(5.,-1.,-0.75));
#2246 = DIRECTION('',(0.,0.,1.));
#2247 = DIRECTION('',(0.,1.,0.));
#2248 = ADVANCED_FACE('',(#2249),#2277,.T.);
#2249 = FACE_BOUND('',#2250,.T.);
#2250 = EDGE_LOOP('',(#2251,#2252,#2253,#2254,#2255,#2256,#2257,#2258,
    #2259,#2260,#2261,#2262,#2263,#2264,#2265,#2266,#2267,#2268,#2269,
    #2270,#2271,#2272,#2273,#2274,#2275,#2276));
#2251 = ORIENTED_EDGE('',*,*,#1408,.F.);
#2252 = ORIENTED_EDGE('',*,*,#1439,.T.);
#2253 = ORIENTED_EDGE('',*,*,#1376,.T.);
#2254 = ORIENTED_EDGE('',*,*,#1264,.F.);
#2255 = ORIENTED_EDGE('',*,*,#1224,.T.);
#2256 = ORIENTED_EDGE('',*,*,#1303,.T.);
#2257 = ORIENTED_EDGE('',*,*,#1499,.F.);
#2258 = ORIENTED_EDGE('',*,*,#1650,.T.);
#2259 = ORIENTED_EDGE('',*,*,#1681,.T.);
#2260 = ORIENTED_EDGE('',*,*,#1856,.F.);
#2261 = ORIENTED_EDGE('',*,*,#1888,.T.);
#2262 = ORIENTED_EDGE('',*,*,#1919,.T.);
#2263 = ORIENTED_EDGE('',*,*,#2108,.F.);
#2264 = ORIENTED_EDGE('',*,*,#2179,.T.);
#2265 = ORIENTED_EDGE('',*,*,#2140,.T.);
#2266 = ORIENTED_EDGE('',*,*,#2094,.F.);
#2267 = ORIENTED_EDGE('',*,*,#2047,.F.);
#2268 = ORIENTED_EDGE('',*,*,#2023,.F.);
#2269 = ORIENTED_EDGE('',*,*,#1991,.T.);
#2270 = ORIENTED_EDGE('',*,*,#1826,.F.);
#2271 = ORIENTED_EDGE('',*,*,#1802,.F.);
#2272 = ORIENTED_EDGE('',*,*,#1770,.T.);
#2273 = ORIENTED_EDGE('',*,*,#1620,.F.);
#2274 = ORIENTED_EDGE('',*,*,#1596,.F.);
#2275 = ORIENTED_EDGE('',*,*,#1564,.T.);
#2276 = ORIENTED_EDGE('',*,*,#1469,.F.);
#2277 = PLANE('',#2278);
#2278 = AXIS2_PLACEMENT_3D('',#2279,#2280,#2281);
#2279 = CARTESIAN_POINT('',(3.,-1.143206572991E-16,0.75));
#2280 = DIRECTION('',(0.,0.,1.));
#2281 = DIRECTION('',(1.,0.,-0.));
#2282 = ADVANCED_FACE('',(#2283),#2315,.T.);
#2283 = FACE_BOUND('',#2284,.T.);
#2284 = EDGE_LOOP('',(#2285,#2291,#2297,#2303,#2309,#2310,#2311,#2312,
    #2313,#2314));
#2285 = ORIENTED_EDGE('',*,*,#2286,.F.);
#2286 = EDGE_CURVE('',#1321,#1282,#2287,.T.);
#2287 = LINE('',#2288,#2289);
#2288 = CARTESIAN_POINT('',(1.,-0.85,-0.597652));
#2289 = VECTOR('',#2290,1.);
#2290 = DIRECTION('',(-1.,-0.,-0.));
#2291 = ORIENTED_EDGE('',*,*,#2292,.F.);
#2292 = EDGE_CURVE('',#1699,#1321,#2293,.T.);
#2293 = LINE('',#2294,#2295);
#2294 = CARTESIAN_POINT('',(3.,-0.85,-0.597652));
#2295 = VECTOR('',#2296,1.);
#2296 = DIRECTION('',(-1.,-0.,-0.));
#2297 = ORIENTED_EDGE('',*,*,#2298,.F.);
#2298 = EDGE_CURVE('',#1937,#1699,#2299,.T.);
#2299 = LINE('',#2300,#2301);
#2300 = CARTESIAN_POINT('',(5.,-0.85,-0.597652));
#2301 = VECTOR('',#2302,1.);
#2302 = DIRECTION('',(-1.,-0.,-0.));
#2303 = ORIENTED_EDGE('',*,*,#2304,.F.);
#2304 = EDGE_CURVE('',#2080,#1937,#2305,.T.);
#2305 = LINE('',#2306,#2307);
#2306 = CARTESIAN_POINT('',(7.,-0.85,-0.597652));
#2307 = VECTOR('',#2308,1.);
#2308 = DIRECTION('',(-1.,-0.,-0.));
#2309 = ORIENTED_EDGE('',*,*,#2164,.T.);
#2310 = ORIENTED_EDGE('',*,*,#2238,.T.);
#2311 = ORIENTED_EDGE('',*,*,#2204,.T.);
#2312 = ORIENTED_EDGE('',*,*,#1723,.T.);
#2313 = ORIENTED_EDGE('',*,*,#1345,.T.);
#2314 = ORIENTED_EDGE('',*,*,#1281,.F.);
#2315 = PLANE('',#2316);
#2316 = AXIS2_PLACEMENT_3D('',#2317,#2318,#2319);
#2317 = CARTESIAN_POINT('',(3.,-0.85,-0.673826));
#2318 = DIRECTION('',(0.,1.,0.));
#2319 = DIRECTION('',(0.,-0.,1.));
#2320 = ADVANCED_FACE('',(#2321),#2353,.T.);
#2321 = FACE_BOUND('',#2322,.T.);
#2322 = EDGE_LOOP('',(#2323,#2324,#2325,#2326,#2327,#2328,#2334,#2340,
    #2346,#2352));
#2323 = ORIENTED_EDGE('',*,*,#1532,.F.);
#2324 = ORIENTED_EDGE('',*,*,#1738,.F.);
#2325 = ORIENTED_EDGE('',*,*,#1959,.F.);
#2326 = ORIENTED_EDGE('',*,*,#2219,.F.);
#2327 = ORIENTED_EDGE('',*,*,#2063,.T.);
#2328 = ORIENTED_EDGE('',*,*,#2329,.T.);
#2329 = EDGE_CURVE('',#2056,#1835,#2330,.T.);
#2330 = LINE('',#2331,#2332);
#2331 = CARTESIAN_POINT('',(7.,0.85,-0.597652));
#2332 = VECTOR('',#2333,1.);
#2333 = DIRECTION('',(-1.,-0.,-0.));
#2334 = ORIENTED_EDGE('',*,*,#2335,.T.);
#2335 = EDGE_CURVE('',#1835,#1629,#2336,.T.);
#2336 = LINE('',#2337,#2338);
#2337 = CARTESIAN_POINT('',(5.,0.85,-0.597652));
#2338 = VECTOR('',#2339,1.);
#2339 = DIRECTION('',(-1.,-0.,-0.));
#2340 = ORIENTED_EDGE('',*,*,#2341,.T.);
#2341 = EDGE_CURVE('',#1629,#1478,#2342,.T.);
#2342 = LINE('',#2343,#2344);
#2343 = CARTESIAN_POINT('',(3.,0.85,-0.597652));
#2344 = VECTOR('',#2345,1.);
#2345 = DIRECTION('',(-1.,-0.,-0.));
#2346 = ORIENTED_EDGE('',*,*,#2347,.T.);
#2347 = EDGE_CURVE('',#1478,#1361,#2348,.T.);
#2348 = LINE('',#2349,#2350);
#2349 = CARTESIAN_POINT('',(1.,0.85,-0.597652));
#2350 = VECTOR('',#2351,1.);
#2351 = DIRECTION('',(-1.,-0.,-0.));
#2352 = ORIENTED_EDGE('',*,*,#1446,.F.);
#2353 = PLANE('',#2354);
#2354 = AXIS2_PLACEMENT_3D('',#2355,#2356,#2357);
#2355 = CARTESIAN_POINT('',(3.,0.85,-0.673826));
#2356 = DIRECTION('',(-0.,-1.,-0.));
#2357 = DIRECTION('',(0.,0.,-1.));
#2358 = ADVANCED_FACE('',(#2359),#2371,.T.);
#2359 = FACE_BOUND('',#2360,.T.);
#2360 = EDGE_LOOP('',(#2361,#2362,#2363,#2364,#2365,#2366,#2367,#2368,
    #2369,#2370));
#2361 = ORIENTED_EDGE('',*,*,#2347,.F.);
#2362 = ORIENTED_EDGE('',*,*,#2341,.F.);
#2363 = ORIENTED_EDGE('',*,*,#2335,.F.);
#2364 = ORIENTED_EDGE('',*,*,#2329,.F.);
#2365 = ORIENTED_EDGE('',*,*,#2087,.T.);
#2366 = ORIENTED_EDGE('',*,*,#2304,.T.);
#2367 = ORIENTED_EDGE('',*,*,#2298,.T.);
#2368 = ORIENTED_EDGE('',*,*,#2292,.T.);
#2369 = ORIENTED_EDGE('',*,*,#2286,.T.);
#2370 = ORIENTED_EDGE('',*,*,#1360,.F.);
#2371 = PLANE('',#2372);
#2372 = AXIS2_PLACEMENT_3D('',#2373,#2374,#2375);
#2373 = CARTESIAN_POINT('',(3.,-1.144559819201E-17,-0.597652));
#2374 = DIRECTION('',(-0.,-0.,-1.));
#2375 = DIRECTION('',(-1.,0.,0.));
#2376 = ( GEOMETRIC_REPRESENTATION_CONTEXT(3) 
GLOBAL_UNCERTAINTY_ASSIGNED_CONTEXT((#2380)) 
GLOBAL_UNIT_ASSIGNED_CONTEXT((#2377,#2378,#2379)) REPRESENTATION_CONTEXT
('Context #1','3D Context with UNIT and UNCERTAINTY') );
#2377 = ( LENGTH_UNIT() NAMED_UNIT(*) SI_UNIT(.MILLI.,.METRE.) );
#2378 = ( NAMED_UNIT(*) PLANE_ANGLE_UNIT() SI_UNIT($,.RADIAN.) );
#2379 = ( NAMED_UNIT(*) SI_UNIT($,.STERADIAN.) SOLID_ANGLE_UNIT() );
#2380 = UNCERTAINTY_MEASURE_WITH_UNIT(LENGTH_MEASURE(1.E-07),#2377,
  'distance_accuracy_value','confusion accuracy');
#2381 = CONTEXT_DEPENDENT_SHAPE_REPRESENTATION(#2382,#2384);
#2382 = ( REPRESENTATION_RELATIONSHIP('','',#1217,#10) 
REPRESENTATION_RELATIONSHIP_WITH_TRANSFORMATION(#2383) 
SHAPE_REPRESENTATION_RELATIONSHIP() );
#2383 = ITEM_DEFINED_TRANSFORMATION('','',#11,#19);
#2384 = PRODUCT_DEFINITION_SHAPE('Placement','Placement of an item',
  #2385);
#2385 = NEXT_ASSEMBLY_USAGE_OCCURRENCE('2','LinearPattern','',#5,#1212,$
  );
#2386 = PRODUCT_RELATED_PRODUCT_CATEGORY('part',$,(#1214));
#2387 = SHAPE_DEFINITION_REPRESENTATION(#2388,#2394);
#2388 = PRODUCT_DEFINITION_SHAPE('','',#2389);
#2389 = PRODUCT_DEFINITION('design','',#2390,#2393);
#2390 = PRODUCT_DEFINITION_FORMATION('','',#2391);
#2391 = PRODUCT('LinearPattern001','LinearPattern001','',(#2392));
#2392 = PRODUCT_CONTEXT('',#2,'mechanical');
#2393 = PRODUCT_DEFINITION_CONTEXT('part definition',#2,'design');
#2394 = SHAPE_REPRESENTATION('',(#11,#2395,#2737,#3079,#3421),#3763);
#2395 = MANIFOLD_SOLID_BREP('',#2396);
#2396 = CLOSED_SHELL('',(#2397,#2437,#2468,#2499,#2530,#2561,#2585,#2609
    ,#2631,#2655,#2672,#2696,#2713,#2725));
#2397 = ADVANCED_FACE('',(#2398),#2432,.F.);
#2398 = FACE_BOUND('',#2399,.F.);
#2399 = EDGE_LOOP('',(#2400,#2410,#2418,#2426));
#2400 = ORIENTED_EDGE('',*,*,#2401,.F.);
#2401 = EDGE_CURVE('',#2402,#2404,#2406,.T.);
#2402 = VERTEX_POINT('',#2403);
#2403 = CARTESIAN_POINT('',(-0.25,0.25,3.5));
#2404 = VERTEX_POINT('',#2405);
#2405 = CARTESIAN_POINT('',(-0.25,0.25,-3.5));
#2406 = LINE('',#2407,#2408);
#2407 = CARTESIAN_POINT('',(-0.25,0.25,3.65));
#2408 = VECTOR('',#2409,1.);
#2409 = DIRECTION('',(0.,0.,-1.));
#2410 = ORIENTED_EDGE('',*,*,#2411,.T.);
#2411 = EDGE_CURVE('',#2402,#2412,#2414,.T.);
#2412 = VERTEX_POINT('',#2413);
#2413 = CARTESIAN_POINT('',(-0.25,-0.25,3.5));
#2414 = LINE('',#2415,#2416);
#2415 = CARTESIAN_POINT('',(-0.25,0.25,3.5));
#2416 = VECTOR('',#2417,1.);
#2417 = DIRECTION('',(0.,-1.,2.2E-16));
#2418 = ORIENTED_EDGE('',*,*,#2419,.T.);
#2419 = EDGE_CURVE('',#2412,#2420,#2422,.T.);
#2420 = VERTEX_POINT('',#2421);
#2421 = CARTESIAN_POINT('',(-0.25,-0.25,-3.5));
#2422 = LINE('',#2423,#2424);
#2423 = CARTESIAN_POINT('',(-0.25,-0.25,3.65));
#2424 = VECTOR('',#2425,1.);
#2425 = DIRECTION('',(0.,0.,-1.));
#2426 = ORIENTED_EDGE('',*,*,#2427,.F.);
#2427 = EDGE_CURVE('',#2404,#2420,#2428,.T.);
#2428 = LINE('',#2429,#2430);
#2429 = CARTESIAN_POINT('',(-0.25,0.25,-3.5));
#2430 = VECTOR('',#2431,1.);
#2431 = DIRECTION('',(0.,-1.,2.2E-16));
#2432 = PLANE('',#2433);
#2433 = AXIS2_PLACEMENT_3D('',#2434,#2435,#2436);
#2434 = CARTESIAN_POINT('',(-0.25,0.25,3.65));
#2435 = DIRECTION('',(1.,0.,0.));
#2436 = DIRECTION('',(0.,-2.2E-16,-1.));
#2437 = ADVANCED_FACE('',(#2438),#2463,.T.);
#2438 = FACE_BOUND('',#2439,.T.);
#2439 = EDGE_LOOP('',(#2440,#2441,#2449,#2457));
#2440 = ORIENTED_EDGE('',*,*,#2401,.F.);
#2441 = ORIENTED_EDGE('',*,*,#2442,.F.);
#2442 = EDGE_CURVE('',#2443,#2402,#2445,.T.);
#2443 = VERTEX_POINT('',#2444);
#2444 = CARTESIAN_POINT('',(0.25,0.25,3.5));
#2445 = LINE('',#2446,#2447);
#2446 = CARTESIAN_POINT('',(0.25,0.25,3.5));
#2447 = VECTOR('',#2448,1.);
#2448 = DIRECTION('',(-1.,0.,0.));
#2449 = ORIENTED_EDGE('',*,*,#2450,.F.);
#2450 = EDGE_CURVE('',#2451,#2443,#2453,.T.);
#2451 = VERTEX_POINT('',#2452);
#2452 = CARTESIAN_POINT('',(0.25,0.25,-3.5));
#2453 = LINE('',#2454,#2455);
#2454 = CARTESIAN_POINT('',(0.25,0.25,-3.65));
#2455 = VECTOR('',#2456,1.);
#2456 = DIRECTION('',(0.,0.,1.));
#2457 = ORIENTED_EDGE('',*,*,#2458,.F.);
#2458 = EDGE_CURVE('',#2404,#2451,#2459,.T.);
#2459 = LINE('',#2460,#2461);
#2460 = CARTESIAN_POINT('',(-0.25,0.25,-3.5));
#2461 = VECTOR('',#2462,1.);
#2462 = DIRECTION('',(1.,0.,0.));
#2463 = PLANE('',#2464);
#2464 = AXIS2_PLACEMENT_3D('',#2465,#2466,#2467);
#2465 = CARTESIAN_POINT('',(0.,0.25,-4.3E-16));
#2466 = DIRECTION('',(0.,1.,0.));
#2467 = DIRECTION('',(0.,0.,1.));
#2468 = ADVANCED_FACE('',(#2469),#2494,.T.);
#2469 = FACE_BOUND('',#2470,.T.);
#2470 = EDGE_LOOP('',(#2471,#2479,#2480,#2488));
#2471 = ORIENTED_EDGE('',*,*,#2472,.F.);
#2472 = EDGE_CURVE('',#2402,#2473,#2475,.T.);
#2473 = VERTEX_POINT('',#2474);
#2474 = CARTESIAN_POINT('',(-0.1,0.1,3.65));
#2475 = LINE('',#2476,#2477);
#2476 = CARTESIAN_POINT('',(-0.116666666667,0.116666666667,
    3.633333333333));
#2477 = VECTOR('',#2478,1.);
#2478 = DIRECTION('',(0.57735026919,-0.57735026919,0.57735026919));
#2479 = ORIENTED_EDGE('',*,*,#2411,.T.);
#2480 = ORIENTED_EDGE('',*,*,#2481,.F.);
#2481 = EDGE_CURVE('',#2482,#2412,#2484,.T.);
#2482 = VERTEX_POINT('',#2483);
#2483 = CARTESIAN_POINT('',(-0.1,-0.1,3.65));
#2484 = LINE('',#2485,#2486);
#2485 = CARTESIAN_POINT('',(-3.333333333333E-02,-3.333333333333E-02,
    3.716666666667));
#2486 = VECTOR('',#2487,1.);
#2487 = DIRECTION('',(-0.57735026919,-0.57735026919,-0.57735026919));
#2488 = ORIENTED_EDGE('',*,*,#2489,.F.);
#2489 = EDGE_CURVE('',#2473,#2482,#2490,.T.);
#2490 = LINE('',#2491,#2492);
#2491 = CARTESIAN_POINT('',(-0.1,0.25,3.65));
#2492 = VECTOR('',#2493,1.);
#2493 = DIRECTION('',(0.,-1.,2.2E-16));
#2494 = PLANE('',#2495);
#2495 = AXIS2_PLACEMENT_3D('',#2496,#2497,#2498);
#2496 = CARTESIAN_POINT('',(-0.175,0.25,3.575));
#2497 = DIRECTION('',(-0.707106781187,1.6E-16,0.707106781187));
#2498 = DIRECTION('',(-3.137084989848E-18,-1.,2.231370849898E-16));
#2499 = ADVANCED_FACE('',(#2500),#2525,.T.);
#2500 = FACE_BOUND('',#2501,.F.);
#2501 = EDGE_LOOP('',(#2502,#2510,#2511,#2519));
#2502 = ORIENTED_EDGE('',*,*,#2503,.F.);
#2503 = EDGE_CURVE('',#2404,#2504,#2506,.T.);
#2504 = VERTEX_POINT('',#2505);
#2505 = CARTESIAN_POINT('',(-1.E-01,0.1,-3.65));
#2506 = LINE('',#2507,#2508);
#2507 = CARTESIAN_POINT('',(-0.2,0.2,-3.55));
#2508 = VECTOR('',#2509,1.);
#2509 = DIRECTION('',(0.57735026919,-0.57735026919,-0.57735026919));
#2510 = ORIENTED_EDGE('',*,*,#2427,.T.);
#2511 = ORIENTED_EDGE('',*,*,#2512,.F.);
#2512 = EDGE_CURVE('',#2513,#2420,#2515,.T.);
#2513 = VERTEX_POINT('',#2514);
#2514 = CARTESIAN_POINT('',(-1.E-01,-1.E-01,-3.65));
#2515 = LINE('',#2516,#2517);
#2516 = CARTESIAN_POINT('',(-0.116666666667,-0.116666666667,
    -3.633333333333));
#2517 = VECTOR('',#2518,1.);
#2518 = DIRECTION('',(-0.57735026919,-0.57735026919,0.57735026919));
#2519 = ORIENTED_EDGE('',*,*,#2520,.F.);
#2520 = EDGE_CURVE('',#2504,#2513,#2521,.T.);
#2521 = LINE('',#2522,#2523);
#2522 = CARTESIAN_POINT('',(-0.1,0.25,-3.65));
#2523 = VECTOR('',#2524,1.);
#2524 = DIRECTION('',(0.,-1.,2.2E-16));
#2525 = PLANE('',#2526);
#2526 = AXIS2_PLACEMENT_3D('',#2527,#2528,#2529);
#2527 = CARTESIAN_POINT('',(-0.175,0.25,-3.575));
#2528 = DIRECTION('',(-0.707106781187,-1.6E-16,-0.707106781187));
#2529 = DIRECTION('',(-3.137084989848E-18,1.,-2.231370849898E-16));
#2530 = ADVANCED_FACE('',(#2531),#2556,.F.);
#2531 = FACE_BOUND('',#2532,.F.);
#2532 = EDGE_LOOP('',(#2533,#2534,#2542,#2550));
#2533 = ORIENTED_EDGE('',*,*,#2419,.F.);
#2534 = ORIENTED_EDGE('',*,*,#2535,.F.);
#2535 = EDGE_CURVE('',#2536,#2412,#2538,.T.);
#2536 = VERTEX_POINT('',#2537);
#2537 = CARTESIAN_POINT('',(0.25,-0.25,3.5));
#2538 = LINE('',#2539,#2540);
#2539 = CARTESIAN_POINT('',(0.25,-0.25,3.5));
#2540 = VECTOR('',#2541,1.);
#2541 = DIRECTION('',(-1.,0.,0.));
#2542 = ORIENTED_EDGE('',*,*,#2543,.F.);
#2543 = EDGE_CURVE('',#2544,#2536,#2546,.T.);
#2544 = VERTEX_POINT('',#2545);
#2545 = CARTESIAN_POINT('',(0.25,-0.25,-3.5));
#2546 = LINE('',#2547,#2548);
#2547 = CARTESIAN_POINT('',(0.25,-0.25,-3.65));
#2548 = VECTOR('',#2549,1.);
#2549 = DIRECTION('',(0.,0.,1.));
#2550 = ORIENTED_EDGE('',*,*,#2551,.F.);
#2551 = EDGE_CURVE('',#2420,#2544,#2552,.T.);
#2552 = LINE('',#2553,#2554);
#2553 = CARTESIAN_POINT('',(-0.25,-0.25,-3.5));
#2554 = VECTOR('',#2555,1.);
#2555 = DIRECTION('',(1.,0.,0.));
#2556 = PLANE('',#2557);
#2557 = AXIS2_PLACEMENT_3D('',#2558,#2559,#2560);
#2558 = CARTESIAN_POINT('',(0.,-0.25,-4.3E-16));
#2559 = DIRECTION('',(0.,1.,0.));
#2560 = DIRECTION('',(0.,0.,1.));
#2561 = ADVANCED_FACE('',(#2562),#2580,.F.);
#2562 = FACE_BOUND('',#2563,.F.);
#2563 = EDGE_LOOP('',(#2564,#2572,#2578,#2579));
#2564 = ORIENTED_EDGE('',*,*,#2565,.F.);
#2565 = EDGE_CURVE('',#2566,#2443,#2568,.T.);
#2566 = VERTEX_POINT('',#2567);
#2567 = CARTESIAN_POINT('',(0.1,0.1,3.65));
#2568 = LINE('',#2569,#2570);
#2569 = CARTESIAN_POINT('',(0.2,0.2,3.55));
#2570 = VECTOR('',#2571,1.);
#2571 = DIRECTION('',(0.57735026919,0.57735026919,-0.57735026919));
#2572 = ORIENTED_EDGE('',*,*,#2573,.T.);
#2573 = EDGE_CURVE('',#2566,#2473,#2574,.T.);
#2574 = LINE('',#2575,#2576);
#2575 = CARTESIAN_POINT('',(0.25,0.1,3.65));
#2576 = VECTOR('',#2577,1.);
#2577 = DIRECTION('',(-1.,0.,0.));
#2578 = ORIENTED_EDGE('',*,*,#2472,.F.);
#2579 = ORIENTED_EDGE('',*,*,#2442,.F.);
#2580 = PLANE('',#2581);
#2581 = AXIS2_PLACEMENT_3D('',#2582,#2583,#2584);
#2582 = CARTESIAN_POINT('',(0.25,0.175,3.575));
#2583 = DIRECTION('',(0.,-0.707106781187,-0.707106781187));
#2584 = DIRECTION('',(-1.,0.,0.));
#2585 = ADVANCED_FACE('',(#2586),#2604,.F.);
#2586 = FACE_BOUND('',#2587,.F.);
#2587 = EDGE_LOOP('',(#2588,#2589,#2597,#2603));
#2588 = ORIENTED_EDGE('',*,*,#2503,.T.);
#2589 = ORIENTED_EDGE('',*,*,#2590,.T.);
#2590 = EDGE_CURVE('',#2504,#2591,#2593,.T.);
#2591 = VERTEX_POINT('',#2592);
#2592 = CARTESIAN_POINT('',(1.E-01,0.1,-3.65));
#2593 = LINE('',#2594,#2595);
#2594 = CARTESIAN_POINT('',(-0.25,0.1,-3.65));
#2595 = VECTOR('',#2596,1.);
#2596 = DIRECTION('',(1.,0.,0.));
#2597 = ORIENTED_EDGE('',*,*,#2598,.T.);
#2598 = EDGE_CURVE('',#2591,#2451,#2599,.T.);
#2599 = LINE('',#2600,#2601);
#2600 = CARTESIAN_POINT('',(0.116666666667,0.116666666667,
    -3.633333333333));
#2601 = VECTOR('',#2602,1.);
#2602 = DIRECTION('',(0.57735026919,0.57735026919,0.57735026919));
#2603 = ORIENTED_EDGE('',*,*,#2458,.F.);
#2604 = PLANE('',#2605);
#2605 = AXIS2_PLACEMENT_3D('',#2606,#2607,#2608);
#2606 = CARTESIAN_POINT('',(-0.25,0.175,-3.575));
#2607 = DIRECTION('',(0.,-0.707106781187,0.707106781187));
#2608 = DIRECTION('',(1.,0.,0.));
#2609 = ADVANCED_FACE('',(#2610),#2626,.F.);
#2610 = FACE_BOUND('',#2611,.F.);
#2611 = EDGE_LOOP('',(#2612,#2613,#2619,#2620));
#2612 = ORIENTED_EDGE('',*,*,#2450,.F.);
#2613 = ORIENTED_EDGE('',*,*,#2614,.T.);
#2614 = EDGE_CURVE('',#2451,#2544,#2615,.T.);
#2615 = LINE('',#2616,#2617);
#2616 = CARTESIAN_POINT('',(0.25,0.25,-3.5));
#2617 = VECTOR('',#2618,1.);
#2618 = DIRECTION('',(0.,-1.,2.2E-16));
#2619 = ORIENTED_EDGE('',*,*,#2543,.T.);
#2620 = ORIENTED_EDGE('',*,*,#2621,.F.);
#2621 = EDGE_CURVE('',#2443,#2536,#2622,.T.);
#2622 = LINE('',#2623,#2624);
#2623 = CARTESIAN_POINT('',(0.25,0.25,3.5));
#2624 = VECTOR('',#2625,1.);
#2625 = DIRECTION('',(0.,-1.,2.2E-16));
#2626 = PLANE('',#2627);
#2627 = AXIS2_PLACEMENT_3D('',#2628,#2629,#2630);
#2628 = CARTESIAN_POINT('',(0.25,0.25,-3.65));
#2629 = DIRECTION('',(-1.,0.,0.));
#2630 = DIRECTION('',(0.,2.2E-16,1.));
#2631 = ADVANCED_FACE('',(#2632),#2650,.F.);
#2632 = FACE_BOUND('',#2633,.F.);
#2633 = EDGE_LOOP('',(#2634,#2642,#2643,#2644));
#2634 = ORIENTED_EDGE('',*,*,#2635,.T.);
#2635 = EDGE_CURVE('',#2636,#2482,#2638,.T.);
#2636 = VERTEX_POINT('',#2637);
#2637 = CARTESIAN_POINT('',(0.1,-0.1,3.65));
#2638 = LINE('',#2639,#2640);
#2639 = CARTESIAN_POINT('',(0.25,-0.1,3.65));
#2640 = VECTOR('',#2641,1.);
#2641 = DIRECTION('',(-1.,0.,0.));
#2642 = ORIENTED_EDGE('',*,*,#2489,.F.);
#2643 = ORIENTED_EDGE('',*,*,#2573,.F.);
#2644 = ORIENTED_EDGE('',*,*,#2645,.T.);
#2645 = EDGE_CURVE('',#2566,#2636,#2646,.T.);
#2646 = LINE('',#2647,#2648);
#2647 = CARTESIAN_POINT('',(0.1,0.25,3.65));
#2648 = VECTOR('',#2649,1.);
#2649 = DIRECTION('',(0.,-1.,2.2E-16));
#2650 = PLANE('',#2651);
#2651 = AXIS2_PLACEMENT_3D('',#2652,#2653,#2654);
#2652 = CARTESIAN_POINT('',(0.25,0.25,3.65));
#2653 = DIRECTION('',(-0.,-2.2E-16,-1.));
#2654 = DIRECTION('',(-1.,0.,0.));
#2655 = ADVANCED_FACE('',(#2656),#2667,.T.);
#2656 = FACE_BOUND('',#2657,.T.);
#2657 = EDGE_LOOP('',(#2658,#2664,#2665,#2666));
#2658 = ORIENTED_EDGE('',*,*,#2659,.F.);
#2659 = EDGE_CURVE('',#2636,#2536,#2660,.T.);
#2660 = LINE('',#2661,#2662);
#2661 = CARTESIAN_POINT('',(0.116666666667,-0.116666666667,
    3.633333333333));
#2662 = VECTOR('',#2663,1.);
#2663 = DIRECTION('',(0.57735026919,-0.57735026919,-0.57735026919));
#2664 = ORIENTED_EDGE('',*,*,#2635,.T.);
#2665 = ORIENTED_EDGE('',*,*,#2481,.T.);
#2666 = ORIENTED_EDGE('',*,*,#2535,.F.);
#2667 = PLANE('',#2668);
#2668 = AXIS2_PLACEMENT_3D('',#2669,#2670,#2671);
#2669 = CARTESIAN_POINT('',(0.25,-0.175,3.575));
#2670 = DIRECTION('',(0.,-0.707106781187,0.707106781187));
#2671 = DIRECTION('',(-1.,0.,0.));
#2672 = ADVANCED_FACE('',(#2673),#2691,.F.);
#2673 = FACE_BOUND('',#2674,.F.);
#2674 = EDGE_LOOP('',(#2675,#2683,#2684,#2685));
#2675 = ORIENTED_EDGE('',*,*,#2676,.F.);
#2676 = EDGE_CURVE('',#2591,#2677,#2679,.T.);
#2677 = VERTEX_POINT('',#2678);
#2678 = CARTESIAN_POINT('',(1.E-01,-1.E-01,-3.65));
#2679 = LINE('',#2680,#2681);
#2680 = CARTESIAN_POINT('',(0.1,0.25,-3.65));
#2681 = VECTOR('',#2682,1.);
#2682 = DIRECTION('',(0.,-1.,2.2E-16));
#2683 = ORIENTED_EDGE('',*,*,#2590,.F.);
#2684 = ORIENTED_EDGE('',*,*,#2520,.T.);
#2685 = ORIENTED_EDGE('',*,*,#2686,.T.);
#2686 = EDGE_CURVE('',#2513,#2677,#2687,.T.);
#2687 = LINE('',#2688,#2689);
#2688 = CARTESIAN_POINT('',(-0.25,-0.1,-3.65));
#2689 = VECTOR('',#2690,1.);
#2690 = DIRECTION('',(1.,0.,0.));
#2691 = PLANE('',#2692);
#2692 = AXIS2_PLACEMENT_3D('',#2693,#2694,#2695);
#2693 = CARTESIAN_POINT('',(-0.25,0.25,-3.65));
#2694 = DIRECTION('',(0.,2.2E-16,1.));
#2695 = DIRECTION('',(1.,0.,0.));
#2696 = ADVANCED_FACE('',(#2697),#2708,.T.);
#2697 = FACE_BOUND('',#2698,.T.);
#2698 = EDGE_LOOP('',(#2699,#2700,#2701,#2707));
#2699 = ORIENTED_EDGE('',*,*,#2512,.F.);
#2700 = ORIENTED_EDGE('',*,*,#2686,.T.);
#2701 = ORIENTED_EDGE('',*,*,#2702,.T.);
#2702 = EDGE_CURVE('',#2677,#2544,#2703,.T.);
#2703 = LINE('',#2704,#2705);
#2704 = CARTESIAN_POINT('',(3.333333333333E-02,-3.333333333333E-02,
    -3.716666666667));
#2705 = VECTOR('',#2706,1.);
#2706 = DIRECTION('',(0.57735026919,-0.57735026919,0.57735026919));
#2707 = ORIENTED_EDGE('',*,*,#2551,.F.);
#2708 = PLANE('',#2709);
#2709 = AXIS2_PLACEMENT_3D('',#2710,#2711,#2712);
#2710 = CARTESIAN_POINT('',(-0.25,-0.175,-3.575));
#2711 = DIRECTION('',(0.,-0.707106781187,-0.707106781187));
#2712 = DIRECTION('',(1.,0.,0.));
#2713 = ADVANCED_FACE('',(#2714),#2720,.T.);
#2714 = FACE_BOUND('',#2715,.F.);
#2715 = EDGE_LOOP('',(#2716,#2717,#2718,#2719));
#2716 = ORIENTED_EDGE('',*,*,#2565,.T.);
#2717 = ORIENTED_EDGE('',*,*,#2621,.T.);
#2718 = ORIENTED_EDGE('',*,*,#2659,.F.);
#2719 = ORIENTED_EDGE('',*,*,#2645,.F.);
#2720 = PLANE('',#2721);
#2721 = AXIS2_PLACEMENT_3D('',#2722,#2723,#2724);
#2722 = CARTESIAN_POINT('',(0.175,0.25,3.575));
#2723 = DIRECTION('',(0.707106781187,1.6E-16,0.707106781187));
#2724 = DIRECTION('',(-3.137084989848E-18,1.,-2.231370849898E-16));
#2725 = ADVANCED_FACE('',(#2726),#2732,.T.);
#2726 = FACE_BOUND('',#2727,.F.);
#2727 = EDGE_LOOP('',(#2728,#2729,#2730,#2731));
#2728 = ORIENTED_EDGE('',*,*,#2598,.F.);
#2729 = ORIENTED_EDGE('',*,*,#2676,.T.);
#2730 = ORIENTED_EDGE('',*,*,#2702,.T.);
#2731 = ORIENTED_EDGE('',*,*,#2614,.F.);
#2732 = PLANE('',#2733);
#2733 = AXIS2_PLACEMENT_3D('',#2734,#2735,#2736);
#2734 = CARTESIAN_POINT('',(0.175,0.25,-3.575));
#2735 = DIRECTION('',(0.707106781187,-1.6E-16,-0.707106781187));
#2736 = DIRECTION('',(3.137084989848E-18,1.,-2.231370849898E-16));
#2737 = MANIFOLD_SOLID_BREP('',#2738);
#2738 = CLOSED_SHELL('',(#2739,#2779,#2810,#2841,#2872,#2903,#2927,#2951
    ,#2973,#2997,#3014,#3038,#3055,#3067));
#2739 = ADVANCED_FACE('',(#2740),#2774,.F.);
#2740 = FACE_BOUND('',#2741,.F.);
#2741 = EDGE_LOOP('',(#2742,#2752,#2760,#2768));
#2742 = ORIENTED_EDGE('',*,*,#2743,.F.);
#2743 = EDGE_CURVE('',#2744,#2746,#2748,.T.);
#2744 = VERTEX_POINT('',#2745);
#2745 = CARTESIAN_POINT('',(1.75,0.25,3.5));
#2746 = VERTEX_POINT('',#2747);
#2747 = CARTESIAN_POINT('',(1.75,0.25,-3.5));
#2748 = LINE('',#2749,#2750);
#2749 = CARTESIAN_POINT('',(1.75,0.25,3.65));
#2750 = VECTOR('',#2751,1.);
#2751 = DIRECTION('',(0.,0.,-1.));
#2752 = ORIENTED_EDGE('',*,*,#2753,.T.);
#2753 = EDGE_CURVE('',#2744,#2754,#2756,.T.);
#2754 = VERTEX_POINT('',#2755);
#2755 = CARTESIAN_POINT('',(1.75,-0.25,3.5));
#2756 = LINE('',#2757,#2758);
#2757 = CARTESIAN_POINT('',(1.75,0.25,3.5));
#2758 = VECTOR('',#2759,1.);
#2759 = DIRECTION('',(0.,-1.,2.2E-16));
#2760 = ORIENTED_EDGE('',*,*,#2761,.T.);
#2761 = EDGE_CURVE('',#2754,#2762,#2764,.T.);
#2762 = VERTEX_POINT('',#2763);
#2763 = CARTESIAN_POINT('',(1.75,-0.25,-3.5));
#2764 = LINE('',#2765,#2766);
#2765 = CARTESIAN_POINT('',(1.75,-0.25,3.65));
#2766 = VECTOR('',#2767,1.);
#2767 = DIRECTION('',(0.,0.,-1.));
#2768 = ORIENTED_EDGE('',*,*,#2769,.F.);
#2769 = EDGE_CURVE('',#2746,#2762,#2770,.T.);
#2770 = LINE('',#2771,#2772);
#2771 = CARTESIAN_POINT('',(1.75,0.25,-3.5));
#2772 = VECTOR('',#2773,1.);
#2773 = DIRECTION('',(0.,-1.,2.2E-16));
#2774 = PLANE('',#2775);
#2775 = AXIS2_PLACEMENT_3D('',#2776,#2777,#2778);
#2776 = CARTESIAN_POINT('',(1.75,0.25,3.65));
#2777 = DIRECTION('',(1.,0.,0.));
#2778 = DIRECTION('',(0.,-2.2E-16,-1.));
#2779 = ADVANCED_FACE('',(#2780),#2805,.T.);
#2780 = FACE_BOUND('',#2781,.T.);
#2781 = EDGE_LOOP('',(#2782,#2783,#2791,#2799));
#2782 = ORIENTED_EDGE('',*,*,#2743,.F.);
#2783 = ORIENTED_EDGE('',*,*,#2784,.F.);
#2784 = EDGE_CURVE('',#2785,#2744,#2787,.T.);
#2785 = VERTEX_POINT('',#2786);
#2786 = CARTESIAN_POINT('',(2.25,0.25,3.5));
#2787 = LINE('',#2788,#2789);
#2788 = CARTESIAN_POINT('',(2.25,0.25,3.5));
#2789 = VECTOR('',#2790,1.);
#2790 = DIRECTION('',(-1.,0.,0.));
#2791 = ORIENTED_EDGE('',*,*,#2792,.F.);
#2792 = EDGE_CURVE('',#2793,#2785,#2795,.T.);
#2793 = VERTEX_POINT('',#2794);
#2794 = CARTESIAN_POINT('',(2.25,0.25,-3.5));
#2795 = LINE('',#2796,#2797);
#2796 = CARTESIAN_POINT('',(2.25,0.25,-3.65));
#2797 = VECTOR('',#2798,1.);
#2798 = DIRECTION('',(0.,0.,1.));
#2799 = ORIENTED_EDGE('',*,*,#2800,.F.);
#2800 = EDGE_CURVE('',#2746,#2793,#2801,.T.);
#2801 = LINE('',#2802,#2803);
#2802 = CARTESIAN_POINT('',(1.75,0.25,-3.5));
#2803 = VECTOR('',#2804,1.);
#2804 = DIRECTION('',(1.,0.,0.));
#2805 = PLANE('',#2806);
#2806 = AXIS2_PLACEMENT_3D('',#2807,#2808,#2809);
#2807 = CARTESIAN_POINT('',(2.,0.25,-4.3E-16));
#2808 = DIRECTION('',(0.,1.,0.));
#2809 = DIRECTION('',(0.,0.,1.));
#2810 = ADVANCED_FACE('',(#2811),#2836,.T.);
#2811 = FACE_BOUND('',#2812,.T.);
#2812 = EDGE_LOOP('',(#2813,#2821,#2822,#2830));
#2813 = ORIENTED_EDGE('',*,*,#2814,.F.);
#2814 = EDGE_CURVE('',#2744,#2815,#2817,.T.);
#2815 = VERTEX_POINT('',#2816);
#2816 = CARTESIAN_POINT('',(1.9,0.1,3.65));
#2817 = LINE('',#2818,#2819);
#2818 = CARTESIAN_POINT('',(1.883333333333,0.116666666667,3.633333333333
    ));
#2819 = VECTOR('',#2820,1.);
#2820 = DIRECTION('',(0.57735026919,-0.57735026919,0.57735026919));
#2821 = ORIENTED_EDGE('',*,*,#2753,.T.);
#2822 = ORIENTED_EDGE('',*,*,#2823,.F.);
#2823 = EDGE_CURVE('',#2824,#2754,#2826,.T.);
#2824 = VERTEX_POINT('',#2825);
#2825 = CARTESIAN_POINT('',(1.9,-0.1,3.65));
#2826 = LINE('',#2827,#2828);
#2827 = CARTESIAN_POINT('',(1.966666666667,-3.333333333333E-02,
    3.716666666667));
#2828 = VECTOR('',#2829,1.);
#2829 = DIRECTION('',(-0.57735026919,-0.57735026919,-0.57735026919));
#2830 = ORIENTED_EDGE('',*,*,#2831,.F.);
#2831 = EDGE_CURVE('',#2815,#2824,#2832,.T.);
#2832 = LINE('',#2833,#2834);
#2833 = CARTESIAN_POINT('',(1.9,0.25,3.65));
#2834 = VECTOR('',#2835,1.);
#2835 = DIRECTION('',(0.,-1.,2.2E-16));
#2836 = PLANE('',#2837);
#2837 = AXIS2_PLACEMENT_3D('',#2838,#2839,#2840);
#2838 = CARTESIAN_POINT('',(1.825,0.25,3.575));
#2839 = DIRECTION('',(-0.707106781187,1.6E-16,0.707106781187));
#2840 = DIRECTION('',(-3.137084989848E-18,-1.,2.231370849898E-16));
#2841 = ADVANCED_FACE('',(#2842),#2867,.T.);
#2842 = FACE_BOUND('',#2843,.F.);
#2843 = EDGE_LOOP('',(#2844,#2852,#2853,#2861));
#2844 = ORIENTED_EDGE('',*,*,#2845,.F.);
#2845 = EDGE_CURVE('',#2746,#2846,#2848,.T.);
#2846 = VERTEX_POINT('',#2847);
#2847 = CARTESIAN_POINT('',(1.9,0.1,-3.65));
#2848 = LINE('',#2849,#2850);
#2849 = CARTESIAN_POINT('',(1.8,0.2,-3.55));
#2850 = VECTOR('',#2851,1.);
#2851 = DIRECTION('',(0.57735026919,-0.57735026919,-0.57735026919));
#2852 = ORIENTED_EDGE('',*,*,#2769,.T.);
#2853 = ORIENTED_EDGE('',*,*,#2854,.F.);
#2854 = EDGE_CURVE('',#2855,#2762,#2857,.T.);
#2855 = VERTEX_POINT('',#2856);
#2856 = CARTESIAN_POINT('',(1.9,-1.E-01,-3.65));
#2857 = LINE('',#2858,#2859);
#2858 = CARTESIAN_POINT('',(1.883333333333,-0.116666666667,
    -3.633333333333));
#2859 = VECTOR('',#2860,1.);
#2860 = DIRECTION('',(-0.57735026919,-0.57735026919,0.57735026919));
#2861 = ORIENTED_EDGE('',*,*,#2862,.F.);
#2862 = EDGE_CURVE('',#2846,#2855,#2863,.T.);
#2863 = LINE('',#2864,#2865);
#2864 = CARTESIAN_POINT('',(1.9,0.25,-3.65));
#2865 = VECTOR('',#2866,1.);
#2866 = DIRECTION('',(0.,-1.,2.2E-16));
#2867 = PLANE('',#2868);
#2868 = AXIS2_PLACEMENT_3D('',#2869,#2870,#2871);
#2869 = CARTESIAN_POINT('',(1.825,0.25,-3.575));
#2870 = DIRECTION('',(-0.707106781187,-1.6E-16,-0.707106781187));
#2871 = DIRECTION('',(-3.137084989848E-18,1.,-2.231370849898E-16));
#2872 = ADVANCED_FACE('',(#2873),#2898,.F.);
#2873 = FACE_BOUND('',#2874,.F.);
#2874 = EDGE_LOOP('',(#2875,#2876,#2884,#2892));
#2875 = ORIENTED_EDGE('',*,*,#2761,.F.);
#2876 = ORIENTED_EDGE('',*,*,#2877,.F.);
#2877 = EDGE_CURVE('',#2878,#2754,#2880,.T.);
#2878 = VERTEX_POINT('',#2879);
#2879 = CARTESIAN_POINT('',(2.25,-0.25,3.5));
#2880 = LINE('',#2881,#2882);
#2881 = CARTESIAN_POINT('',(2.25,-0.25,3.5));
#2882 = VECTOR('',#2883,1.);
#2883 = DIRECTION('',(-1.,0.,0.));
#2884 = ORIENTED_EDGE('',*,*,#2885,.F.);
#2885 = EDGE_CURVE('',#2886,#2878,#2888,.T.);
#2886 = VERTEX_POINT('',#2887);
#2887 = CARTESIAN_POINT('',(2.25,-0.25,-3.5));
#2888 = LINE('',#2889,#2890);
#2889 = CARTESIAN_POINT('',(2.25,-0.25,-3.65));
#2890 = VECTOR('',#2891,1.);
#2891 = DIRECTION('',(0.,0.,1.));
#2892 = ORIENTED_EDGE('',*,*,#2893,.F.);
#2893 = EDGE_CURVE('',#2762,#2886,#2894,.T.);
#2894 = LINE('',#2895,#2896);
#2895 = CARTESIAN_POINT('',(1.75,-0.25,-3.5));
#2896 = VECTOR('',#2897,1.);
#2897 = DIRECTION('',(1.,0.,0.));
#2898 = PLANE('',#2899);
#2899 = AXIS2_PLACEMENT_3D('',#2900,#2901,#2902);
#2900 = CARTESIAN_POINT('',(2.,-0.25,-4.3E-16));
#2901 = DIRECTION('',(0.,1.,0.));
#2902 = DIRECTION('',(0.,0.,1.));
#2903 = ADVANCED_FACE('',(#2904),#2922,.F.);
#2904 = FACE_BOUND('',#2905,.F.);
#2905 = EDGE_LOOP('',(#2906,#2914,#2920,#2921));
#2906 = ORIENTED_EDGE('',*,*,#2907,.F.);
#2907 = EDGE_CURVE('',#2908,#2785,#2910,.T.);
#2908 = VERTEX_POINT('',#2909);
#2909 = CARTESIAN_POINT('',(2.1,0.1,3.65));
#2910 = LINE('',#2911,#2912);
#2911 = CARTESIAN_POINT('',(2.2,0.2,3.55));
#2912 = VECTOR('',#2913,1.);
#2913 = DIRECTION('',(0.57735026919,0.57735026919,-0.57735026919));
#2914 = ORIENTED_EDGE('',*,*,#2915,.T.);
#2915 = EDGE_CURVE('',#2908,#2815,#2916,.T.);
#2916 = LINE('',#2917,#2918);
#2917 = CARTESIAN_POINT('',(2.25,0.1,3.65));
#2918 = VECTOR('',#2919,1.);
#2919 = DIRECTION('',(-1.,0.,0.));
#2920 = ORIENTED_EDGE('',*,*,#2814,.F.);
#2921 = ORIENTED_EDGE('',*,*,#2784,.F.);
#2922 = PLANE('',#2923);
#2923 = AXIS2_PLACEMENT_3D('',#2924,#2925,#2926);
#2924 = CARTESIAN_POINT('',(2.25,0.175,3.575));
#2925 = DIRECTION('',(0.,-0.707106781187,-0.707106781187));
#2926 = DIRECTION('',(-1.,0.,0.));
#2927 = ADVANCED_FACE('',(#2928),#2946,.F.);
#2928 = FACE_BOUND('',#2929,.F.);
#2929 = EDGE_LOOP('',(#2930,#2931,#2939,#2945));
#2930 = ORIENTED_EDGE('',*,*,#2845,.T.);
#2931 = ORIENTED_EDGE('',*,*,#2932,.T.);
#2932 = EDGE_CURVE('',#2846,#2933,#2935,.T.);
#2933 = VERTEX_POINT('',#2934);
#2934 = CARTESIAN_POINT('',(2.1,0.1,-3.65));
#2935 = LINE('',#2936,#2937);
#2936 = CARTESIAN_POINT('',(1.75,0.1,-3.65));
#2937 = VECTOR('',#2938,1.);
#2938 = DIRECTION('',(1.,0.,0.));
#2939 = ORIENTED_EDGE('',*,*,#2940,.T.);
#2940 = EDGE_CURVE('',#2933,#2793,#2941,.T.);
#2941 = LINE('',#2942,#2943);
#2942 = CARTESIAN_POINT('',(2.116666666667,0.116666666667,
    -3.633333333333));
#2943 = VECTOR('',#2944,1.);
#2944 = DIRECTION('',(0.57735026919,0.57735026919,0.57735026919));
#2945 = ORIENTED_EDGE('',*,*,#2800,.F.);
#2946 = PLANE('',#2947);
#2947 = AXIS2_PLACEMENT_3D('',#2948,#2949,#2950);
#2948 = CARTESIAN_POINT('',(1.75,0.175,-3.575));
#2949 = DIRECTION('',(0.,-0.707106781187,0.707106781187));
#2950 = DIRECTION('',(1.,0.,0.));
#2951 = ADVANCED_FACE('',(#2952),#2968,.F.);
#2952 = FACE_BOUND('',#2953,.F.);
#2953 = EDGE_LOOP('',(#2954,#2955,#2961,#2962));
#2954 = ORIENTED_EDGE('',*,*,#2792,.F.);
#2955 = ORIENTED_EDGE('',*,*,#2956,.T.);
#2956 = EDGE_CURVE('',#2793,#2886,#2957,.T.);
#2957 = LINE('',#2958,#2959);
#2958 = CARTESIAN_POINT('',(2.25,0.25,-3.5));
#2959 = VECTOR('',#2960,1.);
#2960 = DIRECTION('',(0.,-1.,2.2E-16));
#2961 = ORIENTED_EDGE('',*,*,#2885,.T.);
#2962 = ORIENTED_EDGE('',*,*,#2963,.F.);
#2963 = EDGE_CURVE('',#2785,#2878,#2964,.T.);
#2964 = LINE('',#2965,#2966);
#2965 = CARTESIAN_POINT('',(2.25,0.25,3.5));
#2966 = VECTOR('',#2967,1.);
#2967 = DIRECTION('',(0.,-1.,2.2E-16));
#2968 = PLANE('',#2969);
#2969 = AXIS2_PLACEMENT_3D('',#2970,#2971,#2972);
#2970 = CARTESIAN_POINT('',(2.25,0.25,-3.65));
#2971 = DIRECTION('',(-1.,0.,0.));
#2972 = DIRECTION('',(0.,2.2E-16,1.));
#2973 = ADVANCED_FACE('',(#2974),#2992,.F.);
#2974 = FACE_BOUND('',#2975,.F.);
#2975 = EDGE_LOOP('',(#2976,#2984,#2985,#2986));
#2976 = ORIENTED_EDGE('',*,*,#2977,.T.);
#2977 = EDGE_CURVE('',#2978,#2824,#2980,.T.);
#2978 = VERTEX_POINT('',#2979);
#2979 = CARTESIAN_POINT('',(2.1,-0.1,3.65));
#2980 = LINE('',#2981,#2982);
#2981 = CARTESIAN_POINT('',(2.25,-0.1,3.65));
#2982 = VECTOR('',#2983,1.);
#2983 = DIRECTION('',(-1.,0.,0.));
#2984 = ORIENTED_EDGE('',*,*,#2831,.F.);
#2985 = ORIENTED_EDGE('',*,*,#2915,.F.);
#2986 = ORIENTED_EDGE('',*,*,#2987,.T.);
#2987 = EDGE_CURVE('',#2908,#2978,#2988,.T.);
#2988 = LINE('',#2989,#2990);
#2989 = CARTESIAN_POINT('',(2.1,0.25,3.65));
#2990 = VECTOR('',#2991,1.);
#2991 = DIRECTION('',(0.,-1.,2.2E-16));
#2992 = PLANE('',#2993);
#2993 = AXIS2_PLACEMENT_3D('',#2994,#2995,#2996);
#2994 = CARTESIAN_POINT('',(2.25,0.25,3.65));
#2995 = DIRECTION('',(-0.,-2.2E-16,-1.));
#2996 = DIRECTION('',(-1.,0.,0.));
#2997 = ADVANCED_FACE('',(#2998),#3009,.T.);
#2998 = FACE_BOUND('',#2999,.T.);
#2999 = EDGE_LOOP('',(#3000,#3006,#3007,#3008));
#3000 = ORIENTED_EDGE('',*,*,#3001,.F.);
#3001 = EDGE_CURVE('',#2978,#2878,#3002,.T.);
#3002 = LINE('',#3003,#3004);
#3003 = CARTESIAN_POINT('',(2.116666666667,-0.116666666667,
    3.633333333333));
#3004 = VECTOR('',#3005,1.);
#3005 = DIRECTION('',(0.57735026919,-0.57735026919,-0.57735026919));
#3006 = ORIENTED_EDGE('',*,*,#2977,.T.);
#3007 = ORIENTED_EDGE('',*,*,#2823,.T.);
#3008 = ORIENTED_EDGE('',*,*,#2877,.F.);
#3009 = PLANE('',#3010);
#3010 = AXIS2_PLACEMENT_3D('',#3011,#3012,#3013);
#3011 = CARTESIAN_POINT('',(2.25,-0.175,3.575));
#3012 = DIRECTION('',(0.,-0.707106781187,0.707106781187));
#3013 = DIRECTION('',(-1.,0.,0.));
#3014 = ADVANCED_FACE('',(#3015),#3033,.F.);
#3015 = FACE_BOUND('',#3016,.F.);
#3016 = EDGE_LOOP('',(#3017,#3025,#3026,#3027));
#3017 = ORIENTED_EDGE('',*,*,#3018,.F.);
#3018 = EDGE_CURVE('',#2933,#3019,#3021,.T.);
#3019 = VERTEX_POINT('',#3020);
#3020 = CARTESIAN_POINT('',(2.1,-1.E-01,-3.65));
#3021 = LINE('',#3022,#3023);
#3022 = CARTESIAN_POINT('',(2.1,0.25,-3.65));
#3023 = VECTOR('',#3024,1.);
#3024 = DIRECTION('',(0.,-1.,2.2E-16));
#3025 = ORIENTED_EDGE('',*,*,#2932,.F.);
#3026 = ORIENTED_EDGE('',*,*,#2862,.T.);
#3027 = ORIENTED_EDGE('',*,*,#3028,.T.);
#3028 = EDGE_CURVE('',#2855,#3019,#3029,.T.);
#3029 = LINE('',#3030,#3031);
#3030 = CARTESIAN_POINT('',(1.75,-0.1,-3.65));
#3031 = VECTOR('',#3032,1.);
#3032 = DIRECTION('',(1.,0.,0.));
#3033 = PLANE('',#3034);
#3034 = AXIS2_PLACEMENT_3D('',#3035,#3036,#3037);
#3035 = CARTESIAN_POINT('',(1.75,0.25,-3.65));
#3036 = DIRECTION('',(0.,2.2E-16,1.));
#3037 = DIRECTION('',(1.,0.,0.));
#3038 = ADVANCED_FACE('',(#3039),#3050,.T.);
#3039 = FACE_BOUND('',#3040,.T.);
#3040 = EDGE_LOOP('',(#3041,#3042,#3043,#3049));
#3041 = ORIENTED_EDGE('',*,*,#2854,.F.);
#3042 = ORIENTED_EDGE('',*,*,#3028,.T.);
#3043 = ORIENTED_EDGE('',*,*,#3044,.T.);
#3044 = EDGE_CURVE('',#3019,#2886,#3045,.T.);
#3045 = LINE('',#3046,#3047);
#3046 = CARTESIAN_POINT('',(2.033333333333,-3.333333333333E-02,
    -3.716666666667));
#3047 = VECTOR('',#3048,1.);
#3048 = DIRECTION('',(0.57735026919,-0.57735026919,0.57735026919));
#3049 = ORIENTED_EDGE('',*,*,#2893,.F.);
#3050 = PLANE('',#3051);
#3051 = AXIS2_PLACEMENT_3D('',#3052,#3053,#3054);
#3052 = CARTESIAN_POINT('',(1.75,-0.175,-3.575));
#3053 = DIRECTION('',(0.,-0.707106781187,-0.707106781187));
#3054 = DIRECTION('',(1.,0.,0.));
#3055 = ADVANCED_FACE('',(#3056),#3062,.T.);
#3056 = FACE_BOUND('',#3057,.F.);
#3057 = EDGE_LOOP('',(#3058,#3059,#3060,#3061));
#3058 = ORIENTED_EDGE('',*,*,#2907,.T.);
#3059 = ORIENTED_EDGE('',*,*,#2963,.T.);
#3060 = ORIENTED_EDGE('',*,*,#3001,.F.);
#3061 = ORIENTED_EDGE('',*,*,#2987,.F.);
#3062 = PLANE('',#3063);
#3063 = AXIS2_PLACEMENT_3D('',#3064,#3065,#3066);
#3064 = CARTESIAN_POINT('',(2.175,0.25,3.575));
#3065 = DIRECTION('',(0.707106781187,1.6E-16,0.707106781187));
#3066 = DIRECTION('',(-3.137084989848E-18,1.,-2.231370849898E-16));
#3067 = ADVANCED_FACE('',(#3068),#3074,.T.);
#3068 = FACE_BOUND('',#3069,.F.);
#3069 = EDGE_LOOP('',(#3070,#3071,#3072,#3073));
#3070 = ORIENTED_EDGE('',*,*,#2940,.F.);
#3071 = ORIENTED_EDGE('',*,*,#3018,.T.);
#3072 = ORIENTED_EDGE('',*,*,#3044,.T.);
#3073 = ORIENTED_EDGE('',*,*,#2956,.F.);
#3074 = PLANE('',#3075);
#3075 = AXIS2_PLACEMENT_3D('',#3076,#3077,#3078);
#3076 = CARTESIAN_POINT('',(2.175,0.25,-3.575));
#3077 = DIRECTION('',(0.707106781187,-1.6E-16,-0.707106781187));
#3078 = DIRECTION('',(3.137084989848E-18,1.,-2.231370849898E-16));
#3079 = MANIFOLD_SOLID_BREP('',#3080);
#3080 = CLOSED_SHELL('',(#3081,#3121,#3152,#3183,#3214,#3245,#3269,#3293
    ,#3315,#3339,#3356,#3380,#3397,#3409));
#3081 = ADVANCED_FACE('',(#3082),#3116,.F.);
#3082 = FACE_BOUND('',#3083,.F.);
#3083 = EDGE_LOOP('',(#3084,#3094,#3102,#3110));
#3084 = ORIENTED_EDGE('',*,*,#3085,.F.);
#3085 = EDGE_CURVE('',#3086,#3088,#3090,.T.);
#3086 = VERTEX_POINT('',#3087);
#3087 = CARTESIAN_POINT('',(3.75,0.25,3.5));
#3088 = VERTEX_POINT('',#3089);
#3089 = CARTESIAN_POINT('',(3.75,0.25,-3.5));
#3090 = LINE('',#3091,#3092);
#3091 = CARTESIAN_POINT('',(3.75,0.25,3.65));
#3092 = VECTOR('',#3093,1.);
#3093 = DIRECTION('',(0.,0.,-1.));
#3094 = ORIENTED_EDGE('',*,*,#3095,.T.);
#3095 = EDGE_CURVE('',#3086,#3096,#3098,.T.);
#3096 = VERTEX_POINT('',#3097);
#3097 = CARTESIAN_POINT('',(3.75,-0.25,3.5));
#3098 = LINE('',#3099,#3100);
#3099 = CARTESIAN_POINT('',(3.75,0.25,3.5));
#3100 = VECTOR('',#3101,1.);
#3101 = DIRECTION('',(0.,-1.,2.2E-16));
#3102 = ORIENTED_EDGE('',*,*,#3103,.T.);
#3103 = EDGE_CURVE('',#3096,#3104,#3106,.T.);
#3104 = VERTEX_POINT('',#3105);
#3105 = CARTESIAN_POINT('',(3.75,-0.25,-3.5));
#3106 = LINE('',#3107,#3108);
#3107 = CARTESIAN_POINT('',(3.75,-0.25,3.65));
#3108 = VECTOR('',#3109,1.);
#3109 = DIRECTION('',(0.,0.,-1.));
#3110 = ORIENTED_EDGE('',*,*,#3111,.F.);
#3111 = EDGE_CURVE('',#3088,#3104,#3112,.T.);
#3112 = LINE('',#3113,#3114);
#3113 = CARTESIAN_POINT('',(3.75,0.25,-3.5));
#3114 = VECTOR('',#3115,1.);
#3115 = DIRECTION('',(0.,-1.,2.2E-16));
#3116 = PLANE('',#3117);
#3117 = AXIS2_PLACEMENT_3D('',#3118,#3119,#3120);
#3118 = CARTESIAN_POINT('',(3.75,0.25,3.65));
#3119 = DIRECTION('',(1.,0.,0.));
#3120 = DIRECTION('',(0.,-2.2E-16,-1.));
#3121 = ADVANCED_FACE('',(#3122),#3147,.T.);
#3122 = FACE_BOUND('',#3123,.T.);
#3123 = EDGE_LOOP('',(#3124,#3125,#3133,#3141));
#3124 = ORIENTED_EDGE('',*,*,#3085,.F.);
#3125 = ORIENTED_EDGE('',*,*,#3126,.F.);
#3126 = EDGE_CURVE('',#3127,#3086,#3129,.T.);
#3127 = VERTEX_POINT('',#3128);
#3128 = CARTESIAN_POINT('',(4.25,0.25,3.5));
#3129 = LINE('',#3130,#3131);
#3130 = CARTESIAN_POINT('',(4.25,0.25,3.5));
#3131 = VECTOR('',#3132,1.);
#3132 = DIRECTION('',(-1.,0.,0.));
#3133 = ORIENTED_EDGE('',*,*,#3134,.F.);
#3134 = EDGE_CURVE('',#3135,#3127,#3137,.T.);
#3135 = VERTEX_POINT('',#3136);
#3136 = CARTESIAN_POINT('',(4.25,0.25,-3.5));
#3137 = LINE('',#3138,#3139);
#3138 = CARTESIAN_POINT('',(4.25,0.25,-3.65));
#3139 = VECTOR('',#3140,1.);
#3140 = DIRECTION('',(0.,0.,1.));
#3141 = ORIENTED_EDGE('',*,*,#3142,.F.);
#3142 = EDGE_CURVE('',#3088,#3135,#3143,.T.);
#3143 = LINE('',#3144,#3145);
#3144 = CARTESIAN_POINT('',(3.75,0.25,-3.5));
#3145 = VECTOR('',#3146,1.);
#3146 = DIRECTION('',(1.,0.,0.));
#3147 = PLANE('',#3148);
#3148 = AXIS2_PLACEMENT_3D('',#3149,#3150,#3151);
#3149 = CARTESIAN_POINT('',(4.,0.25,-4.3E-16));
#3150 = DIRECTION('',(0.,1.,0.));
#3151 = DIRECTION('',(0.,0.,1.));
#3152 = ADVANCED_FACE('',(#3153),#3178,.T.);
#3153 = FACE_BOUND('',#3154,.T.);
#3154 = EDGE_LOOP('',(#3155,#3163,#3164,#3172));
#3155 = ORIENTED_EDGE('',*,*,#3156,.F.);
#3156 = EDGE_CURVE('',#3086,#3157,#3159,.T.);
#3157 = VERTEX_POINT('',#3158);
#3158 = CARTESIAN_POINT('',(3.9,0.1,3.65));
#3159 = LINE('',#3160,#3161);
#3160 = CARTESIAN_POINT('',(3.883333333333,0.116666666667,3.633333333333
    ));
#3161 = VECTOR('',#3162,1.);
#3162 = DIRECTION('',(0.57735026919,-0.57735026919,0.57735026919));
#3163 = ORIENTED_EDGE('',*,*,#3095,.T.);
#3164 = ORIENTED_EDGE('',*,*,#3165,.F.);
#3165 = EDGE_CURVE('',#3166,#3096,#3168,.T.);
#3166 = VERTEX_POINT('',#3167);
#3167 = CARTESIAN_POINT('',(3.9,-0.1,3.65));
#3168 = LINE('',#3169,#3170);
#3169 = CARTESIAN_POINT('',(3.966666666667,-3.333333333333E-02,
    3.716666666667));
#3170 = VECTOR('',#3171,1.);
#3171 = DIRECTION('',(-0.57735026919,-0.57735026919,-0.57735026919));
#3172 = ORIENTED_EDGE('',*,*,#3173,.F.);
#3173 = EDGE_CURVE('',#3157,#3166,#3174,.T.);
#3174 = LINE('',#3175,#3176);
#3175 = CARTESIAN_POINT('',(3.9,0.25,3.65));
#3176 = VECTOR('',#3177,1.);
#3177 = DIRECTION('',(0.,-1.,2.2E-16));
#3178 = PLANE('',#3179);
#3179 = AXIS2_PLACEMENT_3D('',#3180,#3181,#3182);
#3180 = CARTESIAN_POINT('',(3.825,0.25,3.575));
#3181 = DIRECTION('',(-0.707106781187,1.6E-16,0.707106781187));
#3182 = DIRECTION('',(-3.137084989848E-18,-1.,2.231370849898E-16));
#3183 = ADVANCED_FACE('',(#3184),#3209,.T.);
#3184 = FACE_BOUND('',#3185,.F.);
#3185 = EDGE_LOOP('',(#3186,#3194,#3195,#3203));
#3186 = ORIENTED_EDGE('',*,*,#3187,.F.);
#3187 = EDGE_CURVE('',#3088,#3188,#3190,.T.);
#3188 = VERTEX_POINT('',#3189);
#3189 = CARTESIAN_POINT('',(3.9,0.1,-3.65));
#3190 = LINE('',#3191,#3192);
#3191 = CARTESIAN_POINT('',(3.8,0.2,-3.55));
#3192 = VECTOR('',#3193,1.);
#3193 = DIRECTION('',(0.57735026919,-0.57735026919,-0.57735026919));
#3194 = ORIENTED_EDGE('',*,*,#3111,.T.);
#3195 = ORIENTED_EDGE('',*,*,#3196,.F.);
#3196 = EDGE_CURVE('',#3197,#3104,#3199,.T.);
#3197 = VERTEX_POINT('',#3198);
#3198 = CARTESIAN_POINT('',(3.9,-1.E-01,-3.65));
#3199 = LINE('',#3200,#3201);
#3200 = CARTESIAN_POINT('',(3.883333333333,-0.116666666667,
    -3.633333333333));
#3201 = VECTOR('',#3202,1.);
#3202 = DIRECTION('',(-0.57735026919,-0.57735026919,0.57735026919));
#3203 = ORIENTED_EDGE('',*,*,#3204,.F.);
#3204 = EDGE_CURVE('',#3188,#3197,#3205,.T.);
#3205 = LINE('',#3206,#3207);
#3206 = CARTESIAN_POINT('',(3.9,0.25,-3.65));
#3207 = VECTOR('',#3208,1.);
#3208 = DIRECTION('',(0.,-1.,2.2E-16));
#3209 = PLANE('',#3210);
#3210 = AXIS2_PLACEMENT_3D('',#3211,#3212,#3213);
#3211 = CARTESIAN_POINT('',(3.825,0.25,-3.575));
#3212 = DIRECTION('',(-0.707106781187,-1.6E-16,-0.707106781187));
#3213 = DIRECTION('',(-3.137084989848E-18,1.,-2.231370849898E-16));
#3214 = ADVANCED_FACE('',(#3215),#3240,.F.);
#3215 = FACE_BOUND('',#3216,.F.);
#3216 = EDGE_LOOP('',(#3217,#3218,#3226,#3234));
#3217 = ORIENTED_EDGE('',*,*,#3103,.F.);
#3218 = ORIENTED_EDGE('',*,*,#3219,.F.);
#3219 = EDGE_CURVE('',#3220,#3096,#3222,.T.);
#3220 = VERTEX_POINT('',#3221);
#3221 = CARTESIAN_POINT('',(4.25,-0.25,3.5));
#3222 = LINE('',#3223,#3224);
#3223 = CARTESIAN_POINT('',(4.25,-0.25,3.5));
#3224 = VECTOR('',#3225,1.);
#3225 = DIRECTION('',(-1.,0.,0.));
#3226 = ORIENTED_EDGE('',*,*,#3227,.F.);
#3227 = EDGE_CURVE('',#3228,#3220,#3230,.T.);
#3228 = VERTEX_POINT('',#3229);
#3229 = CARTESIAN_POINT('',(4.25,-0.25,-3.5));
#3230 = LINE('',#3231,#3232);
#3231 = CARTESIAN_POINT('',(4.25,-0.25,-3.65));
#3232 = VECTOR('',#3233,1.);
#3233 = DIRECTION('',(0.,0.,1.));
#3234 = ORIENTED_EDGE('',*,*,#3235,.F.);
#3235 = EDGE_CURVE('',#3104,#3228,#3236,.T.);
#3236 = LINE('',#3237,#3238);
#3237 = CARTESIAN_POINT('',(3.75,-0.25,-3.5));
#3238 = VECTOR('',#3239,1.);
#3239 = DIRECTION('',(1.,0.,0.));
#3240 = PLANE('',#3241);
#3241 = AXIS2_PLACEMENT_3D('',#3242,#3243,#3244);
#3242 = CARTESIAN_POINT('',(4.,-0.25,-4.3E-16));
#3243 = DIRECTION('',(0.,1.,0.));
#3244 = DIRECTION('',(0.,0.,1.));
#3245 = ADVANCED_FACE('',(#3246),#3264,.F.);
#3246 = FACE_BOUND('',#3247,.F.);
#3247 = EDGE_LOOP('',(#3248,#3256,#3262,#3263));
#3248 = ORIENTED_EDGE('',*,*,#3249,.F.);
#3249 = EDGE_CURVE('',#3250,#3127,#3252,.T.);
#3250 = VERTEX_POINT('',#3251);
#3251 = CARTESIAN_POINT('',(4.1,0.1,3.65));
#3252 = LINE('',#3253,#3254);
#3253 = CARTESIAN_POINT('',(4.2,0.2,3.55));
#3254 = VECTOR('',#3255,1.);
#3255 = DIRECTION('',(0.57735026919,0.57735026919,-0.57735026919));
#3256 = ORIENTED_EDGE('',*,*,#3257,.T.);
#3257 = EDGE_CURVE('',#3250,#3157,#3258,.T.);
#3258 = LINE('',#3259,#3260);
#3259 = CARTESIAN_POINT('',(4.25,0.1,3.65));
#3260 = VECTOR('',#3261,1.);
#3261 = DIRECTION('',(-1.,0.,0.));
#3262 = ORIENTED_EDGE('',*,*,#3156,.F.);
#3263 = ORIENTED_EDGE('',*,*,#3126,.F.);
#3264 = PLANE('',#3265);
#3265 = AXIS2_PLACEMENT_3D('',#3266,#3267,#3268);
#3266 = CARTESIAN_POINT('',(4.25,0.175,3.575));
#3267 = DIRECTION('',(0.,-0.707106781187,-0.707106781187));
#3268 = DIRECTION('',(-1.,0.,0.));
#3269 = ADVANCED_FACE('',(#3270),#3288,.F.);
#3270 = FACE_BOUND('',#3271,.F.);
#3271 = EDGE_LOOP('',(#3272,#3273,#3281,#3287));
#3272 = ORIENTED_EDGE('',*,*,#3187,.T.);
#3273 = ORIENTED_EDGE('',*,*,#3274,.T.);
#3274 = EDGE_CURVE('',#3188,#3275,#3277,.T.);
#3275 = VERTEX_POINT('',#3276);
#3276 = CARTESIAN_POINT('',(4.1,0.1,-3.65));
#3277 = LINE('',#3278,#3279);
#3278 = CARTESIAN_POINT('',(3.75,0.1,-3.65));
#3279 = VECTOR('',#3280,1.);
#3280 = DIRECTION('',(1.,0.,0.));
#3281 = ORIENTED_EDGE('',*,*,#3282,.T.);
#3282 = EDGE_CURVE('',#3275,#3135,#3283,.T.);
#3283 = LINE('',#3284,#3285);
#3284 = CARTESIAN_POINT('',(4.116666666667,0.116666666667,
    -3.633333333333));
#3285 = VECTOR('',#3286,1.);
#3286 = DIRECTION('',(0.57735026919,0.57735026919,0.57735026919));
#3287 = ORIENTED_EDGE('',*,*,#3142,.F.);
#3288 = PLANE('',#3289);
#3289 = AXIS2_PLACEMENT_3D('',#3290,#3291,#3292);
#3290 = CARTESIAN_POINT('',(3.75,0.175,-3.575));
#3291 = DIRECTION('',(0.,-0.707106781187,0.707106781187));
#3292 = DIRECTION('',(1.,0.,0.));
#3293 = ADVANCED_FACE('',(#3294),#3310,.F.);
#3294 = FACE_BOUND('',#3295,.F.);
#3295 = EDGE_LOOP('',(#3296,#3297,#3303,#3304));
#3296 = ORIENTED_EDGE('',*,*,#3134,.F.);
#3297 = ORIENTED_EDGE('',*,*,#3298,.T.);
#3298 = EDGE_CURVE('',#3135,#3228,#3299,.T.);
#3299 = LINE('',#3300,#3301);
#3300 = CARTESIAN_POINT('',(4.25,0.25,-3.5));
#3301 = VECTOR('',#3302,1.);
#3302 = DIRECTION('',(0.,-1.,2.2E-16));
#3303 = ORIENTED_EDGE('',*,*,#3227,.T.);
#3304 = ORIENTED_EDGE('',*,*,#3305,.F.);
#3305 = EDGE_CURVE('',#3127,#3220,#3306,.T.);
#3306 = LINE('',#3307,#3308);
#3307 = CARTESIAN_POINT('',(4.25,0.25,3.5));
#3308 = VECTOR('',#3309,1.);
#3309 = DIRECTION('',(0.,-1.,2.2E-16));
#3310 = PLANE('',#3311);
#3311 = AXIS2_PLACEMENT_3D('',#3312,#3313,#3314);
#3312 = CARTESIAN_POINT('',(4.25,0.25,-3.65));
#3313 = DIRECTION('',(-1.,0.,0.));
#3314 = DIRECTION('',(0.,2.2E-16,1.));
#3315 = ADVANCED_FACE('',(#3316),#3334,.F.);
#3316 = FACE_BOUND('',#3317,.F.);
#3317 = EDGE_LOOP('',(#3318,#3326,#3327,#3328));
#3318 = ORIENTED_EDGE('',*,*,#3319,.T.);
#3319 = EDGE_CURVE('',#3320,#3166,#3322,.T.);
#3320 = VERTEX_POINT('',#3321);
#3321 = CARTESIAN_POINT('',(4.1,-0.1,3.65));
#3322 = LINE('',#3323,#3324);
#3323 = CARTESIAN_POINT('',(4.25,-0.1,3.65));
#3324 = VECTOR('',#3325,1.);
#3325 = DIRECTION('',(-1.,0.,0.));
#3326 = ORIENTED_EDGE('',*,*,#3173,.F.);
#3327 = ORIENTED_EDGE('',*,*,#3257,.F.);
#3328 = ORIENTED_EDGE('',*,*,#3329,.T.);
#3329 = EDGE_CURVE('',#3250,#3320,#3330,.T.);
#3330 = LINE('',#3331,#3332);
#3331 = CARTESIAN_POINT('',(4.1,0.25,3.65));
#3332 = VECTOR('',#3333,1.);
#3333 = DIRECTION('',(0.,-1.,2.2E-16));
#3334 = PLANE('',#3335);
#3335 = AXIS2_PLACEMENT_3D('',#3336,#3337,#3338);
#3336 = CARTESIAN_POINT('',(4.25,0.25,3.65));
#3337 = DIRECTION('',(-0.,-2.2E-16,-1.));
#3338 = DIRECTION('',(-1.,0.,0.));
#3339 = ADVANCED_FACE('',(#3340),#3351,.T.);
#3340 = FACE_BOUND('',#3341,.T.);
#3341 = EDGE_LOOP('',(#3342,#3348,#3349,#3350));
#3342 = ORIENTED_EDGE('',*,*,#3343,.F.);
#3343 = EDGE_CURVE('',#3320,#3220,#3344,.T.);
#3344 = LINE('',#3345,#3346);
#3345 = CARTESIAN_POINT('',(4.116666666667,-0.116666666667,
    3.633333333333));
#3346 = VECTOR('',#3347,1.);
#3347 = DIRECTION('',(0.57735026919,-0.57735026919,-0.57735026919));
#3348 = ORIENTED_EDGE('',*,*,#3319,.T.);
#3349 = ORIENTED_EDGE('',*,*,#3165,.T.);
#3350 = ORIENTED_EDGE('',*,*,#3219,.F.);
#3351 = PLANE('',#3352);
#3352 = AXIS2_PLACEMENT_3D('',#3353,#3354,#3355);
#3353 = CARTESIAN_POINT('',(4.25,-0.175,3.575));
#3354 = DIRECTION('',(0.,-0.707106781187,0.707106781187));
#3355 = DIRECTION('',(-1.,0.,0.));
#3356 = ADVANCED_FACE('',(#3357),#3375,.F.);
#3357 = FACE_BOUND('',#3358,.F.);
#3358 = EDGE_LOOP('',(#3359,#3367,#3368,#3369));
#3359 = ORIENTED_EDGE('',*,*,#3360,.F.);
#3360 = EDGE_CURVE('',#3275,#3361,#3363,.T.);
#3361 = VERTEX_POINT('',#3362);
#3362 = CARTESIAN_POINT('',(4.1,-1.E-01,-3.65));
#3363 = LINE('',#3364,#3365);
#3364 = CARTESIAN_POINT('',(4.1,0.25,-3.65));
#3365 = VECTOR('',#3366,1.);
#3366 = DIRECTION('',(0.,-1.,2.2E-16));
#3367 = ORIENTED_EDGE('',*,*,#3274,.F.);
#3368 = ORIENTED_EDGE('',*,*,#3204,.T.);
#3369 = ORIENTED_EDGE('',*,*,#3370,.T.);
#3370 = EDGE_CURVE('',#3197,#3361,#3371,.T.);
#3371 = LINE('',#3372,#3373);
#3372 = CARTESIAN_POINT('',(3.75,-0.1,-3.65));
#3373 = VECTOR('',#3374,1.);
#3374 = DIRECTION('',(1.,0.,0.));
#3375 = PLANE('',#3376);
#3376 = AXIS2_PLACEMENT_3D('',#3377,#3378,#3379);
#3377 = CARTESIAN_POINT('',(3.75,0.25,-3.65));
#3378 = DIRECTION('',(0.,2.2E-16,1.));
#3379 = DIRECTION('',(1.,0.,0.));
#3380 = ADVANCED_FACE('',(#3381),#3392,.T.);
#3381 = FACE_BOUND('',#3382,.T.);
#3382 = EDGE_LOOP('',(#3383,#3384,#3385,#3391));
#3383 = ORIENTED_EDGE('',*,*,#3196,.F.);
#3384 = ORIENTED_EDGE('',*,*,#3370,.T.);
#3385 = ORIENTED_EDGE('',*,*,#3386,.T.);
#3386 = EDGE_CURVE('',#3361,#3228,#3387,.T.);
#3387 = LINE('',#3388,#3389);
#3388 = CARTESIAN_POINT('',(4.033333333333,-3.333333333333E-02,
    -3.716666666667));
#3389 = VECTOR('',#3390,1.);
#3390 = DIRECTION('',(0.57735026919,-0.57735026919,0.57735026919));
#3391 = ORIENTED_EDGE('',*,*,#3235,.F.);
#3392 = PLANE('',#3393);
#3393 = AXIS2_PLACEMENT_3D('',#3394,#3395,#3396);
#3394 = CARTESIAN_POINT('',(3.75,-0.175,-3.575));
#3395 = DIRECTION('',(0.,-0.707106781187,-0.707106781187));
#3396 = DIRECTION('',(1.,0.,0.));
#3397 = ADVANCED_FACE('',(#3398),#3404,.T.);
#3398 = FACE_BOUND('',#3399,.F.);
#3399 = EDGE_LOOP('',(#3400,#3401,#3402,#3403));
#3400 = ORIENTED_EDGE('',*,*,#3249,.T.);
#3401 = ORIENTED_EDGE('',*,*,#3305,.T.);
#3402 = ORIENTED_EDGE('',*,*,#3343,.F.);
#3403 = ORIENTED_EDGE('',*,*,#3329,.F.);
#3404 = PLANE('',#3405);
#3405 = AXIS2_PLACEMENT_3D('',#3406,#3407,#3408);
#3406 = CARTESIAN_POINT('',(4.175,0.25,3.575));
#3407 = DIRECTION('',(0.707106781187,1.6E-16,0.707106781187));
#3408 = DIRECTION('',(-3.137084989848E-18,1.,-2.231370849898E-16));
#3409 = ADVANCED_FACE('',(#3410),#3416,.T.);
#3410 = FACE_BOUND('',#3411,.F.);
#3411 = EDGE_LOOP('',(#3412,#3413,#3414,#3415));
#3412 = ORIENTED_EDGE('',*,*,#3282,.F.);
#3413 = ORIENTED_EDGE('',*,*,#3360,.T.);
#3414 = ORIENTED_EDGE('',*,*,#3386,.T.);
#3415 = ORIENTED_EDGE('',*,*,#3298,.F.);
#3416 = PLANE('',#3417);
#3417 = AXIS2_PLACEMENT_3D('',#3418,#3419,#3420);
#3418 = CARTESIAN_POINT('',(4.175,0.25,-3.575));
#3419 = DIRECTION('',(0.707106781187,-1.6E-16,-0.707106781187));
#3420 = DIRECTION('',(3.137084989848E-18,1.,-2.231370849898E-16));
#3421 = MANIFOLD_SOLID_BREP('',#3422);
#3422 = CLOSED_SHELL('',(#3423,#3463,#3494,#3525,#3556,#3587,#3611,#3635
    ,#3657,#3681,#3698,#3722,#3739,#3751));
#3423 = ADVANCED_FACE('',(#3424),#3458,.F.);
#3424 = FACE_BOUND('',#3425,.F.);
#3425 = EDGE_LOOP('',(#3426,#3436,#3444,#3452));
#3426 = ORIENTED_EDGE('',*,*,#3427,.F.);
#3427 = EDGE_CURVE('',#3428,#3430,#3432,.T.);
#3428 = VERTEX_POINT('',#3429);
#3429 = CARTESIAN_POINT('',(5.75,0.25,3.5));
#3430 = VERTEX_POINT('',#3431);
#3431 = CARTESIAN_POINT('',(5.75,0.25,-3.5));
#3432 = LINE('',#3433,#3434);
#3433 = CARTESIAN_POINT('',(5.75,0.25,3.65));
#3434 = VECTOR('',#3435,1.);
#3435 = DIRECTION('',(0.,0.,-1.));
#3436 = ORIENTED_EDGE('',*,*,#3437,.T.);
#3437 = EDGE_CURVE('',#3428,#3438,#3440,.T.);
#3438 = VERTEX_POINT('',#3439);
#3439 = CARTESIAN_POINT('',(5.75,-0.25,3.5));
#3440 = LINE('',#3441,#3442);
#3441 = CARTESIAN_POINT('',(5.75,0.25,3.5));
#3442 = VECTOR('',#3443,1.);
#3443 = DIRECTION('',(0.,-1.,2.2E-16));
#3444 = ORIENTED_EDGE('',*,*,#3445,.T.);
#3445 = EDGE_CURVE('',#3438,#3446,#3448,.T.);
#3446 = VERTEX_POINT('',#3447);
#3447 = CARTESIAN_POINT('',(5.75,-0.25,-3.5));
#3448 = LINE('',#3449,#3450);
#3449 = CARTESIAN_POINT('',(5.75,-0.25,3.65));
#3450 = VECTOR('',#3451,1.);
#3451 = DIRECTION('',(0.,0.,-1.));
#3452 = ORIENTED_EDGE('',*,*,#3453,.F.);
#3453 = EDGE_CURVE('',#3430,#3446,#3454,.T.);
#3454 = LINE('',#3455,#3456);
#3455 = CARTESIAN_POINT('',(5.75,0.25,-3.5));
#3456 = VECTOR('',#3457,1.);
#3457 = DIRECTION('',(0.,-1.,2.2E-16));
#3458 = PLANE('',#3459);
#3459 = AXIS2_PLACEMENT_3D('',#3460,#3461,#3462);
#3460 = CARTESIAN_POINT('',(5.75,0.25,3.65));
#3461 = DIRECTION('',(1.,0.,0.));
#3462 = DIRECTION('',(0.,-2.2E-16,-1.));
#3463 = ADVANCED_FACE('',(#3464),#3489,.T.);
#3464 = FACE_BOUND('',#3465,.T.);
#3465 = EDGE_LOOP('',(#3466,#3467,#3475,#3483));
#3466 = ORIENTED_EDGE('',*,*,#3427,.F.);
#3467 = ORIENTED_EDGE('',*,*,#3468,.F.);
#3468 = EDGE_CURVE('',#3469,#3428,#3471,.T.);
#3469 = VERTEX_POINT('',#3470);
#3470 = CARTESIAN_POINT('',(6.25,0.25,3.5));
#3471 = LINE('',#3472,#3473);
#3472 = CARTESIAN_POINT('',(6.25,0.25,3.5));
#3473 = VECTOR('',#3474,1.);
#3474 = DIRECTION('',(-1.,0.,0.));
#3475 = ORIENTED_EDGE('',*,*,#3476,.F.);
#3476 = EDGE_CURVE('',#3477,#3469,#3479,.T.);
#3477 = VERTEX_POINT('',#3478);
#3478 = CARTESIAN_POINT('',(6.25,0.25,-3.5));
#3479 = LINE('',#3480,#3481);
#3480 = CARTESIAN_POINT('',(6.25,0.25,-3.65));
#3481 = VECTOR('',#3482,1.);
#3482 = DIRECTION('',(0.,0.,1.));
#3483 = ORIENTED_EDGE('',*,*,#3484,.F.);
#3484 = EDGE_CURVE('',#3430,#3477,#3485,.T.);
#3485 = LINE('',#3486,#3487);
#3486 = CARTESIAN_POINT('',(5.75,0.25,-3.5));
#3487 = VECTOR('',#3488,1.);
#3488 = DIRECTION('',(1.,0.,0.));
#3489 = PLANE('',#3490);
#3490 = AXIS2_PLACEMENT_3D('',#3491,#3492,#3493);
#3491 = CARTESIAN_POINT('',(6.,0.25,-4.3E-16));
#3492 = DIRECTION('',(0.,1.,0.));
#3493 = DIRECTION('',(0.,0.,1.));
#3494 = ADVANCED_FACE('',(#3495),#3520,.T.);
#3495 = FACE_BOUND('',#3496,.T.);
#3496 = EDGE_LOOP('',(#3497,#3505,#3506,#3514));
#3497 = ORIENTED_EDGE('',*,*,#3498,.F.);
#3498 = EDGE_CURVE('',#3428,#3499,#3501,.T.);
#3499 = VERTEX_POINT('',#3500);
#3500 = CARTESIAN_POINT('',(5.9,0.1,3.65));
#3501 = LINE('',#3502,#3503);
#3502 = CARTESIAN_POINT('',(5.883333333333,0.116666666667,3.633333333333
    ));
#3503 = VECTOR('',#3504,1.);
#3504 = DIRECTION('',(0.57735026919,-0.57735026919,0.57735026919));
#3505 = ORIENTED_EDGE('',*,*,#3437,.T.);
#3506 = ORIENTED_EDGE('',*,*,#3507,.F.);
#3507 = EDGE_CURVE('',#3508,#3438,#3510,.T.);
#3508 = VERTEX_POINT('',#3509);
#3509 = CARTESIAN_POINT('',(5.9,-0.1,3.65));
#3510 = LINE('',#3511,#3512);
#3511 = CARTESIAN_POINT('',(5.966666666667,-3.333333333333E-02,
    3.716666666667));
#3512 = VECTOR('',#3513,1.);
#3513 = DIRECTION('',(-0.57735026919,-0.57735026919,-0.57735026919));
#3514 = ORIENTED_EDGE('',*,*,#3515,.F.);
#3515 = EDGE_CURVE('',#3499,#3508,#3516,.T.);
#3516 = LINE('',#3517,#3518);
#3517 = CARTESIAN_POINT('',(5.9,0.25,3.65));
#3518 = VECTOR('',#3519,1.);
#3519 = DIRECTION('',(0.,-1.,2.2E-16));
#3520 = PLANE('',#3521);
#3521 = AXIS2_PLACEMENT_3D('',#3522,#3523,#3524);
#3522 = CARTESIAN_POINT('',(5.825,0.25,3.575));
#3523 = DIRECTION('',(-0.707106781187,1.6E-16,0.707106781187));
#3524 = DIRECTION('',(-3.137084989848E-18,-1.,2.231370849898E-16));
#3525 = ADVANCED_FACE('',(#3526),#3551,.T.);
#3526 = FACE_BOUND('',#3527,.F.);
#3527 = EDGE_LOOP('',(#3528,#3536,#3537,#3545));
#3528 = ORIENTED_EDGE('',*,*,#3529,.F.);
#3529 = EDGE_CURVE('',#3430,#3530,#3532,.T.);
#3530 = VERTEX_POINT('',#3531);
#3531 = CARTESIAN_POINT('',(5.9,0.1,-3.65));
#3532 = LINE('',#3533,#3534);
#3533 = CARTESIAN_POINT('',(5.8,0.2,-3.55));
#3534 = VECTOR('',#3535,1.);
#3535 = DIRECTION('',(0.57735026919,-0.57735026919,-0.57735026919));
#3536 = ORIENTED_EDGE('',*,*,#3453,.T.);
#3537 = ORIENTED_EDGE('',*,*,#3538,.F.);
#3538 = EDGE_CURVE('',#3539,#3446,#3541,.T.);
#3539 = VERTEX_POINT('',#3540);
#3540 = CARTESIAN_POINT('',(5.9,-1.E-01,-3.65));
#3541 = LINE('',#3542,#3543);
#3542 = CARTESIAN_POINT('',(5.883333333333,-0.116666666667,
    -3.633333333333));
#3543 = VECTOR('',#3544,1.);
#3544 = DIRECTION('',(-0.57735026919,-0.57735026919,0.57735026919));
#3545 = ORIENTED_EDGE('',*,*,#3546,.F.);
#3546 = EDGE_CURVE('',#3530,#3539,#3547,.T.);
#3547 = LINE('',#3548,#3549);
#3548 = CARTESIAN_POINT('',(5.9,0.25,-3.65));
#3549 = VECTOR('',#3550,1.);
#3550 = DIRECTION('',(0.,-1.,2.2E-16));
#3551 = PLANE('',#3552);
#3552 = AXIS2_PLACEMENT_3D('',#3553,#3554,#3555);
#3553 = CARTESIAN_POINT('',(5.825,0.25,-3.575));
#3554 = DIRECTION('',(-0.707106781187,-1.6E-16,-0.707106781187));
#3555 = DIRECTION('',(-3.137084989848E-18,1.,-2.231370849898E-16));
#3556 = ADVANCED_FACE('',(#3557),#3582,.F.);
#3557 = FACE_BOUND('',#3558,.F.);
#3558 = EDGE_LOOP('',(#3559,#3560,#3568,#3576));
#3559 = ORIENTED_EDGE('',*,*,#3445,.F.);
#3560 = ORIENTED_EDGE('',*,*,#3561,.F.);
#3561 = EDGE_CURVE('',#3562,#3438,#3564,.T.);
#3562 = VERTEX_POINT('',#3563);
#3563 = CARTESIAN_POINT('',(6.25,-0.25,3.5));
#3564 = LINE('',#3565,#3566);
#3565 = CARTESIAN_POINT('',(6.25,-0.25,3.5));
#3566 = VECTOR('',#3567,1.);
#3567 = DIRECTION('',(-1.,0.,0.));
#3568 = ORIENTED_EDGE('',*,*,#3569,.F.);
#3569 = EDGE_CURVE('',#3570,#3562,#3572,.T.);
#3570 = VERTEX_POINT('',#3571);
#3571 = CARTESIAN_POINT('',(6.25,-0.25,-3.5));
#3572 = LINE('',#3573,#3574);
#3573 = CARTESIAN_POINT('',(6.25,-0.25,-3.65));
#3574 = VECTOR('',#3575,1.);
#3575 = DIRECTION('',(0.,0.,1.));
#3576 = ORIENTED_EDGE('',*,*,#3577,.F.);
#3577 = EDGE_CURVE('',#3446,#3570,#3578,.T.);
#3578 = LINE('',#3579,#3580);
#3579 = CARTESIAN_POINT('',(5.75,-0.25,-3.5));
#3580 = VECTOR('',#3581,1.);
#3581 = DIRECTION('',(1.,0.,0.));
#3582 = PLANE('',#3583);
#3583 = AXIS2_PLACEMENT_3D('',#3584,#3585,#3586);
#3584 = CARTESIAN_POINT('',(6.,-0.25,-4.3E-16));
#3585 = DIRECTION('',(0.,1.,0.));
#3586 = DIRECTION('',(0.,0.,1.));
#3587 = ADVANCED_FACE('',(#3588),#3606,.F.);
#3588 = FACE_BOUND('',#3589,.F.);
#3589 = EDGE_LOOP('',(#3590,#3598,#3604,#3605));
#3590 = ORIENTED_EDGE('',*,*,#3591,.F.);
#3591 = EDGE_CURVE('',#3592,#3469,#3594,.T.);
#3592 = VERTEX_POINT('',#3593);
#3593 = CARTESIAN_POINT('',(6.1,0.1,3.65));
#3594 = LINE('',#3595,#3596);
#3595 = CARTESIAN_POINT('',(6.2,0.2,3.55));
#3596 = VECTOR('',#3597,1.);
#3597 = DIRECTION('',(0.57735026919,0.57735026919,-0.57735026919));
#3598 = ORIENTED_EDGE('',*,*,#3599,.T.);
#3599 = EDGE_CURVE('',#3592,#3499,#3600,.T.);
#3600 = LINE('',#3601,#3602);
#3601 = CARTESIAN_POINT('',(6.25,0.1,3.65));
#3602 = VECTOR('',#3603,1.);
#3603 = DIRECTION('',(-1.,0.,0.));
#3604 = ORIENTED_EDGE('',*,*,#3498,.F.);
#3605 = ORIENTED_EDGE('',*,*,#3468,.F.);
#3606 = PLANE('',#3607);
#3607 = AXIS2_PLACEMENT_3D('',#3608,#3609,#3610);
#3608 = CARTESIAN_POINT('',(6.25,0.175,3.575));
#3609 = DIRECTION('',(0.,-0.707106781187,-0.707106781187));
#3610 = DIRECTION('',(-1.,0.,0.));
#3611 = ADVANCED_FACE('',(#3612),#3630,.F.);
#3612 = FACE_BOUND('',#3613,.F.);
#3613 = EDGE_LOOP('',(#3614,#3615,#3623,#3629));
#3614 = ORIENTED_EDGE('',*,*,#3529,.T.);
#3615 = ORIENTED_EDGE('',*,*,#3616,.T.);
#3616 = EDGE_CURVE('',#3530,#3617,#3619,.T.);
#3617 = VERTEX_POINT('',#3618);
#3618 = CARTESIAN_POINT('',(6.1,0.1,-3.65));
#3619 = LINE('',#3620,#3621);
#3620 = CARTESIAN_POINT('',(5.75,0.1,-3.65));
#3621 = VECTOR('',#3622,1.);
#3622 = DIRECTION('',(1.,0.,0.));
#3623 = ORIENTED_EDGE('',*,*,#3624,.T.);
#3624 = EDGE_CURVE('',#3617,#3477,#3625,.T.);
#3625 = LINE('',#3626,#3627);
#3626 = CARTESIAN_POINT('',(6.116666666667,0.116666666667,
    -3.633333333333));
#3627 = VECTOR('',#3628,1.);
#3628 = DIRECTION('',(0.57735026919,0.57735026919,0.57735026919));
#3629 = ORIENTED_EDGE('',*,*,#3484,.F.);
#3630 = PLANE('',#3631);
#3631 = AXIS2_PLACEMENT_3D('',#3632,#3633,#3634);
#3632 = CARTESIAN_POINT('',(5.75,0.175,-3.575));
#3633 = DIRECTION('',(0.,-0.707106781187,0.707106781187));
#3634 = DIRECTION('',(1.,0.,0.));
#3635 = ADVANCED_FACE('',(#3636),#3652,.F.);
#3636 = FACE_BOUND('',#3637,.F.);
#3637 = EDGE_LOOP('',(#3638,#3639,#3645,#3646));
#3638 = ORIENTED_EDGE('',*,*,#3476,.F.);
#3639 = ORIENTED_EDGE('',*,*,#3640,.T.);
#3640 = EDGE_CURVE('',#3477,#3570,#3641,.T.);
#3641 = LINE('',#3642,#3643);
#3642 = CARTESIAN_POINT('',(6.25,0.25,-3.5));
#3643 = VECTOR('',#3644,1.);
#3644 = DIRECTION('',(0.,-1.,2.2E-16));
#3645 = ORIENTED_EDGE('',*,*,#3569,.T.);
#3646 = ORIENTED_EDGE('',*,*,#3647,.F.);
#3647 = EDGE_CURVE('',#3469,#3562,#3648,.T.);
#3648 = LINE('',#3649,#3650);
#3649 = CARTESIAN_POINT('',(6.25,0.25,3.5));
#3650 = VECTOR('',#3651,1.);
#3651 = DIRECTION('',(0.,-1.,2.2E-16));
#3652 = PLANE('',#3653);
#3653 = AXIS2_PLACEMENT_3D('',#3654,#3655,#3656);
#3654 = CARTESIAN_POINT('',(6.25,0.25,-3.65));
#3655 = DIRECTION('',(-1.,0.,0.));
#3656 = DIRECTION('',(0.,2.2E-16,1.));
#3657 = ADVANCED_FACE('',(#3658),#3676,.F.);
#3658 = FACE_BOUND('',#3659,.F.);
#3659 = EDGE_LOOP('',(#3660,#3668,#3669,#3670));
#3660 = ORIENTED_EDGE('',*,*,#3661,.T.);
#3661 = EDGE_CURVE('',#3662,#3508,#3664,.T.);
#3662 = VERTEX_POINT('',#3663);
#3663 = CARTESIAN_POINT('',(6.1,-0.1,3.65));
#3664 = LINE('',#3665,#3666);
#3665 = CARTESIAN_POINT('',(6.25,-0.1,3.65));
#3666 = VECTOR('',#3667,1.);
#3667 = DIRECTION('',(-1.,0.,0.));
#3668 = ORIENTED_EDGE('',*,*,#3515,.F.);
#3669 = ORIENTED_EDGE('',*,*,#3599,.F.);
#3670 = ORIENTED_EDGE('',*,*,#3671,.T.);
#3671 = EDGE_CURVE('',#3592,#3662,#3672,.T.);
#3672 = LINE('',#3673,#3674);
#3673 = CARTESIAN_POINT('',(6.1,0.25,3.65));
#3674 = VECTOR('',#3675,1.);
#3675 = DIRECTION('',(0.,-1.,2.2E-16));
#3676 = PLANE('',#3677);
#3677 = AXIS2_PLACEMENT_3D('',#3678,#3679,#3680);
#3678 = CARTESIAN_POINT('',(6.25,0.25,3.65));
#3679 = DIRECTION('',(-0.,-2.2E-16,-1.));
#3680 = DIRECTION('',(-1.,0.,0.));
#3681 = ADVANCED_FACE('',(#3682),#3693,.T.);
#3682 = FACE_BOUND('',#3683,.T.);
#3683 = EDGE_LOOP('',(#3684,#3690,#3691,#3692));
#3684 = ORIENTED_EDGE('',*,*,#3685,.F.);
#3685 = EDGE_CURVE('',#3662,#3562,#3686,.T.);
#3686 = LINE('',#3687,#3688);
#3687 = CARTESIAN_POINT('',(6.116666666667,-0.116666666667,
    3.633333333333));
#3688 = VECTOR('',#3689,1.);
#3689 = DIRECTION('',(0.57735026919,-0.57735026919,-0.57735026919));
#3690 = ORIENTED_EDGE('',*,*,#3661,.T.);
#3691 = ORIENTED_EDGE('',*,*,#3507,.T.);
#3692 = ORIENTED_EDGE('',*,*,#3561,.F.);
#3693 = PLANE('',#3694);
#3694 = AXIS2_PLACEMENT_3D('',#3695,#3696,#3697);
#3695 = CARTESIAN_POINT('',(6.25,-0.175,3.575));
#3696 = DIRECTION('',(0.,-0.707106781187,0.707106781187));
#3697 = DIRECTION('',(-1.,0.,0.));
#3698 = ADVANCED_FACE('',(#3699),#3717,.F.);
#3699 = FACE_BOUND('',#3700,.F.);
#3700 = EDGE_LOOP('',(#3701,#3709,#3710,#3711));
#3701 = ORIENTED_EDGE('',*,*,#3702,.F.);
#3702 = EDGE_CURVE('',#3617,#3703,#3705,.T.);
#3703 = VERTEX_POINT('',#3704);
#3704 = CARTESIAN_POINT('',(6.1,-1.E-01,-3.65));
#3705 = LINE('',#3706,#3707);
#3706 = CARTESIAN_POINT('',(6.1,0.25,-3.65));
#3707 = VECTOR('',#3708,1.);
#3708 = DIRECTION('',(0.,-1.,2.2E-16));
#3709 = ORIENTED_EDGE('',*,*,#3616,.F.);
#3710 = ORIENTED_EDGE('',*,*,#3546,.T.);
#3711 = ORIENTED_EDGE('',*,*,#3712,.T.);
#3712 = EDGE_CURVE('',#3539,#3703,#3713,.T.);
#3713 = LINE('',#3714,#3715);
#3714 = CARTESIAN_POINT('',(5.75,-0.1,-3.65));
#3715 = VECTOR('',#3716,1.);
#3716 = DIRECTION('',(1.,0.,0.));
#3717 = PLANE('',#3718);
#3718 = AXIS2_PLACEMENT_3D('',#3719,#3720,#3721);
#3719 = CARTESIAN_POINT('',(5.75,0.25,-3.65));
#3720 = DIRECTION('',(0.,2.2E-16,1.));
#3721 = DIRECTION('',(1.,0.,0.));
#3722 = ADVANCED_FACE('',(#3723),#3734,.T.);
#3723 = FACE_BOUND('',#3724,.T.);
#3724 = EDGE_LOOP('',(#3725,#3726,#3727,#3733));
#3725 = ORIENTED_EDGE('',*,*,#3538,.F.);
#3726 = ORIENTED_EDGE('',*,*,#3712,.T.);
#3727 = ORIENTED_EDGE('',*,*,#3728,.T.);
#3728 = EDGE_CURVE('',#3703,#3570,#3729,.T.);
#3729 = LINE('',#3730,#3731);
#3730 = CARTESIAN_POINT('',(6.033333333333,-3.333333333333E-02,
    -3.716666666667));
#3731 = VECTOR('',#3732,1.);
#3732 = DIRECTION('',(0.57735026919,-0.57735026919,0.57735026919));
#3733 = ORIENTED_EDGE('',*,*,#3577,.F.);
#3734 = PLANE('',#3735);
#3735 = AXIS2_PLACEMENT_3D('',#3736,#3737,#3738);
#3736 = CARTESIAN_POINT('',(5.75,-0.175,-3.575));
#3737 = DIRECTION('',(0.,-0.707106781187,-0.707106781187));
#3738 = DIRECTION('',(1.,0.,0.));
#3739 = ADVANCED_FACE('',(#3740),#3746,.T.);
#3740 = FACE_BOUND('',#3741,.F.);
#3741 = EDGE_LOOP('',(#3742,#3743,#3744,#3745));
#3742 = ORIENTED_EDGE('',*,*,#3591,.T.);
#3743 = ORIENTED_EDGE('',*,*,#3647,.T.);
#3744 = ORIENTED_EDGE('',*,*,#3685,.F.);
#3745 = ORIENTED_EDGE('',*,*,#3671,.F.);
#3746 = PLANE('',#3747);
#3747 = AXIS2_PLACEMENT_3D('',#3748,#3749,#3750);
#3748 = CARTESIAN_POINT('',(6.175,0.25,3.575));
#3749 = DIRECTION('',(0.707106781187,1.6E-16,0.707106781187));
#3750 = DIRECTION('',(-3.137084989848E-18,1.,-2.231370849898E-16));
#3751 = ADVANCED_FACE('',(#3752),#3758,.T.);
#3752 = FACE_BOUND('',#3753,.F.);
#3753 = EDGE_LOOP('',(#3754,#3755,#3756,#3757));
#3754 = ORIENTED_EDGE('',*,*,#3624,.F.);
#3755 = ORIENTED_EDGE('',*,*,#3702,.T.);
#3756 = ORIENTED_EDGE('',*,*,#3728,.T.);
#3757 = ORIENTED_EDGE('',*,*,#3640,.F.);
#3758 = PLANE('',#3759);
#3759 = AXIS2_PLACEMENT_3D('',#3760,#3761,#3762);
#3760 = CARTESIAN_POINT('',(6.175,0.25,-3.575));
#3761 = DIRECTION('',(0.707106781187,-1.6E-16,-0.707106781187));
#3762 = DIRECTION('',(3.137084989848E-18,1.,-2.231370849898E-16));
#3763 = ( GEOMETRIC_REPRESENTATION_CONTEXT(3) 
GLOBAL_UNCERTAINTY_ASSIGNED_CONTEXT((#3767)) 
GLOBAL_UNIT_ASSIGNED_CONTEXT((#3764,#3765,#3766)) REPRESENTATION_CONTEXT
('Context #1','3D Context with UNIT and UNCERTAINTY') );
#3764 = ( LENGTH_UNIT() NAMED_UNIT(*) SI_UNIT(.MILLI.,.METRE.) );
#3765 = ( NAMED_UNIT(*) PLANE_ANGLE_UNIT() SI_UNIT($,.RADIAN.) );
#3766 = ( NAMED_UNIT(*) SI_UNIT($,.STERADIAN.) SOLID_ANGLE_UNIT() );
#3767 = UNCERTAINTY_MEASURE_WITH_UNIT(LENGTH_MEASURE(1.E-07),#3764,
  'distance_accuracy_value','confusion accuracy');
#3768 = CONTEXT_DEPENDENT_SHAPE_REPRESENTATION(#3769,#3771);
#3769 = ( REPRESENTATION_RELATIONSHIP('','',#2394,#10) 
REPRESENTATION_RELATIONSHIP_WITH_TRANSFORMATION(#3770) 
SHAPE_REPRESENTATION_RELATIONSHIP() );
#3770 = ITEM_DEFINED_TRANSFORMATION('','',#11,#23);
#3771 = PRODUCT_DEFINITION_SHAPE('Placement','Placement of an item',
  #3772);
#3772 = NEXT_ASSEMBLY_USAGE_OCCURRENCE('3','LinearPattern001','',#5,
  #2389,$);
#3773 = PRODUCT_RELATED_PRODUCT_CATEGORY('part',$,(#2391));
#3774 = MECHANICAL_DESIGN_GEOMETRIC_PRESENTATION_REPRESENTATION('',(
    #3775),#1199);
#3775 = STYLED_ITEM('color',(#3776),#41);
#3776 = PRESENTATION_STYLE_ASSIGNMENT((#3777,#3783));
#3777 = SURFACE_STYLE_USAGE(.BOTH.,#3778);
#3778 = SURFACE_SIDE_STYLE('',(#3779));
#3779 = SURFACE_STYLE_FILL_AREA(#3780);
#3780 = FILL_AREA_STYLE('',(#3781));
#3781 = FILL_AREA_STYLE_COLOUR('',#3782);
#3782 = COLOUR_RGB('',0.11764705971,0.11764705971,0.11764705971);
#3783 = CURVE_STYLE('',#3784,POSITIVE_LENGTH_MEASURE(0.1),#3785);
#3784 = DRAUGHTING_PRE_DEFINED_CURVE_FONT('continuous');
#3785 = COLOUR_RGB('',9.803921802644E-02,9.803921802644E-02,
  9.803921802644E-02);
#3786 = MECHANICAL_DESIGN_GEOMETRIC_PRESENTATION_REPRESENTATION('',(
    #3787),#2376);
#3787 = STYLED_ITEM('color',(#3788),#1218);
#3788 = PRESENTATION_STYLE_ASSIGNMENT((#3789,#3794));
#3789 = SURFACE_STYLE_USAGE(.BOTH.,#3790);
#3790 = SURFACE_SIDE_STYLE('',(#3791));
#3791 = SURFACE_STYLE_FILL_AREA(#3792);
#3792 = FILL_AREA_STYLE('',(#3793));
#3793 = FILL_AREA_STYLE_COLOUR('',#3782);
#3794 = CURVE_STYLE('',#3795,POSITIVE_LENGTH_MEASURE(0.1),#3785);
#3795 = DRAUGHTING_PRE_DEFINED_CURVE_FONT('continuous');
#3796 = MECHANICAL_DESIGN_GEOMETRIC_PRESENTATION_REPRESENTATION('',(
    #3797,#3807,#3816,#3825),#3763);
#3797 = STYLED_ITEM('color',(#3798),#2395);
#3798 = PRESENTATION_STYLE_ASSIGNMENT((#3799,#3805));
#3799 = SURFACE_STYLE_USAGE(.BOTH.,#3800);
#3800 = SURFACE_SIDE_STYLE('',(#3801));
#3801 = SURFACE_STYLE_FILL_AREA(#3802);
#3802 = FILL_AREA_STYLE('',(#3803));
#3803 = FILL_AREA_STYLE_COLOUR('',#3804);
#3804 = COLOUR_RGB('',0.917647049334,0.917647049334,0.917647049334);
#3805 = CURVE_STYLE('',#3806,POSITIVE_LENGTH_MEASURE(0.1),#3785);
#3806 = DRAUGHTING_PRE_DEFINED_CURVE_FONT('continuous');
#3807 = STYLED_ITEM('color',(#3808),#2737);
#3808 = PRESENTATION_STYLE_ASSIGNMENT((#3809,#3814));
#3809 = SURFACE_STYLE_USAGE(.BOTH.,#3810);
#3810 = SURFACE_SIDE_STYLE('',(#3811));
#3811 = SURFACE_STYLE_FILL_AREA(#3812);
#3812 = FILL_AREA_STYLE('',(#3813));
#3813 = FILL_AREA_STYLE_COLOUR('',#3804);
#3814 = CURVE_STYLE('',#3815,POSITIVE_LENGTH_MEASURE(0.1),#3785);
#3815 = DRAUGHTING_PRE_DEFINED_CURVE_FONT('continuous');
#3816 = STYLED_ITEM('color',(#3817),#3079);
#3817 = PRESENTATION_STYLE_ASSIGNMENT((#3818,#3823));
#3818 = SURFACE_STYLE_USAGE(.BOTH.,#3819);
#3819 = SURFACE_SIDE_STYLE('',(#3820));
#3820 = SURFACE_STYLE_FILL_AREA(#3821);
#3821 = FILL_AREA_STYLE('',(#3822));
#3822 = FILL_AREA_STYLE_COLOUR('',#3804);
#3823 = CURVE_STYLE('',#3824,POSITIVE_LENGTH_MEASURE(0.1),#3785);
#3824 = DRAUGHTING_PRE_DEFINED_CURVE_FONT('continuous');
#3825 = STYLED_ITEM('color',(#3826),#3421);
#3826 = PRESENTATION_STYLE_ASSIGNMENT((#3827,#3832));
#3827 = SURFACE_STYLE_USAGE(.BOTH.,#3828);
#3828 = SURFACE_SIDE_STYLE('',(#3829));
#3829 = SURFACE_STYLE_FILL_AREA(#3830);
#3830 = FILL_AREA_STYLE('',(#3831));
#3831 = FILL_AREA_STYLE_COLOUR('',#3804);
#3832 = CURVE_STYLE('',#3833,POSITIVE_LENGTH_MEASURE(0.1),#3785);
#3833 = DRAUGHTING_PRE_DEFINED_CURVE_FONT('continuous');
ENDSEC;
END-ISO-10303-21;
