ISO-10303-21;
HEADER;
FILE_DESCRIPTION(('FreeCAD Model'),'2;1');
FILE_NAME('Open CASCADE Shape Model','2026-06-06T11:10:32',(''),(''),
  'Open CASCADE STEP processor 7.8','FreeCAD','Unknown');
FILE_SCHEMA(('AUTOMOTIVE_DESIGN { 1 0 10303 214 1 1 1 1 }'));
ENDSEC;
DATA;
#1 = APPLICATION_PROTOCOL_DEFINITION('international standard',
  'automotive_design',2000,#2);
#2 = APPLICATION_CONTEXT(
  'core data for automotive mechanical design processes');
#3 = SHAPE_DEFINITION_REPRESENTATION(#4,#10);
#4 = PRODUCT_DEFINITION_SHAPE('','',#5);
#5 = PRODUCT_DEFINITION('design','',#6,#9);
#6 = PRODUCT_DEFINITION_FORMATION('','',#7);
#7 = PRODUCT('Unnamed','Unnamed','',(#8));
#8 = PRODUCT_CONTEXT('',#2,'mechanical');
#9 = PRODUCT_DEFINITION_CONTEXT('part definition',#2,'design');
#10 = SHAPE_REPRESENTATION('',(#11,#15,#19,#23,#27),#31);
#11 = AXIS2_PLACEMENT_3D('',#12,#13,#14);
#12 = CARTESIAN_POINT('',(0.,0.,0.));
#13 = DIRECTION('',(0.,0.,1.));
#14 = DIRECTION('',(1.,0.,-0.));
#15 = AXIS2_PLACEMENT_3D('',#16,#17,#18);
#16 = CARTESIAN_POINT('',(0.,0.,0.));
#17 = DIRECTION('',(0.,0.,1.));
#18 = DIRECTION('',(1.,0.,0.));
#19 = AXIS2_PLACEMENT_3D('',#20,#21,#22);
#20 = CARTESIAN_POINT('',(0.,0.,0.));
#21 = DIRECTION('',(0.,0.,1.));
#22 = DIRECTION('',(1.,0.,0.));
#23 = AXIS2_PLACEMENT_3D('',#24,#25,#26);
#24 = CARTESIAN_POINT('',(0.,0.,0.));
#25 = DIRECTION('',(0.,0.,1.));
#26 = DIRECTION('',(1.,0.,0.));
#27 = AXIS2_PLACEMENT_3D('',#28,#29,#30);
#28 = CARTESIAN_POINT('',(0.,0.,0.));
#29 = DIRECTION('',(0.,0.,1.));
#30 = DIRECTION('',(1.,0.,0.));
#31 = ( GEOMETRIC_REPRESENTATION_CONTEXT(3) 
GLOBAL_UNCERTAINTY_ASSIGNED_CONTEXT((#35)) GLOBAL_UNIT_ASSIGNED_CONTEXT(
(#32,#33,#34)) REPRESENTATION_CONTEXT('Context #1',
  '3D Context with UNIT and UNCERTAINTY') );
#32 = ( LENGTH_UNIT() NAMED_UNIT(*) SI_UNIT(.MILLI.,.METRE.) );
#33 = ( NAMED_UNIT(*) PLANE_ANGLE_UNIT() SI_UNIT($,.RADIAN.) );
#34 = ( NAMED_UNIT(*) SI_UNIT($,.STERADIAN.) SOLID_ANGLE_UNIT() );
#35 = UNCERTAINTY_MEASURE_WITH_UNIT(LENGTH_MEASURE(1.E-07),#32,
  'distance_accuracy_value','confusion accuracy');
#36 = PRODUCT_RELATED_PRODUCT_CATEGORY('part',$,(#7));
#37 = SHAPE_DEFINITION_REPRESENTATION(#38,#44);
#38 = PRODUCT_DEFINITION_SHAPE('','',#39);
#39 = PRODUCT_DEFINITION('design','',#40,#43);
#40 = PRODUCT_DEFINITION_FORMATION('','',#41);
#41 = PRODUCT('Chamfer003','Chamfer003','',(#42));
#42 = PRODUCT_CONTEXT('',#2,'mechanical');
#43 = PRODUCT_DEFINITION_CONTEXT('part definition',#2,'design');
#44 = ADVANCED_BREP_SHAPE_REPRESENTATION('',(#11,#45),#387);
#45 = MANIFOLD_SOLID_BREP('',#46);
#46 = CLOSED_SHELL('',(#47,#87,#118,#149,#180,#211,#235,#259,#276,#300,
    #322,#346,#363,#375));
#47 = ADVANCED_FACE('',(#48),#82,.F.);
#48 = FACE_BOUND('',#49,.F.);
#49 = EDGE_LOOP('',(#50,#60,#68,#76));
#50 = ORIENTED_EDGE('',*,*,#51,.F.);
#51 = EDGE_CURVE('',#52,#54,#56,.T.);
#52 = VERTEX_POINT('',#53);
#53 = CARTESIAN_POINT('',(-1.45,0.65,9.E-02));
#54 = VERTEX_POINT('',#55);
#55 = CARTESIAN_POINT('',(-1.45,-0.65,9.E-02));
#56 = LINE('',#57,#58);
#57 = CARTESIAN_POINT('',(-1.45,0.55,9.E-02));
#58 = VECTOR('',#59,1.);
#59 = DIRECTION('',(0.,-1.,0.));
#60 = ORIENTED_EDGE('',*,*,#61,.T.);
#61 = EDGE_CURVE('',#52,#62,#64,.T.);
#62 = VERTEX_POINT('',#63);
#63 = CARTESIAN_POINT('',(-1.45,0.65,0.1));
#64 = LINE('',#65,#66);
#65 = CARTESIAN_POINT('',(-1.45,0.65,-0.45));
#66 = VECTOR('',#67,1.);
#67 = DIRECTION('',(0.,0.,1.));
#68 = ORIENTED_EDGE('',*,*,#69,.T.);
#69 = EDGE_CURVE('',#62,#70,#72,.T.);
#70 = VERTEX_POINT('',#71);
#71 = CARTESIAN_POINT('',(-1.45,-0.65,0.1));
#72 = LINE('',#73,#74);
#73 = CARTESIAN_POINT('',(-1.45,0.65,0.1));
#74 = VECTOR('',#75,1.);
#75 = DIRECTION('',(0.,-1.,0.));
#76 = ORIENTED_EDGE('',*,*,#77,.F.);
#77 = EDGE_CURVE('',#54,#70,#78,.T.);
#78 = LINE('',#79,#80);
#79 = CARTESIAN_POINT('',(-1.45,-0.65,-0.45));
#80 = VECTOR('',#81,1.);
#81 = DIRECTION('',(0.,0.,1.));
#82 = PLANE('',#83);
#83 = AXIS2_PLACEMENT_3D('',#84,#85,#86);
#84 = CARTESIAN_POINT('',(-1.45,0.65,-0.45));
#85 = DIRECTION('',(1.,0.,0.));
#86 = DIRECTION('',(0.,-1.,0.));
#87 = ADVANCED_FACE('',(#88),#113,.T.);
#88 = FACE_BOUND('',#89,.T.);
#89 = EDGE_LOOP('',(#90,#98,#106,#112));
#90 = ORIENTED_EDGE('',*,*,#91,.F.);
#91 = EDGE_CURVE('',#92,#52,#94,.T.);
#92 = VERTEX_POINT('',#93);
#93 = CARTESIAN_POINT('',(-1.35,0.55,-0.45));
#94 = LINE('',#95,#96);
#95 = CARTESIAN_POINT('',(-1.355070603338,0.555070603338,-0.422618741977
    ));
#96 = VECTOR('',#97,1.);
#97 = DIRECTION('',(-0.179143590975,0.179143590975,0.967375391265));
#98 = ORIENTED_EDGE('',*,*,#99,.T.);
#99 = EDGE_CURVE('',#92,#100,#102,.T.);
#100 = VERTEX_POINT('',#101);
#101 = CARTESIAN_POINT('',(-1.35,-0.55,-0.45));
#102 = LINE('',#103,#104);
#103 = CARTESIAN_POINT('',(-1.35,0.55,-0.45));
#104 = VECTOR('',#105,1.);
#105 = DIRECTION('',(0.,-1.,0.));
#106 = ORIENTED_EDGE('',*,*,#107,.T.);
#107 = EDGE_CURVE('',#100,#54,#108,.T.);
#108 = LINE('',#109,#110);
#109 = CARTESIAN_POINT('',(-1.382349165597,-0.582349165597,
    -0.275314505777));
#110 = VECTOR('',#111,1.);
#111 = DIRECTION('',(-0.179143590975,-0.179143590975,0.967375391265));
#112 = ORIENTED_EDGE('',*,*,#51,.F.);
#113 = PLANE('',#114);
#114 = AXIS2_PLACEMENT_3D('',#115,#116,#117);
#115 = CARTESIAN_POINT('',(-1.4,0.55,-0.18));
#116 = DIRECTION('',(-0.983282004984,0.,-0.182089260182));
#117 = DIRECTION('',(0.,-1.,-0.));
#118 = ADVANCED_FACE('',(#119),#144,.F.);
#119 = FACE_BOUND('',#120,.F.);
#120 = EDGE_LOOP('',(#121,#122,#130,#138));
#121 = ORIENTED_EDGE('',*,*,#61,.F.);
#122 = ORIENTED_EDGE('',*,*,#123,.F.);
#123 = EDGE_CURVE('',#124,#52,#126,.T.);
#124 = VERTEX_POINT('',#125);
#125 = CARTESIAN_POINT('',(1.45,0.65,9.E-02));
#126 = LINE('',#127,#128);
#127 = CARTESIAN_POINT('',(1.35,0.65,9.E-02));
#128 = VECTOR('',#129,1.);
#129 = DIRECTION('',(-1.,0.,0.));
#130 = ORIENTED_EDGE('',*,*,#131,.T.);
#131 = EDGE_CURVE('',#124,#132,#134,.T.);
#132 = VERTEX_POINT('',#133);
#133 = CARTESIAN_POINT('',(1.45,0.65,0.1));
#134 = LINE('',#135,#136);
#135 = CARTESIAN_POINT('',(1.45,0.65,-0.45));
#136 = VECTOR('',#137,1.);
#137 = DIRECTION('',(0.,0.,1.));
#138 = ORIENTED_EDGE('',*,*,#139,.T.);
#139 = EDGE_CURVE('',#132,#62,#140,.T.);
#140 = LINE('',#141,#142);
#141 = CARTESIAN_POINT('',(1.45,0.65,0.1));
#142 = VECTOR('',#143,1.);
#143 = DIRECTION('',(-1.,0.,0.));
#144 = PLANE('',#145);
#145 = AXIS2_PLACEMENT_3D('',#146,#147,#148);
#146 = CARTESIAN_POINT('',(1.45,0.65,-0.45));
#147 = DIRECTION('',(0.,-1.,0.));
#148 = DIRECTION('',(-1.,0.,0.));
#149 = ADVANCED_FACE('',(#150),#175,.F.);
#150 = FACE_BOUND('',#151,.F.);
#151 = EDGE_LOOP('',(#152,#153,#161,#169));
#152 = ORIENTED_EDGE('',*,*,#77,.T.);
#153 = ORIENTED_EDGE('',*,*,#154,.T.);
#154 = EDGE_CURVE('',#70,#155,#157,.T.);
#155 = VERTEX_POINT('',#156);
#156 = CARTESIAN_POINT('',(1.45,-0.65,0.1));
#157 = LINE('',#158,#159);
#158 = CARTESIAN_POINT('',(-1.45,-0.65,0.1));
#159 = VECTOR('',#160,1.);
#160 = DIRECTION('',(1.,0.,0.));
#161 = ORIENTED_EDGE('',*,*,#162,.F.);
#162 = EDGE_CURVE('',#163,#155,#165,.T.);
#163 = VERTEX_POINT('',#164);
#164 = CARTESIAN_POINT('',(1.45,-0.65,9.E-02));
#165 = LINE('',#166,#167);
#166 = CARTESIAN_POINT('',(1.45,-0.65,-0.45));
#167 = VECTOR('',#168,1.);
#168 = DIRECTION('',(0.,0.,1.));
#169 = ORIENTED_EDGE('',*,*,#170,.F.);
#170 = EDGE_CURVE('',#54,#163,#171,.T.);
#171 = LINE('',#172,#173);
#172 = CARTESIAN_POINT('',(-1.45,-0.65,9.E-02));
#173 = VECTOR('',#174,1.);
#174 = DIRECTION('',(1.,0.,0.));
#175 = PLANE('',#176);
#176 = AXIS2_PLACEMENT_3D('',#177,#178,#179);
#177 = CARTESIAN_POINT('',(-1.45,-0.65,-0.45));
#178 = DIRECTION('',(0.,1.,0.));
#179 = DIRECTION('',(1.,0.,0.));
#180 = ADVANCED_FACE('',(#181),#206,.F.);
#181 = FACE_BOUND('',#182,.F.);
#182 = EDGE_LOOP('',(#183,#191,#199,#205));
#183 = ORIENTED_EDGE('',*,*,#184,.F.);
#184 = EDGE_CURVE('',#185,#62,#187,.T.);
#185 = VERTEX_POINT('',#186);
#186 = CARTESIAN_POINT('',(-1.35,0.55,0.45));
#187 = LINE('',#188,#189);
#188 = CARTESIAN_POINT('',(-1.301754385965,0.501754385965,0.618859649123
    ));
#189 = VECTOR('',#190,1.);
#190 = DIRECTION('',(-0.264906471413,0.264906471413,-0.927172649946));
#191 = ORIENTED_EDGE('',*,*,#192,.T.);
#192 = EDGE_CURVE('',#185,#193,#195,.T.);
#193 = VERTEX_POINT('',#194);
#194 = CARTESIAN_POINT('',(-1.35,-0.55,0.45));
#195 = LINE('',#196,#197);
#196 = CARTESIAN_POINT('',(-1.35,0.65,0.45));
#197 = VECTOR('',#198,1.);
#198 = DIRECTION('',(0.,-1.,0.));
#199 = ORIENTED_EDGE('',*,*,#200,.T.);
#200 = EDGE_CURVE('',#193,#70,#201,.T.);
#201 = LINE('',#202,#203);
#202 = CARTESIAN_POINT('',(-1.357894736842,-0.557894736842,
    0.422368421053));
#203 = VECTOR('',#204,1.);
#204 = DIRECTION('',(-0.264906471413,-0.264906471413,-0.927172649946));
#205 = ORIENTED_EDGE('',*,*,#69,.F.);
#206 = PLANE('',#207);
#207 = AXIS2_PLACEMENT_3D('',#208,#209,#210);
#208 = CARTESIAN_POINT('',(-1.4,0.65,0.275));
#209 = DIRECTION('',(0.961523947641,-1.735872349841E-18,-0.274721127897)
  );
#210 = DIRECTION('',(-1.66908283442E-18,-1.,4.768808098342E-19));
#211 = ADVANCED_FACE('',(#212),#230,.T.);
#212 = FACE_BOUND('',#213,.T.);
#213 = EDGE_LOOP('',(#214,#222,#223,#224));
#214 = ORIENTED_EDGE('',*,*,#215,.T.);
#215 = EDGE_CURVE('',#216,#92,#218,.T.);
#216 = VERTEX_POINT('',#217);
#217 = CARTESIAN_POINT('',(1.35,0.55,-0.45));
#218 = LINE('',#219,#220);
#219 = CARTESIAN_POINT('',(1.35,0.55,-0.45));
#220 = VECTOR('',#221,1.);
#221 = DIRECTION('',(-1.,0.,0.));
#222 = ORIENTED_EDGE('',*,*,#91,.T.);
#223 = ORIENTED_EDGE('',*,*,#123,.F.);
#224 = ORIENTED_EDGE('',*,*,#225,.F.);
#225 = EDGE_CURVE('',#216,#124,#226,.T.);
#226 = LINE('',#227,#228);
#227 = CARTESIAN_POINT('',(1.379139922978,0.579139922978,-0.292644415918
    ));
#228 = VECTOR('',#229,1.);
#229 = DIRECTION('',(0.179143590975,0.179143590975,0.967375391265));
#230 = PLANE('',#231);
#231 = AXIS2_PLACEMENT_3D('',#232,#233,#234);
#232 = CARTESIAN_POINT('',(1.35,0.6,-0.18));
#233 = DIRECTION('',(0.,0.983282004984,-0.182089260182));
#234 = DIRECTION('',(-1.,0.,0.));
#235 = ADVANCED_FACE('',(#236),#254,.F.);
#236 = FACE_BOUND('',#237,.F.);
#237 = EDGE_LOOP('',(#238,#239,#240,#248));
#238 = ORIENTED_EDGE('',*,*,#215,.T.);
#239 = ORIENTED_EDGE('',*,*,#99,.T.);
#240 = ORIENTED_EDGE('',*,*,#241,.T.);
#241 = EDGE_CURVE('',#100,#242,#244,.T.);
#242 = VERTEX_POINT('',#243);
#243 = CARTESIAN_POINT('',(1.35,-0.55,-0.45));
#244 = LINE('',#245,#246);
#245 = CARTESIAN_POINT('',(-1.45,-0.55,-0.45));
#246 = VECTOR('',#247,1.);
#247 = DIRECTION('',(1.,0.,0.));
#248 = ORIENTED_EDGE('',*,*,#249,.T.);
#249 = EDGE_CURVE('',#242,#216,#250,.T.);
#250 = LINE('',#251,#252);
#251 = CARTESIAN_POINT('',(1.35,-0.65,-0.45));
#252 = VECTOR('',#253,1.);
#253 = DIRECTION('',(0.,1.,0.));
#254 = PLANE('',#255);
#255 = AXIS2_PLACEMENT_3D('',#256,#257,#258);
#256 = CARTESIAN_POINT('',(-2.114710523096E-16,0.,-0.45));
#257 = DIRECTION('',(0.,0.,1.));
#258 = DIRECTION('',(1.,0.,0.));
#259 = ADVANCED_FACE('',(#260),#271,.T.);
#260 = FACE_BOUND('',#261,.T.);
#261 = EDGE_LOOP('',(#262,#263,#269,#270));
#262 = ORIENTED_EDGE('',*,*,#241,.T.);
#263 = ORIENTED_EDGE('',*,*,#264,.T.);
#264 = EDGE_CURVE('',#242,#163,#265,.T.);
#265 = LINE('',#266,#267);
#266 = CARTESIAN_POINT('',(1.355070603338,-0.555070603338,
    -0.422618741977));
#267 = VECTOR('',#268,1.);
#268 = DIRECTION('',(0.179143590975,-0.179143590975,0.967375391265));
#269 = ORIENTED_EDGE('',*,*,#170,.F.);
#270 = ORIENTED_EDGE('',*,*,#107,.F.);
#271 = PLANE('',#272);
#272 = AXIS2_PLACEMENT_3D('',#273,#274,#275);
#273 = CARTESIAN_POINT('',(-1.45,-0.6,-0.18));
#274 = DIRECTION('',(0.,-0.983282004984,-0.182089260182));
#275 = DIRECTION('',(1.,0.,0.));
#276 = ADVANCED_FACE('',(#277),#295,.F.);
#277 = FACE_BOUND('',#278,.F.);
#278 = EDGE_LOOP('',(#279,#287,#293,#294));
#279 = ORIENTED_EDGE('',*,*,#280,.F.);
#280 = EDGE_CURVE('',#281,#132,#283,.T.);
#281 = VERTEX_POINT('',#282);
#282 = CARTESIAN_POINT('',(1.35,0.55,0.45));
#283 = LINE('',#284,#285);
#284 = CARTESIAN_POINT('',(1.357894736842,0.557894736842,0.422368421053)
  );
#285 = VECTOR('',#286,1.);
#286 = DIRECTION('',(0.264906471413,0.264906471413,-0.927172649946));
#287 = ORIENTED_EDGE('',*,*,#288,.T.);
#288 = EDGE_CURVE('',#281,#185,#289,.T.);
#289 = LINE('',#290,#291);
#290 = CARTESIAN_POINT('',(1.45,0.55,0.45));
#291 = VECTOR('',#292,1.);
#292 = DIRECTION('',(-1.,0.,0.));
#293 = ORIENTED_EDGE('',*,*,#184,.T.);
#294 = ORIENTED_EDGE('',*,*,#139,.F.);
#295 = PLANE('',#296);
#296 = AXIS2_PLACEMENT_3D('',#297,#298,#299);
#297 = CARTESIAN_POINT('',(1.45,0.6,0.275));
#298 = DIRECTION('',(0.,-0.961523947641,-0.274721127897));
#299 = DIRECTION('',(-1.,0.,0.));
#300 = ADVANCED_FACE('',(#301),#317,.F.);
#301 = FACE_BOUND('',#302,.F.);
#302 = EDGE_LOOP('',(#303,#304,#310,#311));
#303 = ORIENTED_EDGE('',*,*,#162,.T.);
#304 = ORIENTED_EDGE('',*,*,#305,.T.);
#305 = EDGE_CURVE('',#155,#132,#306,.T.);
#306 = LINE('',#307,#308);
#307 = CARTESIAN_POINT('',(1.45,-0.65,0.1));
#308 = VECTOR('',#309,1.);
#309 = DIRECTION('',(0.,1.,0.));
#310 = ORIENTED_EDGE('',*,*,#131,.F.);
#311 = ORIENTED_EDGE('',*,*,#312,.F.);
#312 = EDGE_CURVE('',#163,#124,#313,.T.);
#313 = LINE('',#314,#315);
#314 = CARTESIAN_POINT('',(1.45,-0.65,9.E-02));
#315 = VECTOR('',#316,1.);
#316 = DIRECTION('',(0.,1.,0.));
#317 = PLANE('',#318);
#318 = AXIS2_PLACEMENT_3D('',#319,#320,#321);
#319 = CARTESIAN_POINT('',(1.45,-0.65,-0.45));
#320 = DIRECTION('',(-1.,0.,0.));
#321 = DIRECTION('',(0.,1.,0.));
#322 = ADVANCED_FACE('',(#323),#341,.F.);
#323 = FACE_BOUND('',#324,.F.);
#324 = EDGE_LOOP('',(#325,#326,#334,#340));
#325 = ORIENTED_EDGE('',*,*,#200,.F.);
#326 = ORIENTED_EDGE('',*,*,#327,.T.);
#327 = EDGE_CURVE('',#193,#328,#330,.T.);
#328 = VERTEX_POINT('',#329);
#329 = CARTESIAN_POINT('',(1.35,-0.55,0.45));
#330 = LINE('',#331,#332);
#331 = CARTESIAN_POINT('',(-1.45,-0.55,0.45));
#332 = VECTOR('',#333,1.);
#333 = DIRECTION('',(1.,0.,0.));
#334 = ORIENTED_EDGE('',*,*,#335,.T.);
#335 = EDGE_CURVE('',#328,#155,#336,.T.);
#336 = LINE('',#337,#338);
#337 = CARTESIAN_POINT('',(1.301754385965,-0.501754385965,0.618859649123
    ));
#338 = VECTOR('',#339,1.);
#339 = DIRECTION('',(0.264906471413,-0.264906471413,-0.927172649946));
#340 = ORIENTED_EDGE('',*,*,#154,.F.);
#341 = PLANE('',#342);
#342 = AXIS2_PLACEMENT_3D('',#343,#344,#345);
#343 = CARTESIAN_POINT('',(-1.45,-0.6,0.275));
#344 = DIRECTION('',(0.,0.961523947641,-0.274721127897));
#345 = DIRECTION('',(1.,0.,0.));
#346 = ADVANCED_FACE('',(#347),#358,.T.);
#347 = FACE_BOUND('',#348,.T.);
#348 = EDGE_LOOP('',(#349,#350,#356,#357));
#349 = ORIENTED_EDGE('',*,*,#327,.T.);
#350 = ORIENTED_EDGE('',*,*,#351,.T.);
#351 = EDGE_CURVE('',#328,#281,#352,.T.);
#352 = LINE('',#353,#354);
#353 = CARTESIAN_POINT('',(1.35,-0.65,0.45));
#354 = VECTOR('',#355,1.);
#355 = DIRECTION('',(0.,1.,0.));
#356 = ORIENTED_EDGE('',*,*,#288,.T.);
#357 = ORIENTED_EDGE('',*,*,#192,.T.);
#358 = PLANE('',#359);
#359 = AXIS2_PLACEMENT_3D('',#360,#361,#362);
#360 = CARTESIAN_POINT('',(-2.114710523096E-16,0.,0.45));
#361 = DIRECTION('',(0.,0.,1.));
#362 = DIRECTION('',(1.,0.,0.));
#363 = ADVANCED_FACE('',(#364),#370,.T.);
#364 = FACE_BOUND('',#365,.T.);
#365 = EDGE_LOOP('',(#366,#367,#368,#369));
#366 = ORIENTED_EDGE('',*,*,#249,.T.);
#367 = ORIENTED_EDGE('',*,*,#225,.T.);
#368 = ORIENTED_EDGE('',*,*,#312,.F.);
#369 = ORIENTED_EDGE('',*,*,#264,.F.);
#370 = PLANE('',#371);
#371 = AXIS2_PLACEMENT_3D('',#372,#373,#374);
#372 = CARTESIAN_POINT('',(1.4,-0.65,-0.18));
#373 = DIRECTION('',(0.983282004984,0.,-0.182089260182));
#374 = DIRECTION('',(0.,1.,0.));
#375 = ADVANCED_FACE('',(#376),#382,.F.);
#376 = FACE_BOUND('',#377,.F.);
#377 = EDGE_LOOP('',(#378,#379,#380,#381));
#378 = ORIENTED_EDGE('',*,*,#335,.F.);
#379 = ORIENTED_EDGE('',*,*,#351,.T.);
#380 = ORIENTED_EDGE('',*,*,#280,.T.);
#381 = ORIENTED_EDGE('',*,*,#305,.F.);
#382 = PLANE('',#383);
#383 = AXIS2_PLACEMENT_3D('',#384,#385,#386);
#384 = CARTESIAN_POINT('',(1.4,-0.65,0.275));
#385 = DIRECTION('',(-0.961523947641,1.735872349841E-18,-0.274721127897)
  );
#386 = DIRECTION('',(1.66908283442E-18,1.,4.768808098342E-19));
#387 = ( GEOMETRIC_REPRESENTATION_CONTEXT(3) 
GLOBAL_UNCERTAINTY_ASSIGNED_CONTEXT((#391)) GLOBAL_UNIT_ASSIGNED_CONTEXT
((#388,#389,#390)) REPRESENTATION_CONTEXT('Context #1',
  '3D Context with UNIT and UNCERTAINTY') );
#388 = ( LENGTH_UNIT() NAMED_UNIT(*) SI_UNIT(.MILLI.,.METRE.) );
#389 = ( NAMED_UNIT(*) PLANE_ANGLE_UNIT() SI_UNIT($,.RADIAN.) );
#390 = ( NAMED_UNIT(*) SI_UNIT($,.STERADIAN.) SOLID_ANGLE_UNIT() );
#391 = UNCERTAINTY_MEASURE_WITH_UNIT(LENGTH_MEASURE(1.E-07),#388,
  'distance_accuracy_value','confusion accuracy');
#392 = CONTEXT_DEPENDENT_SHAPE_REPRESENTATION(#393,#395);
#393 = ( REPRESENTATION_RELATIONSHIP('','',#44,#10) 
REPRESENTATION_RELATIONSHIP_WITH_TRANSFORMATION(#394) 
SHAPE_REPRESENTATION_RELATIONSHIP() );
#394 = ITEM_DEFINED_TRANSFORMATION('','',#11,#15);
#395 = PRODUCT_DEFINITION_SHAPE('Placement','Placement of an item',#396
  );
#396 = NEXT_ASSEMBLY_USAGE_OCCURRENCE('1','Chamfer003','',#5,#39,$);
#397 = PRODUCT_RELATED_PRODUCT_CATEGORY('part',$,(#41));
#398 = SHAPE_DEFINITION_REPRESENTATION(#399,#405);
#399 = PRODUCT_DEFINITION_SHAPE('','',#400);
#400 = PRODUCT_DEFINITION('design','',#401,#404);
#401 = PRODUCT_DEFINITION_FORMATION('','',#402);
#402 = PRODUCT('PIN','PIN','',(#403));
#403 = PRODUCT_CONTEXT('',#2,'mechanical');
#404 = PRODUCT_DEFINITION_CONTEXT('part definition',#2,'design');
#405 = SHAPE_REPRESENTATION('',(#11,#406,#828,#1250),#1672);
#406 = MANIFOLD_SOLID_BREP('',#407);
#407 = CLOSED_SHELL('',(#408,#448,#481,#512,#543,#574,#607,#638,#671,
    #702,#733,#764,#788,#808));
#408 = ADVANCED_FACE('',(#409),#443,.T.);
#409 = FACE_BOUND('',#410,.T.);
#410 = EDGE_LOOP('',(#411,#421,#429,#437));
#411 = ORIENTED_EDGE('',*,*,#412,.T.);
#412 = EDGE_CURVE('',#413,#415,#417,.T.);
#413 = VERTEX_POINT('',#414);
#414 = CARTESIAN_POINT('',(-1.165,0.75,-0.487449999999));
#415 = VERTEX_POINT('',#416);
#416 = CARTESIAN_POINT('',(-0.735,0.75,-0.487449999999));
#417 = LINE('',#418,#419);
#418 = CARTESIAN_POINT('',(-1.165,0.75,-0.487449999999));
#419 = VECTOR('',#420,1.);
#420 = DIRECTION('',(1.,0.,0.));
#421 = ORIENTED_EDGE('',*,*,#422,.T.);
#422 = EDGE_CURVE('',#415,#423,#425,.T.);
#423 = VERTEX_POINT('',#424);
#424 = CARTESIAN_POINT('',(-0.735,0.718121599999,-8.255000000109E-02));
#425 = LINE('',#426,#427);
#426 = CARTESIAN_POINT('',(-0.735,0.75,-0.487449999999));
#427 = VECTOR('',#428,1.);
#428 = DIRECTION('',(0.,-7.848865241834E-02,0.99691500713));
#429 = ORIENTED_EDGE('',*,*,#430,.F.);
#430 = EDGE_CURVE('',#431,#423,#433,.T.);
#431 = VERTEX_POINT('',#432);
#432 = CARTESIAN_POINT('',(-1.165,0.718121599999,-8.255000000109E-02));
#433 = LINE('',#434,#435);
#434 = CARTESIAN_POINT('',(-1.165,0.718121599999,-8.255000000109E-02));
#435 = VECTOR('',#436,1.);
#436 = DIRECTION('',(1.,0.,0.));
#437 = ORIENTED_EDGE('',*,*,#438,.F.);
#438 = EDGE_CURVE('',#413,#431,#439,.T.);
#439 = LINE('',#440,#441);
#440 = CARTESIAN_POINT('',(-1.165,0.75,-0.487449999999));
#441 = VECTOR('',#442,1.);
#442 = DIRECTION('',(0.,-7.848865241834E-02,0.99691500713));
#443 = PLANE('',#444);
#444 = AXIS2_PLACEMENT_3D('',#445,#446,#447);
#445 = CARTESIAN_POINT('',(-1.165,0.75,-0.487449999999));
#446 = DIRECTION('',(0.,-0.99691500713,-7.848865241834E-02));
#447 = DIRECTION('',(0.,-7.848865241834E-02,0.99691500713));
#448 = ADVANCED_FACE('',(#449),#476,.F.);
#449 = FACE_BOUND('',#450,.T.);
#450 = EDGE_LOOP('',(#451,#452,#461,#469));
#451 = ORIENTED_EDGE('',*,*,#430,.T.);
#452 = ORIENTED_EDGE('',*,*,#453,.T.);
#453 = EDGE_CURVE('',#423,#454,#456,.T.);
#454 = VERTEX_POINT('',#455);
#455 = CARTESIAN_POINT('',(-0.735,0.650453378809,-2.E-02));
#456 = CIRCLE('',#457,6.787762317333E-02);
#457 = AXIS2_PLACEMENT_3D('',#458,#459,#460);
#458 = CARTESIAN_POINT('',(-0.735,0.650453378809,-8.787762317333E-02));
#459 = DIRECTION('',(1.,0.,0.));
#460 = DIRECTION('',(0.,1.,0.));
#461 = ORIENTED_EDGE('',*,*,#462,.F.);
#462 = EDGE_CURVE('',#463,#454,#465,.T.);
#463 = VERTEX_POINT('',#464);
#464 = CARTESIAN_POINT('',(-1.165,0.650453378809,-2.E-02));
#465 = LINE('',#466,#467);
#466 = CARTESIAN_POINT('',(-1.165,0.650453378809,-2.E-02));
#467 = VECTOR('',#468,1.);
#468 = DIRECTION('',(1.,0.,0.));
#469 = ORIENTED_EDGE('',*,*,#470,.F.);
#470 = EDGE_CURVE('',#431,#463,#471,.T.);
#471 = CIRCLE('',#472,6.787762317333E-02);
#472 = AXIS2_PLACEMENT_3D('',#473,#474,#475);
#473 = CARTESIAN_POINT('',(-1.165,0.650453378809,-8.787762317333E-02));
#474 = DIRECTION('',(1.,0.,0.));
#475 = DIRECTION('',(0.,1.,0.));
#476 = CYLINDRICAL_SURFACE('',#477,6.787762317333E-02);
#477 = AXIS2_PLACEMENT_3D('',#478,#479,#480);
#478 = CARTESIAN_POINT('',(-1.165,0.650453378809,-8.787762317333E-02));
#479 = DIRECTION('',(-1.,-0.,-0.));
#480 = DIRECTION('',(0.,1.,0.));
#481 = ADVANCED_FACE('',(#482),#507,.T.);
#482 = FACE_BOUND('',#483,.T.);
#483 = EDGE_LOOP('',(#484,#485,#493,#501));
#484 = ORIENTED_EDGE('',*,*,#462,.T.);
#485 = ORIENTED_EDGE('',*,*,#486,.T.);
#486 = EDGE_CURVE('',#454,#487,#489,.T.);
#487 = VERTEX_POINT('',#488);
#488 = CARTESIAN_POINT('',(-0.735,0.499324,-2.E-02));
#489 = LINE('',#490,#491);
#490 = CARTESIAN_POINT('',(-0.735,0.650453378809,-2.E-02));
#491 = VECTOR('',#492,1.);
#492 = DIRECTION('',(0.,-1.,0.));
#493 = ORIENTED_EDGE('',*,*,#494,.F.);
#494 = EDGE_CURVE('',#495,#487,#497,.T.);
#495 = VERTEX_POINT('',#496);
#496 = CARTESIAN_POINT('',(-1.165,0.499324,-2.E-02));
#497 = LINE('',#498,#499);
#498 = CARTESIAN_POINT('',(-1.165,0.499324,-2.E-02));
#499 = VECTOR('',#500,1.);
#500 = DIRECTION('',(1.,0.,0.));
#501 = ORIENTED_EDGE('',*,*,#502,.F.);
#502 = EDGE_CURVE('',#463,#495,#503,.T.);
#503 = LINE('',#504,#505);
#504 = CARTESIAN_POINT('',(-1.165,0.650453378809,-2.E-02));
#505 = VECTOR('',#506,1.);
#506 = DIRECTION('',(0.,-1.,0.));
#507 = PLANE('',#508);
#508 = AXIS2_PLACEMENT_3D('',#509,#510,#511);
#509 = CARTESIAN_POINT('',(-1.165,0.650453378809,-2.E-02));
#510 = DIRECTION('',(0.,0.,-1.));
#511 = DIRECTION('',(0.,-1.,0.));
#512 = ADVANCED_FACE('',(#513),#538,.T.);
#513 = FACE_BOUND('',#514,.T.);
#514 = EDGE_LOOP('',(#515,#516,#524,#532));
#515 = ORIENTED_EDGE('',*,*,#494,.T.);
#516 = ORIENTED_EDGE('',*,*,#517,.T.);
#517 = EDGE_CURVE('',#487,#518,#520,.T.);
#518 = VERTEX_POINT('',#519);
#519 = CARTESIAN_POINT('',(-0.735,0.65,0.1));
#520 = LINE('',#521,#522);
#521 = CARTESIAN_POINT('',(-0.735,0.499324,-2.E-02));
#522 = VECTOR('',#523,1.);
#523 = DIRECTION('',(0.,0.782236479438,0.622981613081));
#524 = ORIENTED_EDGE('',*,*,#525,.F.);
#525 = EDGE_CURVE('',#526,#518,#528,.T.);
#526 = VERTEX_POINT('',#527);
#527 = CARTESIAN_POINT('',(-1.165,0.65,0.1));
#528 = LINE('',#529,#530);
#529 = CARTESIAN_POINT('',(-1.165,0.65,0.1));
#530 = VECTOR('',#531,1.);
#531 = DIRECTION('',(1.,0.,0.));
#532 = ORIENTED_EDGE('',*,*,#533,.F.);
#533 = EDGE_CURVE('',#495,#526,#534,.T.);
#534 = LINE('',#535,#536);
#535 = CARTESIAN_POINT('',(-1.165,0.499324,-2.E-02));
#536 = VECTOR('',#537,1.);
#537 = DIRECTION('',(0.,0.782236479438,0.622981613081));
#538 = PLANE('',#539);
#539 = AXIS2_PLACEMENT_3D('',#540,#541,#542);
#540 = CARTESIAN_POINT('',(-1.165,0.499324,-2.E-02));
#541 = DIRECTION('',(0.,-0.622981613081,0.782236479438));
#542 = DIRECTION('',(0.,0.782236479438,0.622981613081));
#543 = ADVANCED_FACE('',(#544),#569,.T.);
#544 = FACE_BOUND('',#545,.T.);
#545 = EDGE_LOOP('',(#546,#547,#555,#563));
#546 = ORIENTED_EDGE('',*,*,#525,.T.);
#547 = ORIENTED_EDGE('',*,*,#548,.T.);
#548 = EDGE_CURVE('',#518,#549,#551,.T.);
#549 = VERTEX_POINT('',#550);
#550 = CARTESIAN_POINT('',(-0.735,0.761376938911,0.1));
#551 = LINE('',#552,#553);
#552 = CARTESIAN_POINT('',(-0.735,0.65,0.1));
#553 = VECTOR('',#554,1.);
#554 = DIRECTION('',(0.,1.,-1.246019862233E-16));
#555 = ORIENTED_EDGE('',*,*,#556,.F.);
#556 = EDGE_CURVE('',#557,#549,#559,.T.);
#557 = VERTEX_POINT('',#558);
#558 = CARTESIAN_POINT('',(-1.165,0.761376938911,0.1));
#559 = LINE('',#560,#561);
#560 = CARTESIAN_POINT('',(-1.165,0.761376938911,0.1));
#561 = VECTOR('',#562,1.);
#562 = DIRECTION('',(1.,0.,0.));
#563 = ORIENTED_EDGE('',*,*,#564,.F.);
#564 = EDGE_CURVE('',#526,#557,#565,.T.);
#565 = LINE('',#566,#567);
#566 = CARTESIAN_POINT('',(-1.165,0.65,0.1));
#567 = VECTOR('',#568,1.);
#568 = DIRECTION('',(0.,1.,-1.246019862233E-16));
#569 = PLANE('',#570);
#570 = AXIS2_PLACEMENT_3D('',#571,#572,#573);
#571 = CARTESIAN_POINT('',(-1.165,0.65,0.1));
#572 = DIRECTION('',(0.,1.246019862233E-16,1.));
#573 = DIRECTION('',(0.,1.,-1.246019862233E-16));
#574 = ADVANCED_FACE('',(#575),#602,.T.);
#575 = FACE_BOUND('',#576,.F.);
#576 = EDGE_LOOP('',(#577,#587,#594,#595));
#577 = ORIENTED_EDGE('',*,*,#578,.T.);
#578 = EDGE_CURVE('',#579,#581,#583,.T.);
#579 = VERTEX_POINT('',#580);
#580 = CARTESIAN_POINT('',(-1.165,0.829045160101,3.744999999891E-02));
#581 = VERTEX_POINT('',#582);
#582 = CARTESIAN_POINT('',(-0.735,0.829045160101,3.744999999891E-02));
#583 = LINE('',#584,#585);
#584 = CARTESIAN_POINT('',(-1.165,0.829045160101,3.744999999891E-02));
#585 = VECTOR('',#586,1.);
#586 = DIRECTION('',(1.,0.,0.));
#587 = ORIENTED_EDGE('',*,*,#588,.T.);
#588 = EDGE_CURVE('',#581,#549,#589,.T.);
#589 = CIRCLE('',#590,6.787762317333E-02);
#590 = AXIS2_PLACEMENT_3D('',#591,#592,#593);
#591 = CARTESIAN_POINT('',(-0.735,0.761376938911,3.212237682667E-02));
#592 = DIRECTION('',(1.,0.,0.));
#593 = DIRECTION('',(0.,1.,0.));
#594 = ORIENTED_EDGE('',*,*,#556,.F.);
#595 = ORIENTED_EDGE('',*,*,#596,.F.);
#596 = EDGE_CURVE('',#579,#557,#597,.T.);
#597 = CIRCLE('',#598,6.787762317333E-02);
#598 = AXIS2_PLACEMENT_3D('',#599,#600,#601);
#599 = CARTESIAN_POINT('',(-1.165,0.761376938911,3.212237682667E-02));
#600 = DIRECTION('',(1.,0.,0.));
#601 = DIRECTION('',(0.,1.,0.));
#602 = CYLINDRICAL_SURFACE('',#603,6.787762317333E-02);
#603 = AXIS2_PLACEMENT_3D('',#604,#605,#606);
#604 = CARTESIAN_POINT('',(-1.165,0.761376938911,3.212237682667E-02));
#605 = DIRECTION('',(-1.,-0.,-0.));
#606 = DIRECTION('',(0.,1.,0.));
#607 = ADVANCED_FACE('',(#608),#633,.T.);
#608 = FACE_BOUND('',#609,.T.);
#609 = EDGE_LOOP('',(#610,#611,#619,#627));
#610 = ORIENTED_EDGE('',*,*,#578,.T.);
#611 = ORIENTED_EDGE('',*,*,#612,.T.);
#612 = EDGE_CURVE('',#581,#613,#615,.T.);
#613 = VERTEX_POINT('',#614);
#614 = CARTESIAN_POINT('',(-0.735,0.860923560102,-0.367449999999));
#615 = LINE('',#616,#617);
#616 = CARTESIAN_POINT('',(-0.735,0.829045160101,3.744999999891E-02));
#617 = VECTOR('',#618,1.);
#618 = DIRECTION('',(0.,7.848865241834E-02,-0.99691500713));
#619 = ORIENTED_EDGE('',*,*,#620,.F.);
#620 = EDGE_CURVE('',#621,#613,#623,.T.);
#621 = VERTEX_POINT('',#622);
#622 = CARTESIAN_POINT('',(-1.165,0.860923560102,-0.367449999999));
#623 = LINE('',#624,#625);
#624 = CARTESIAN_POINT('',(-1.165,0.860923560102,-0.367449999999));
#625 = VECTOR('',#626,1.);
#626 = DIRECTION('',(1.,0.,0.));
#627 = ORIENTED_EDGE('',*,*,#628,.F.);
#628 = EDGE_CURVE('',#579,#621,#629,.T.);
#629 = LINE('',#630,#631);
#630 = CARTESIAN_POINT('',(-1.165,0.829045160101,3.744999999891E-02));
#631 = VECTOR('',#632,1.);
#632 = DIRECTION('',(0.,7.848865241834E-02,-0.99691500713));
#633 = PLANE('',#634);
#634 = AXIS2_PLACEMENT_3D('',#635,#636,#637);
#635 = CARTESIAN_POINT('',(-1.165,0.829045160101,3.744999999891E-02));
#636 = DIRECTION('',(0.,0.99691500713,7.848865241834E-02));
#637 = DIRECTION('',(0.,7.848865241834E-02,-0.99691500713));
#638 = ADVANCED_FACE('',(#639),#666,.F.);
#639 = FACE_BOUND('',#640,.T.);
#640 = EDGE_LOOP('',(#641,#642,#651,#659));
#641 = ORIENTED_EDGE('',*,*,#620,.T.);
#642 = ORIENTED_EDGE('',*,*,#643,.T.);
#643 = EDGE_CURVE('',#613,#644,#646,.T.);
#644 = VERTEX_POINT('',#645);
#645 = CARTESIAN_POINT('',(-0.735,0.928591781292,-0.43));
#646 = CIRCLE('',#647,6.787762317333E-02);
#647 = AXIS2_PLACEMENT_3D('',#648,#649,#650);
#648 = CARTESIAN_POINT('',(-0.735,0.928591781292,-0.362122376827));
#649 = DIRECTION('',(1.,0.,0.));
#650 = DIRECTION('',(0.,1.,0.));
#651 = ORIENTED_EDGE('',*,*,#652,.F.);
#652 = EDGE_CURVE('',#653,#644,#655,.T.);
#653 = VERTEX_POINT('',#654);
#654 = CARTESIAN_POINT('',(-1.165,0.928591781292,-0.43));
#655 = LINE('',#656,#657);
#656 = CARTESIAN_POINT('',(-1.165,0.928591781292,-0.43));
#657 = VECTOR('',#658,1.);
#658 = DIRECTION('',(1.,0.,0.));
#659 = ORIENTED_EDGE('',*,*,#660,.F.);
#660 = EDGE_CURVE('',#621,#653,#661,.T.);
#661 = CIRCLE('',#662,6.787762317333E-02);
#662 = AXIS2_PLACEMENT_3D('',#663,#664,#665);
#663 = CARTESIAN_POINT('',(-1.165,0.928591781292,-0.362122376827));
#664 = DIRECTION('',(1.,0.,0.));
#665 = DIRECTION('',(0.,1.,0.));
#666 = CYLINDRICAL_SURFACE('',#667,6.787762317333E-02);
#667 = AXIS2_PLACEMENT_3D('',#668,#669,#670);
#668 = CARTESIAN_POINT('',(-1.165,0.928591781292,-0.362122376827));
#669 = DIRECTION('',(-1.,-0.,-0.));
#670 = DIRECTION('',(0.,1.,0.));
#671 = ADVANCED_FACE('',(#672),#697,.T.);
#672 = FACE_BOUND('',#673,.T.);
#673 = EDGE_LOOP('',(#674,#675,#683,#691));
#674 = ORIENTED_EDGE('',*,*,#652,.T.);
#675 = ORIENTED_EDGE('',*,*,#676,.T.);
#676 = EDGE_CURVE('',#644,#677,#679,.T.);
#677 = VERTEX_POINT('',#678);
#678 = CARTESIAN_POINT('',(-0.735,1.15,-0.43));
#679 = LINE('',#680,#681);
#680 = CARTESIAN_POINT('',(-0.735,0.928591781292,-0.43));
#681 = VECTOR('',#682,1.);
#682 = DIRECTION('',(0.,1.,0.));
#683 = ORIENTED_EDGE('',*,*,#684,.F.);
#684 = EDGE_CURVE('',#685,#677,#687,.T.);
#685 = VERTEX_POINT('',#686);
#686 = CARTESIAN_POINT('',(-1.165,1.15,-0.43));
#687 = LINE('',#688,#689);
#688 = CARTESIAN_POINT('',(-1.165,1.15,-0.43));
#689 = VECTOR('',#690,1.);
#690 = DIRECTION('',(1.,0.,0.));
#691 = ORIENTED_EDGE('',*,*,#692,.F.);
#692 = EDGE_CURVE('',#653,#685,#693,.T.);
#693 = LINE('',#694,#695);
#694 = CARTESIAN_POINT('',(-1.165,0.928591781292,-0.43));
#695 = VECTOR('',#696,1.);
#696 = DIRECTION('',(0.,1.,0.));
#697 = PLANE('',#698);
#698 = AXIS2_PLACEMENT_3D('',#699,#700,#701);
#699 = CARTESIAN_POINT('',(-1.165,0.928591781292,-0.43));
#700 = DIRECTION('',(0.,0.,1.));
#701 = DIRECTION('',(0.,1.,0.));
#702 = ADVANCED_FACE('',(#703),#728,.T.);
#703 = FACE_BOUND('',#704,.T.);
#704 = EDGE_LOOP('',(#705,#706,#714,#722));
#705 = ORIENTED_EDGE('',*,*,#684,.T.);
#706 = ORIENTED_EDGE('',*,*,#707,.T.);
#707 = EDGE_CURVE('',#677,#708,#710,.T.);
#708 = VERTEX_POINT('',#709);
#709 = CARTESIAN_POINT('',(-0.735,1.15,-0.55));
#710 = LINE('',#711,#712);
#711 = CARTESIAN_POINT('',(-0.735,1.15,-0.43));
#712 = VECTOR('',#713,1.);
#713 = DIRECTION('',(0.,0.,-1.));
#714 = ORIENTED_EDGE('',*,*,#715,.F.);
#715 = EDGE_CURVE('',#716,#708,#718,.T.);
#716 = VERTEX_POINT('',#717);
#717 = CARTESIAN_POINT('',(-1.165,1.15,-0.55));
#718 = LINE('',#719,#720);
#719 = CARTESIAN_POINT('',(-1.165,1.15,-0.55));
#720 = VECTOR('',#721,1.);
#721 = DIRECTION('',(1.,0.,0.));
#722 = ORIENTED_EDGE('',*,*,#723,.F.);
#723 = EDGE_CURVE('',#685,#716,#724,.T.);
#724 = LINE('',#725,#726);
#725 = CARTESIAN_POINT('',(-1.165,1.15,-0.43));
#726 = VECTOR('',#727,1.);
#727 = DIRECTION('',(0.,0.,-1.));
#728 = PLANE('',#729);
#729 = AXIS2_PLACEMENT_3D('',#730,#731,#732);
#730 = CARTESIAN_POINT('',(-1.165,1.15,-0.43));
#731 = DIRECTION('',(0.,1.,0.));
#732 = DIRECTION('',(0.,0.,-1.));
#733 = ADVANCED_FACE('',(#734),#759,.T.);
#734 = FACE_BOUND('',#735,.T.);
#735 = EDGE_LOOP('',(#736,#737,#745,#753));
#736 = ORIENTED_EDGE('',*,*,#715,.T.);
#737 = ORIENTED_EDGE('',*,*,#738,.T.);
#738 = EDGE_CURVE('',#708,#739,#741,.T.);
#739 = VERTEX_POINT('',#740);
#740 = CARTESIAN_POINT('',(-0.735,0.81766822119,-0.55));
#741 = LINE('',#742,#743);
#742 = CARTESIAN_POINT('',(-0.735,1.15,-0.55));
#743 = VECTOR('',#744,1.);
#744 = DIRECTION('',(0.,-1.,0.));
#745 = ORIENTED_EDGE('',*,*,#746,.F.);
#746 = EDGE_CURVE('',#747,#739,#749,.T.);
#747 = VERTEX_POINT('',#748);
#748 = CARTESIAN_POINT('',(-1.165,0.81766822119,-0.55));
#749 = LINE('',#750,#751);
#750 = CARTESIAN_POINT('',(-1.165,0.81766822119,-0.55));
#751 = VECTOR('',#752,1.);
#752 = DIRECTION('',(1.,0.,0.));
#753 = ORIENTED_EDGE('',*,*,#754,.F.);
#754 = EDGE_CURVE('',#716,#747,#755,.T.);
#755 = LINE('',#756,#757);
#756 = CARTESIAN_POINT('',(-1.165,1.15,-0.55));
#757 = VECTOR('',#758,1.);
#758 = DIRECTION('',(0.,-1.,0.));
#759 = PLANE('',#760);
#760 = AXIS2_PLACEMENT_3D('',#761,#762,#763);
#761 = CARTESIAN_POINT('',(-1.165,1.15,-0.55));
#762 = DIRECTION('',(0.,0.,-1.));
#763 = DIRECTION('',(0.,-1.,0.));
#764 = ADVANCED_FACE('',(#765),#783,.T.);
#765 = FACE_BOUND('',#766,.F.);
#766 = EDGE_LOOP('',(#767,#768,#775,#776));
#767 = ORIENTED_EDGE('',*,*,#412,.T.);
#768 = ORIENTED_EDGE('',*,*,#769,.T.);
#769 = EDGE_CURVE('',#415,#739,#770,.T.);
#770 = CIRCLE('',#771,6.787762317333E-02);
#771 = AXIS2_PLACEMENT_3D('',#772,#773,#774);
#772 = CARTESIAN_POINT('',(-0.735,0.81766822119,-0.482122376827));
#773 = DIRECTION('',(1.,0.,0.));
#774 = DIRECTION('',(0.,1.,0.));
#775 = ORIENTED_EDGE('',*,*,#746,.F.);
#776 = ORIENTED_EDGE('',*,*,#777,.F.);
#777 = EDGE_CURVE('',#413,#747,#778,.T.);
#778 = CIRCLE('',#779,6.787762317333E-02);
#779 = AXIS2_PLACEMENT_3D('',#780,#781,#782);
#780 = CARTESIAN_POINT('',(-1.165,0.81766822119,-0.482122376827));
#781 = DIRECTION('',(1.,0.,0.));
#782 = DIRECTION('',(0.,1.,0.));
#783 = CYLINDRICAL_SURFACE('',#784,6.787762317333E-02);
#784 = AXIS2_PLACEMENT_3D('',#785,#786,#787);
#785 = CARTESIAN_POINT('',(-1.165,0.81766822119,-0.482122376827));
#786 = DIRECTION('',(-1.,-0.,-0.));
#787 = DIRECTION('',(0.,1.,0.));
#788 = ADVANCED_FACE('',(#789),#803,.F.);
#789 = FACE_BOUND('',#790,.T.);
#790 = EDGE_LOOP('',(#791,#792,#793,#794,#795,#796,#797,#798,#799,#800,
    #801,#802));
#791 = ORIENTED_EDGE('',*,*,#438,.T.);
#792 = ORIENTED_EDGE('',*,*,#470,.T.);
#793 = ORIENTED_EDGE('',*,*,#502,.T.);
#794 = ORIENTED_EDGE('',*,*,#533,.T.);
#795 = ORIENTED_EDGE('',*,*,#564,.T.);
#796 = ORIENTED_EDGE('',*,*,#596,.F.);
#797 = ORIENTED_EDGE('',*,*,#628,.T.);
#798 = ORIENTED_EDGE('',*,*,#660,.T.);
#799 = ORIENTED_EDGE('',*,*,#692,.T.);
#800 = ORIENTED_EDGE('',*,*,#723,.T.);
#801 = ORIENTED_EDGE('',*,*,#754,.T.);
#802 = ORIENTED_EDGE('',*,*,#777,.F.);
#803 = PLANE('',#804);
#804 = AXIS2_PLACEMENT_3D('',#805,#806,#807);
#805 = CARTESIAN_POINT('',(-1.165,0.823667683129,-0.253594321406));
#806 = DIRECTION('',(1.,0.,0.));
#807 = DIRECTION('',(0.,0.,1.));
#808 = ADVANCED_FACE('',(#809),#823,.T.);
#809 = FACE_BOUND('',#810,.F.);
#810 = EDGE_LOOP('',(#811,#812,#813,#814,#815,#816,#817,#818,#819,#820,
    #821,#822));
#811 = ORIENTED_EDGE('',*,*,#422,.T.);
#812 = ORIENTED_EDGE('',*,*,#453,.T.);
#813 = ORIENTED_EDGE('',*,*,#486,.T.);
#814 = ORIENTED_EDGE('',*,*,#517,.T.);
#815 = ORIENTED_EDGE('',*,*,#548,.T.);
#816 = ORIENTED_EDGE('',*,*,#588,.F.);
#817 = ORIENTED_EDGE('',*,*,#612,.T.);
#818 = ORIENTED_EDGE('',*,*,#643,.T.);
#819 = ORIENTED_EDGE('',*,*,#676,.T.);
#820 = ORIENTED_EDGE('',*,*,#707,.T.);
#821 = ORIENTED_EDGE('',*,*,#738,.T.);
#822 = ORIENTED_EDGE('',*,*,#769,.F.);
#823 = PLANE('',#824);
#824 = AXIS2_PLACEMENT_3D('',#825,#826,#827);
#825 = CARTESIAN_POINT('',(-0.735,0.823667683129,-0.253594321406));
#826 = DIRECTION('',(1.,0.,0.));
#827 = DIRECTION('',(0.,0.,1.));
#828 = MANIFOLD_SOLID_BREP('',#829);
#829 = CLOSED_SHELL('',(#830,#870,#903,#934,#965,#996,#1029,#1060,#1093,
    #1124,#1155,#1186,#1210,#1230));
#830 = ADVANCED_FACE('',(#831),#865,.T.);
#831 = FACE_BOUND('',#832,.F.);
#832 = EDGE_LOOP('',(#833,#843,#851,#859));
#833 = ORIENTED_EDGE('',*,*,#834,.T.);
#834 = EDGE_CURVE('',#835,#837,#839,.T.);
#835 = VERTEX_POINT('',#836);
#836 = CARTESIAN_POINT('',(-1.165,-0.75,-0.487449999999));
#837 = VERTEX_POINT('',#838);
#838 = CARTESIAN_POINT('',(-0.735,-0.75,-0.487449999999));
#839 = LINE('',#840,#841);
#840 = CARTESIAN_POINT('',(-1.165,-0.75,-0.487449999999));
#841 = VECTOR('',#842,1.);
#842 = DIRECTION('',(1.,0.,0.));
#843 = ORIENTED_EDGE('',*,*,#844,.T.);
#844 = EDGE_CURVE('',#837,#845,#847,.T.);
#845 = VERTEX_POINT('',#846);
#846 = CARTESIAN_POINT('',(-0.735,-0.718121599999,-8.255000000109E-02));
#847 = LINE('',#848,#849);
#848 = CARTESIAN_POINT('',(-0.735,-0.75,-0.487449999999));
#849 = VECTOR('',#850,1.);
#850 = DIRECTION('',(0.,7.848865241834E-02,0.99691500713));
#851 = ORIENTED_EDGE('',*,*,#852,.F.);
#852 = EDGE_CURVE('',#853,#845,#855,.T.);
#853 = VERTEX_POINT('',#854);
#854 = CARTESIAN_POINT('',(-1.165,-0.718121599999,-8.255000000109E-02));
#855 = LINE('',#856,#857);
#856 = CARTESIAN_POINT('',(-1.165,-0.718121599999,-8.255000000109E-02));
#857 = VECTOR('',#858,1.);
#858 = DIRECTION('',(1.,0.,0.));
#859 = ORIENTED_EDGE('',*,*,#860,.F.);
#860 = EDGE_CURVE('',#835,#853,#861,.T.);
#861 = LINE('',#862,#863);
#862 = CARTESIAN_POINT('',(-1.165,-0.75,-0.487449999999));
#863 = VECTOR('',#864,1.);
#864 = DIRECTION('',(0.,7.848865241834E-02,0.99691500713));
#865 = PLANE('',#866);
#866 = AXIS2_PLACEMENT_3D('',#867,#868,#869);
#867 = CARTESIAN_POINT('',(-1.165,-0.75,-0.487449999999));
#868 = DIRECTION('',(0.,0.99691500713,-7.848865241834E-02));
#869 = DIRECTION('',(-0.,-7.848865241834E-02,-0.99691500713));
#870 = ADVANCED_FACE('',(#871),#898,.F.);
#871 = FACE_BOUND('',#872,.F.);
#872 = EDGE_LOOP('',(#873,#874,#883,#891));
#873 = ORIENTED_EDGE('',*,*,#852,.T.);
#874 = ORIENTED_EDGE('',*,*,#875,.T.);
#875 = EDGE_CURVE('',#845,#876,#878,.T.);
#876 = VERTEX_POINT('',#877);
#877 = CARTESIAN_POINT('',(-0.735,-0.650453378809,-2.E-02));
#878 = CIRCLE('',#879,6.787762317333E-02);
#879 = AXIS2_PLACEMENT_3D('',#880,#881,#882);
#880 = CARTESIAN_POINT('',(-0.735,-0.650453378809,-8.787762317333E-02));
#881 = DIRECTION('',(-1.,0.,0.));
#882 = DIRECTION('',(-0.,-1.,-0.));
#883 = ORIENTED_EDGE('',*,*,#884,.F.);
#884 = EDGE_CURVE('',#885,#876,#887,.T.);
#885 = VERTEX_POINT('',#886);
#886 = CARTESIAN_POINT('',(-1.165,-0.650453378809,-2.E-02));
#887 = LINE('',#888,#889);
#888 = CARTESIAN_POINT('',(-1.165,-0.650453378809,-2.E-02));
#889 = VECTOR('',#890,1.);
#890 = DIRECTION('',(1.,0.,0.));
#891 = ORIENTED_EDGE('',*,*,#892,.F.);
#892 = EDGE_CURVE('',#853,#885,#893,.T.);
#893 = CIRCLE('',#894,6.787762317333E-02);
#894 = AXIS2_PLACEMENT_3D('',#895,#896,#897);
#895 = CARTESIAN_POINT('',(-1.165,-0.650453378809,-8.787762317333E-02));
#896 = DIRECTION('',(-1.,0.,0.));
#897 = DIRECTION('',(-0.,-1.,-0.));
#898 = CYLINDRICAL_SURFACE('',#899,6.787762317333E-02);
#899 = AXIS2_PLACEMENT_3D('',#900,#901,#902);
#900 = CARTESIAN_POINT('',(-1.165,-0.650453378809,-8.787762317333E-02));
#901 = DIRECTION('',(-1.,0.,0.));
#902 = DIRECTION('',(-0.,-1.,-0.));
#903 = ADVANCED_FACE('',(#904),#929,.T.);
#904 = FACE_BOUND('',#905,.F.);
#905 = EDGE_LOOP('',(#906,#907,#915,#923));
#906 = ORIENTED_EDGE('',*,*,#884,.T.);
#907 = ORIENTED_EDGE('',*,*,#908,.T.);
#908 = EDGE_CURVE('',#876,#909,#911,.T.);
#909 = VERTEX_POINT('',#910);
#910 = CARTESIAN_POINT('',(-0.735,-0.499324,-2.E-02));
#911 = LINE('',#912,#913);
#912 = CARTESIAN_POINT('',(-0.735,-0.650453378809,-2.E-02));
#913 = VECTOR('',#914,1.);
#914 = DIRECTION('',(0.,1.,0.));
#915 = ORIENTED_EDGE('',*,*,#916,.F.);
#916 = EDGE_CURVE('',#917,#909,#919,.T.);
#917 = VERTEX_POINT('',#918);
#918 = CARTESIAN_POINT('',(-1.165,-0.499324,-2.E-02));
#919 = LINE('',#920,#921);
#920 = CARTESIAN_POINT('',(-1.165,-0.499324,-2.E-02));
#921 = VECTOR('',#922,1.);
#922 = DIRECTION('',(1.,0.,0.));
#923 = ORIENTED_EDGE('',*,*,#924,.F.);
#924 = EDGE_CURVE('',#885,#917,#925,.T.);
#925 = LINE('',#926,#927);
#926 = CARTESIAN_POINT('',(-1.165,-0.650453378809,-2.E-02));
#927 = VECTOR('',#928,1.);
#928 = DIRECTION('',(0.,1.,0.));
#929 = PLANE('',#930);
#930 = AXIS2_PLACEMENT_3D('',#931,#932,#933);
#931 = CARTESIAN_POINT('',(-1.165,-0.650453378809,-2.E-02));
#932 = DIRECTION('',(-0.,-0.,-1.));
#933 = DIRECTION('',(-0.,-1.,-0.));
#934 = ADVANCED_FACE('',(#935),#960,.T.);
#935 = FACE_BOUND('',#936,.F.);
#936 = EDGE_LOOP('',(#937,#938,#946,#954));
#937 = ORIENTED_EDGE('',*,*,#916,.T.);
#938 = ORIENTED_EDGE('',*,*,#939,.T.);
#939 = EDGE_CURVE('',#909,#940,#942,.T.);
#940 = VERTEX_POINT('',#941);
#941 = CARTESIAN_POINT('',(-0.735,-0.65,0.1));
#942 = LINE('',#943,#944);
#943 = CARTESIAN_POINT('',(-0.735,-0.499324,-2.E-02));
#944 = VECTOR('',#945,1.);
#945 = DIRECTION('',(0.,-0.782236479438,0.622981613081));
#946 = ORIENTED_EDGE('',*,*,#947,.F.);
#947 = EDGE_CURVE('',#948,#940,#950,.T.);
#948 = VERTEX_POINT('',#949);
#949 = CARTESIAN_POINT('',(-1.165,-0.65,0.1));
#950 = LINE('',#951,#952);
#951 = CARTESIAN_POINT('',(-1.165,-0.65,0.1));
#952 = VECTOR('',#953,1.);
#953 = DIRECTION('',(1.,0.,0.));
#954 = ORIENTED_EDGE('',*,*,#955,.F.);
#955 = EDGE_CURVE('',#917,#948,#956,.T.);
#956 = LINE('',#957,#958);
#957 = CARTESIAN_POINT('',(-1.165,-0.499324,-2.E-02));
#958 = VECTOR('',#959,1.);
#959 = DIRECTION('',(0.,-0.782236479438,0.622981613081));
#960 = PLANE('',#961);
#961 = AXIS2_PLACEMENT_3D('',#962,#963,#964);
#962 = CARTESIAN_POINT('',(-1.165,-0.499324,-2.E-02));
#963 = DIRECTION('',(0.,0.622981613081,0.782236479438));
#964 = DIRECTION('',(0.,0.782236479438,-0.622981613081));
#965 = ADVANCED_FACE('',(#966),#991,.T.);
#966 = FACE_BOUND('',#967,.F.);
#967 = EDGE_LOOP('',(#968,#969,#977,#985));
#968 = ORIENTED_EDGE('',*,*,#947,.T.);
#969 = ORIENTED_EDGE('',*,*,#970,.T.);
#970 = EDGE_CURVE('',#940,#971,#973,.T.);
#971 = VERTEX_POINT('',#972);
#972 = CARTESIAN_POINT('',(-0.735,-0.761376938911,0.1));
#973 = LINE('',#974,#975);
#974 = CARTESIAN_POINT('',(-0.735,-0.65,0.1));
#975 = VECTOR('',#976,1.);
#976 = DIRECTION('',(-0.,-1.,-1.246019862233E-16));
#977 = ORIENTED_EDGE('',*,*,#978,.F.);
#978 = EDGE_CURVE('',#979,#971,#981,.T.);
#979 = VERTEX_POINT('',#980);
#980 = CARTESIAN_POINT('',(-1.165,-0.761376938911,0.1));
#981 = LINE('',#982,#983);
#982 = CARTESIAN_POINT('',(-1.165,-0.761376938911,0.1));
#983 = VECTOR('',#984,1.);
#984 = DIRECTION('',(1.,0.,0.));
#985 = ORIENTED_EDGE('',*,*,#986,.F.);
#986 = EDGE_CURVE('',#948,#979,#987,.T.);
#987 = LINE('',#988,#989);
#988 = CARTESIAN_POINT('',(-1.165,-0.65,0.1));
#989 = VECTOR('',#990,1.);
#990 = DIRECTION('',(-0.,-1.,-1.246019862233E-16));
#991 = PLANE('',#992);
#992 = AXIS2_PLACEMENT_3D('',#993,#994,#995);
#993 = CARTESIAN_POINT('',(-1.165,-0.65,0.1));
#994 = DIRECTION('',(0.,-1.246019862233E-16,1.));
#995 = DIRECTION('',(0.,1.,1.246019862233E-16));
#996 = ADVANCED_FACE('',(#997),#1024,.T.);
#997 = FACE_BOUND('',#998,.T.);
#998 = EDGE_LOOP('',(#999,#1009,#1016,#1017));
#999 = ORIENTED_EDGE('',*,*,#1000,.T.);
#1000 = EDGE_CURVE('',#1001,#1003,#1005,.T.);
#1001 = VERTEX_POINT('',#1002);
#1002 = CARTESIAN_POINT('',(-1.165,-0.829045160101,3.744999999891E-02));
#1003 = VERTEX_POINT('',#1004);
#1004 = CARTESIAN_POINT('',(-0.735,-0.829045160101,3.744999999891E-02));
#1005 = LINE('',#1006,#1007);
#1006 = CARTESIAN_POINT('',(-1.165,-0.829045160101,3.744999999891E-02));
#1007 = VECTOR('',#1008,1.);
#1008 = DIRECTION('',(1.,0.,0.));
#1009 = ORIENTED_EDGE('',*,*,#1010,.T.);
#1010 = EDGE_CURVE('',#1003,#971,#1011,.T.);
#1011 = CIRCLE('',#1012,6.787762317333E-02);
#1012 = AXIS2_PLACEMENT_3D('',#1013,#1014,#1015);
#1013 = CARTESIAN_POINT('',(-0.735,-0.761376938911,3.212237682667E-02));
#1014 = DIRECTION('',(-1.,0.,0.));
#1015 = DIRECTION('',(-0.,-1.,-0.));
#1016 = ORIENTED_EDGE('',*,*,#978,.F.);
#1017 = ORIENTED_EDGE('',*,*,#1018,.F.);
#1018 = EDGE_CURVE('',#1001,#979,#1019,.T.);
#1019 = CIRCLE('',#1020,6.787762317333E-02);
#1020 = AXIS2_PLACEMENT_3D('',#1021,#1022,#1023);
#1021 = CARTESIAN_POINT('',(-1.165,-0.761376938911,3.212237682667E-02));
#1022 = DIRECTION('',(-1.,0.,0.));
#1023 = DIRECTION('',(-0.,-1.,-0.));
#1024 = CYLINDRICAL_SURFACE('',#1025,6.787762317333E-02);
#1025 = AXIS2_PLACEMENT_3D('',#1026,#1027,#1028);
#1026 = CARTESIAN_POINT('',(-1.165,-0.761376938911,3.212237682667E-02));
#1027 = DIRECTION('',(-1.,0.,0.));
#1028 = DIRECTION('',(-0.,-1.,-0.));
#1029 = ADVANCED_FACE('',(#1030),#1055,.T.);
#1030 = FACE_BOUND('',#1031,.F.);
#1031 = EDGE_LOOP('',(#1032,#1033,#1041,#1049));
#1032 = ORIENTED_EDGE('',*,*,#1000,.T.);
#1033 = ORIENTED_EDGE('',*,*,#1034,.T.);
#1034 = EDGE_CURVE('',#1003,#1035,#1037,.T.);
#1035 = VERTEX_POINT('',#1036);
#1036 = CARTESIAN_POINT('',(-0.735,-0.860923560102,-0.367449999999));
#1037 = LINE('',#1038,#1039);
#1038 = CARTESIAN_POINT('',(-0.735,-0.829045160101,3.744999999891E-02));
#1039 = VECTOR('',#1040,1.);
#1040 = DIRECTION('',(-0.,-7.848865241834E-02,-0.99691500713));
#1041 = ORIENTED_EDGE('',*,*,#1042,.F.);
#1042 = EDGE_CURVE('',#1043,#1035,#1045,.T.);
#1043 = VERTEX_POINT('',#1044);
#1044 = CARTESIAN_POINT('',(-1.165,-0.860923560102,-0.367449999999));
#1045 = LINE('',#1046,#1047);
#1046 = CARTESIAN_POINT('',(-1.165,-0.860923560102,-0.367449999999));
#1047 = VECTOR('',#1048,1.);
#1048 = DIRECTION('',(1.,0.,0.));
#1049 = ORIENTED_EDGE('',*,*,#1050,.F.);
#1050 = EDGE_CURVE('',#1001,#1043,#1051,.T.);
#1051 = LINE('',#1052,#1053);
#1052 = CARTESIAN_POINT('',(-1.165,-0.829045160101,3.744999999891E-02));
#1053 = VECTOR('',#1054,1.);
#1054 = DIRECTION('',(-0.,-7.848865241834E-02,-0.99691500713));
#1055 = PLANE('',#1056);
#1056 = AXIS2_PLACEMENT_3D('',#1057,#1058,#1059);
#1057 = CARTESIAN_POINT('',(-1.165,-0.829045160101,3.744999999891E-02));
#1058 = DIRECTION('',(0.,-0.99691500713,7.848865241834E-02));
#1059 = DIRECTION('',(0.,7.848865241834E-02,0.99691500713));
#1060 = ADVANCED_FACE('',(#1061),#1088,.F.);
#1061 = FACE_BOUND('',#1062,.F.);
#1062 = EDGE_LOOP('',(#1063,#1064,#1073,#1081));
#1063 = ORIENTED_EDGE('',*,*,#1042,.T.);
#1064 = ORIENTED_EDGE('',*,*,#1065,.T.);
#1065 = EDGE_CURVE('',#1035,#1066,#1068,.T.);
#1066 = VERTEX_POINT('',#1067);
#1067 = CARTESIAN_POINT('',(-0.735,-0.928591781292,-0.43));
#1068 = CIRCLE('',#1069,6.787762317333E-02);
#1069 = AXIS2_PLACEMENT_3D('',#1070,#1071,#1072);
#1070 = CARTESIAN_POINT('',(-0.735,-0.928591781292,-0.362122376827));
#1071 = DIRECTION('',(-1.,0.,0.));
#1072 = DIRECTION('',(-0.,-1.,-0.));
#1073 = ORIENTED_EDGE('',*,*,#1074,.F.);
#1074 = EDGE_CURVE('',#1075,#1066,#1077,.T.);
#1075 = VERTEX_POINT('',#1076);
#1076 = CARTESIAN_POINT('',(-1.165,-0.928591781292,-0.43));
#1077 = LINE('',#1078,#1079);
#1078 = CARTESIAN_POINT('',(-1.165,-0.928591781292,-0.43));
#1079 = VECTOR('',#1080,1.);
#1080 = DIRECTION('',(1.,0.,0.));
#1081 = ORIENTED_EDGE('',*,*,#1082,.F.);
#1082 = EDGE_CURVE('',#1043,#1075,#1083,.T.);
#1083 = CIRCLE('',#1084,6.787762317333E-02);
#1084 = AXIS2_PLACEMENT_3D('',#1085,#1086,#1087);
#1085 = CARTESIAN_POINT('',(-1.165,-0.928591781292,-0.362122376827));
#1086 = DIRECTION('',(-1.,0.,0.));
#1087 = DIRECTION('',(-0.,-1.,-0.));
#1088 = CYLINDRICAL_SURFACE('',#1089,6.787762317333E-02);
#1089 = AXIS2_PLACEMENT_3D('',#1090,#1091,#1092);
#1090 = CARTESIAN_POINT('',(-1.165,-0.928591781292,-0.362122376827));
#1091 = DIRECTION('',(-1.,0.,0.));
#1092 = DIRECTION('',(-0.,-1.,-0.));
#1093 = ADVANCED_FACE('',(#1094),#1119,.T.);
#1094 = FACE_BOUND('',#1095,.F.);
#1095 = EDGE_LOOP('',(#1096,#1097,#1105,#1113));
#1096 = ORIENTED_EDGE('',*,*,#1074,.T.);
#1097 = ORIENTED_EDGE('',*,*,#1098,.T.);
#1098 = EDGE_CURVE('',#1066,#1099,#1101,.T.);
#1099 = VERTEX_POINT('',#1100);
#1100 = CARTESIAN_POINT('',(-0.735,-1.15,-0.43));
#1101 = LINE('',#1102,#1103);
#1102 = CARTESIAN_POINT('',(-0.735,-0.928591781292,-0.43));
#1103 = VECTOR('',#1104,1.);
#1104 = DIRECTION('',(-0.,-1.,-0.));
#1105 = ORIENTED_EDGE('',*,*,#1106,.F.);
#1106 = EDGE_CURVE('',#1107,#1099,#1109,.T.);
#1107 = VERTEX_POINT('',#1108);
#1108 = CARTESIAN_POINT('',(-1.165,-1.15,-0.43));
#1109 = LINE('',#1110,#1111);
#1110 = CARTESIAN_POINT('',(-1.165,-1.15,-0.43));
#1111 = VECTOR('',#1112,1.);
#1112 = DIRECTION('',(1.,0.,0.));
#1113 = ORIENTED_EDGE('',*,*,#1114,.F.);
#1114 = EDGE_CURVE('',#1075,#1107,#1115,.T.);
#1115 = LINE('',#1116,#1117);
#1116 = CARTESIAN_POINT('',(-1.165,-0.928591781292,-0.43));
#1117 = VECTOR('',#1118,1.);
#1118 = DIRECTION('',(-0.,-1.,-0.));
#1119 = PLANE('',#1120);
#1120 = AXIS2_PLACEMENT_3D('',#1121,#1122,#1123);
#1121 = CARTESIAN_POINT('',(-1.165,-0.928591781292,-0.43));
#1122 = DIRECTION('',(0.,0.,1.));
#1123 = DIRECTION('',(0.,1.,0.));
#1124 = ADVANCED_FACE('',(#1125),#1150,.T.);
#1125 = FACE_BOUND('',#1126,.F.);
#1126 = EDGE_LOOP('',(#1127,#1128,#1136,#1144));
#1127 = ORIENTED_EDGE('',*,*,#1106,.T.);
#1128 = ORIENTED_EDGE('',*,*,#1129,.T.);
#1129 = EDGE_CURVE('',#1099,#1130,#1132,.T.);
#1130 = VERTEX_POINT('',#1131);
#1131 = CARTESIAN_POINT('',(-0.735,-1.15,-0.55));
#1132 = LINE('',#1133,#1134);
#1133 = CARTESIAN_POINT('',(-0.735,-1.15,-0.43));
#1134 = VECTOR('',#1135,1.);
#1135 = DIRECTION('',(-0.,-0.,-1.));
#1136 = ORIENTED_EDGE('',*,*,#1137,.F.);
#1137 = EDGE_CURVE('',#1138,#1130,#1140,.T.);
#1138 = VERTEX_POINT('',#1139);
#1139 = CARTESIAN_POINT('',(-1.165,-1.15,-0.55));
#1140 = LINE('',#1141,#1142);
#1141 = CARTESIAN_POINT('',(-1.165,-1.15,-0.55));
#1142 = VECTOR('',#1143,1.);
#1143 = DIRECTION('',(1.,0.,0.));
#1144 = ORIENTED_EDGE('',*,*,#1145,.F.);
#1145 = EDGE_CURVE('',#1107,#1138,#1146,.T.);
#1146 = LINE('',#1147,#1148);
#1147 = CARTESIAN_POINT('',(-1.165,-1.15,-0.43));
#1148 = VECTOR('',#1149,1.);
#1149 = DIRECTION('',(-0.,-0.,-1.));
#1150 = PLANE('',#1151);
#1151 = AXIS2_PLACEMENT_3D('',#1152,#1153,#1154);
#1152 = CARTESIAN_POINT('',(-1.165,-1.15,-0.43));
#1153 = DIRECTION('',(-0.,-1.,-0.));
#1154 = DIRECTION('',(0.,0.,1.));
#1155 = ADVANCED_FACE('',(#1156),#1181,.T.);
#1156 = FACE_BOUND('',#1157,.F.);
#1157 = EDGE_LOOP('',(#1158,#1159,#1167,#1175));
#1158 = ORIENTED_EDGE('',*,*,#1137,.T.);
#1159 = ORIENTED_EDGE('',*,*,#1160,.T.);
#1160 = EDGE_CURVE('',#1130,#1161,#1163,.T.);
#1161 = VERTEX_POINT('',#1162);
#1162 = CARTESIAN_POINT('',(-0.735,-0.81766822119,-0.55));
#1163 = LINE('',#1164,#1165);
#1164 = CARTESIAN_POINT('',(-0.735,-1.15,-0.55));
#1165 = VECTOR('',#1166,1.);
#1166 = DIRECTION('',(0.,1.,0.));
#1167 = ORIENTED_EDGE('',*,*,#1168,.F.);
#1168 = EDGE_CURVE('',#1169,#1161,#1171,.T.);
#1169 = VERTEX_POINT('',#1170);
#1170 = CARTESIAN_POINT('',(-1.165,-0.81766822119,-0.55));
#1171 = LINE('',#1172,#1173);
#1172 = CARTESIAN_POINT('',(-1.165,-0.81766822119,-0.55));
#1173 = VECTOR('',#1174,1.);
#1174 = DIRECTION('',(1.,0.,0.));
#1175 = ORIENTED_EDGE('',*,*,#1176,.F.);
#1176 = EDGE_CURVE('',#1138,#1169,#1177,.T.);
#1177 = LINE('',#1178,#1179);
#1178 = CARTESIAN_POINT('',(-1.165,-1.15,-0.55));
#1179 = VECTOR('',#1180,1.);
#1180 = DIRECTION('',(0.,1.,0.));
#1181 = PLANE('',#1182);
#1182 = AXIS2_PLACEMENT_3D('',#1183,#1184,#1185);
#1183 = CARTESIAN_POINT('',(-1.165,-1.15,-0.55));
#1184 = DIRECTION('',(-0.,-0.,-1.));
#1185 = DIRECTION('',(-0.,-1.,-0.));
#1186 = ADVANCED_FACE('',(#1187),#1205,.T.);
#1187 = FACE_BOUND('',#1188,.T.);
#1188 = EDGE_LOOP('',(#1189,#1190,#1197,#1198));
#1189 = ORIENTED_EDGE('',*,*,#834,.T.);
#1190 = ORIENTED_EDGE('',*,*,#1191,.T.);
#1191 = EDGE_CURVE('',#837,#1161,#1192,.T.);
#1192 = CIRCLE('',#1193,6.787762317333E-02);
#1193 = AXIS2_PLACEMENT_3D('',#1194,#1195,#1196);
#1194 = CARTESIAN_POINT('',(-0.735,-0.81766822119,-0.482122376827));
#1195 = DIRECTION('',(-1.,0.,0.));
#1196 = DIRECTION('',(-0.,-1.,-0.));
#1197 = ORIENTED_EDGE('',*,*,#1168,.F.);
#1198 = ORIENTED_EDGE('',*,*,#1199,.F.);
#1199 = EDGE_CURVE('',#835,#1169,#1200,.T.);
#1200 = CIRCLE('',#1201,6.787762317333E-02);
#1201 = AXIS2_PLACEMENT_3D('',#1202,#1203,#1204);
#1202 = CARTESIAN_POINT('',(-1.165,-0.81766822119,-0.482122376827));
#1203 = DIRECTION('',(-1.,0.,0.));
#1204 = DIRECTION('',(-0.,-1.,-0.));
#1205 = CYLINDRICAL_SURFACE('',#1206,6.787762317333E-02);
#1206 = AXIS2_PLACEMENT_3D('',#1207,#1208,#1209);
#1207 = CARTESIAN_POINT('',(-1.165,-0.81766822119,-0.482122376827));
#1208 = DIRECTION('',(-1.,0.,0.));
#1209 = DIRECTION('',(-0.,-1.,-0.));
#1210 = ADVANCED_FACE('',(#1211),#1225,.F.);
#1211 = FACE_BOUND('',#1212,.F.);
#1212 = EDGE_LOOP('',(#1213,#1214,#1215,#1216,#1217,#1218,#1219,#1220,
    #1221,#1222,#1223,#1224));
#1213 = ORIENTED_EDGE('',*,*,#860,.T.);
#1214 = ORIENTED_EDGE('',*,*,#892,.T.);
#1215 = ORIENTED_EDGE('',*,*,#924,.T.);
#1216 = ORIENTED_EDGE('',*,*,#955,.T.);
#1217 = ORIENTED_EDGE('',*,*,#986,.T.);
#1218 = ORIENTED_EDGE('',*,*,#1018,.F.);
#1219 = ORIENTED_EDGE('',*,*,#1050,.T.);
#1220 = ORIENTED_EDGE('',*,*,#1082,.T.);
#1221 = ORIENTED_EDGE('',*,*,#1114,.T.);
#1222 = ORIENTED_EDGE('',*,*,#1145,.T.);
#1223 = ORIENTED_EDGE('',*,*,#1176,.T.);
#1224 = ORIENTED_EDGE('',*,*,#1199,.F.);
#1225 = PLANE('',#1226);
#1226 = AXIS2_PLACEMENT_3D('',#1227,#1228,#1229);
#1227 = CARTESIAN_POINT('',(-1.165,-0.823667683129,-0.253594321406));
#1228 = DIRECTION('',(1.,0.,0.));
#1229 = DIRECTION('',(-0.,-0.,-1.));
#1230 = ADVANCED_FACE('',(#1231),#1245,.T.);
#1231 = FACE_BOUND('',#1232,.T.);
#1232 = EDGE_LOOP('',(#1233,#1234,#1235,#1236,#1237,#1238,#1239,#1240,
    #1241,#1242,#1243,#1244));
#1233 = ORIENTED_EDGE('',*,*,#844,.T.);
#1234 = ORIENTED_EDGE('',*,*,#875,.T.);
#1235 = ORIENTED_EDGE('',*,*,#908,.T.);
#1236 = ORIENTED_EDGE('',*,*,#939,.T.);
#1237 = ORIENTED_EDGE('',*,*,#970,.T.);
#1238 = ORIENTED_EDGE('',*,*,#1010,.F.);
#1239 = ORIENTED_EDGE('',*,*,#1034,.T.);
#1240 = ORIENTED_EDGE('',*,*,#1065,.T.);
#1241 = ORIENTED_EDGE('',*,*,#1098,.T.);
#1242 = ORIENTED_EDGE('',*,*,#1129,.T.);
#1243 = ORIENTED_EDGE('',*,*,#1160,.T.);
#1244 = ORIENTED_EDGE('',*,*,#1191,.F.);
#1245 = PLANE('',#1246);
#1246 = AXIS2_PLACEMENT_3D('',#1247,#1248,#1249);
#1247 = CARTESIAN_POINT('',(-0.735,-0.823667683129,-0.253594321406));
#1248 = DIRECTION('',(1.,0.,0.));
#1249 = DIRECTION('',(-0.,-0.,-1.));
#1250 = MANIFOLD_SOLID_BREP('',#1251);
#1251 = CLOSED_SHELL('',(#1252,#1292,#1325,#1356,#1387,#1418,#1451,#1482
    ,#1515,#1546,#1577,#1608,#1632,#1652));
#1252 = ADVANCED_FACE('',(#1253),#1287,.T.);
#1253 = FACE_BOUND('',#1254,.F.);
#1254 = EDGE_LOOP('',(#1255,#1265,#1273,#1281));
#1255 = ORIENTED_EDGE('',*,*,#1256,.T.);
#1256 = EDGE_CURVE('',#1257,#1259,#1261,.T.);
#1257 = VERTEX_POINT('',#1258);
#1258 = CARTESIAN_POINT('',(1.165,0.75,-0.487449999999));
#1259 = VERTEX_POINT('',#1260);
#1260 = CARTESIAN_POINT('',(0.735,0.75,-0.487449999999));
#1261 = LINE('',#1262,#1263);
#1262 = CARTESIAN_POINT('',(1.165,0.75,-0.487449999999));
#1263 = VECTOR('',#1264,1.);
#1264 = DIRECTION('',(-1.,2.22044604925E-16,-2.22044604925E-16));
#1265 = ORIENTED_EDGE('',*,*,#1266,.T.);
#1266 = EDGE_CURVE('',#1259,#1267,#1269,.T.);
#1267 = VERTEX_POINT('',#1268);
#1268 = CARTESIAN_POINT('',(0.735,0.718121599999,-8.255000000109E-02));
#1269 = LINE('',#1270,#1271);
#1270 = CARTESIAN_POINT('',(0.735,0.75,-0.487449999999));
#1271 = VECTOR('',#1272,1.);
#1272 = DIRECTION('',(-2.387875807194E-16,-7.848865241834E-02,
    0.99691500713));
#1273 = ORIENTED_EDGE('',*,*,#1274,.F.);
#1274 = EDGE_CURVE('',#1275,#1267,#1277,.T.);
#1275 = VERTEX_POINT('',#1276);
#1276 = CARTESIAN_POINT('',(1.165,0.718121599999,-8.255000000109E-02));
#1277 = LINE('',#1278,#1279);
#1278 = CARTESIAN_POINT('',(1.165,0.718121599999,-8.255000000109E-02));
#1279 = VECTOR('',#1280,1.);
#1280 = DIRECTION('',(-1.,2.22044604925E-16,-2.22044604925E-16));
#1281 = ORIENTED_EDGE('',*,*,#1282,.F.);
#1282 = EDGE_CURVE('',#1257,#1275,#1283,.T.);
#1283 = LINE('',#1284,#1285);
#1284 = CARTESIAN_POINT('',(1.165,0.75,-0.487449999999));
#1285 = VECTOR('',#1286,1.);
#1286 = DIRECTION('',(-2.387875807194E-16,-7.848865241834E-02,
    0.99691500713));
#1287 = PLANE('',#1288);
#1288 = AXIS2_PLACEMENT_3D('',#1289,#1290,#1291);
#1289 = CARTESIAN_POINT('',(1.165,0.75,-0.487449999999));
#1290 = DIRECTION('',(-2.039316170847E-16,-0.99691500713,
    -7.848865241834E-02));
#1291 = DIRECTION('',(2.387875807194E-16,7.848865241834E-02,
    -0.99691500713));
#1292 = ADVANCED_FACE('',(#1293),#1320,.F.);
#1293 = FACE_BOUND('',#1294,.F.);
#1294 = EDGE_LOOP('',(#1295,#1296,#1305,#1313));
#1295 = ORIENTED_EDGE('',*,*,#1274,.T.);
#1296 = ORIENTED_EDGE('',*,*,#1297,.T.);
#1297 = EDGE_CURVE('',#1267,#1298,#1300,.T.);
#1298 = VERTEX_POINT('',#1299);
#1299 = CARTESIAN_POINT('',(0.735,0.650453378809,-2.E-02));
#1300 = CIRCLE('',#1301,6.787762317333E-02);
#1301 = AXIS2_PLACEMENT_3D('',#1302,#1303,#1304);
#1302 = CARTESIAN_POINT('',(0.735,0.650453378809,-8.787762317333E-02));
#1303 = DIRECTION('',(1.,-2.22044604925E-16,2.22044604925E-16));
#1304 = DIRECTION('',(2.22044604925E-16,1.,2.465190328816E-32));
#1305 = ORIENTED_EDGE('',*,*,#1306,.F.);
#1306 = EDGE_CURVE('',#1307,#1298,#1309,.T.);
#1307 = VERTEX_POINT('',#1308);
#1308 = CARTESIAN_POINT('',(1.165,0.650453378809,-2.E-02));
#1309 = LINE('',#1310,#1311);
#1310 = CARTESIAN_POINT('',(1.165,0.650453378809,-2.E-02));
#1311 = VECTOR('',#1312,1.);
#1312 = DIRECTION('',(-1.,2.22044604925E-16,-2.22044604925E-16));
#1313 = ORIENTED_EDGE('',*,*,#1314,.F.);
#1314 = EDGE_CURVE('',#1275,#1307,#1315,.T.);
#1315 = CIRCLE('',#1316,6.787762317333E-02);
#1316 = AXIS2_PLACEMENT_3D('',#1317,#1318,#1319);
#1317 = CARTESIAN_POINT('',(1.165,0.650453378809,-8.787762317333E-02));
#1318 = DIRECTION('',(1.,-2.22044604925E-16,2.22044604925E-16));
#1319 = DIRECTION('',(2.22044604925E-16,1.,2.465190328816E-32));
#1320 = CYLINDRICAL_SURFACE('',#1321,6.787762317333E-02);
#1321 = AXIS2_PLACEMENT_3D('',#1322,#1323,#1324);
#1322 = CARTESIAN_POINT('',(1.165,0.650453378809,-8.787762317333E-02));
#1323 = DIRECTION('',(1.,-2.22044604925E-16,2.22044604925E-16));
#1324 = DIRECTION('',(2.22044604925E-16,1.,2.465190328816E-32));
#1325 = ADVANCED_FACE('',(#1326),#1351,.T.);
#1326 = FACE_BOUND('',#1327,.F.);
#1327 = EDGE_LOOP('',(#1328,#1329,#1337,#1345));
#1328 = ORIENTED_EDGE('',*,*,#1306,.T.);
#1329 = ORIENTED_EDGE('',*,*,#1330,.T.);
#1330 = EDGE_CURVE('',#1298,#1331,#1333,.T.);
#1331 = VERTEX_POINT('',#1332);
#1332 = CARTESIAN_POINT('',(0.735,0.499324,-2.E-02));
#1333 = LINE('',#1334,#1335);
#1334 = CARTESIAN_POINT('',(0.735,0.650453378809,-2.E-02));
#1335 = VECTOR('',#1336,1.);
#1336 = DIRECTION('',(-2.22044604925E-16,-1.,-2.465190328816E-32));
#1337 = ORIENTED_EDGE('',*,*,#1338,.F.);
#1338 = EDGE_CURVE('',#1339,#1331,#1341,.T.);
#1339 = VERTEX_POINT('',#1340);
#1340 = CARTESIAN_POINT('',(1.165,0.499324,-2.E-02));
#1341 = LINE('',#1342,#1343);
#1342 = CARTESIAN_POINT('',(1.165,0.499324,-2.E-02));
#1343 = VECTOR('',#1344,1.);
#1344 = DIRECTION('',(-1.,2.22044604925E-16,-2.22044604925E-16));
#1345 = ORIENTED_EDGE('',*,*,#1346,.F.);
#1346 = EDGE_CURVE('',#1307,#1339,#1347,.T.);
#1347 = LINE('',#1348,#1349);
#1348 = CARTESIAN_POINT('',(1.165,0.650453378809,-2.E-02));
#1349 = VECTOR('',#1350,1.);
#1350 = DIRECTION('',(-2.22044604925E-16,-1.,-2.465190328816E-32));
#1351 = PLANE('',#1352);
#1352 = AXIS2_PLACEMENT_3D('',#1353,#1354,#1355);
#1353 = CARTESIAN_POINT('',(1.165,0.650453378809,-2.E-02));
#1354 = DIRECTION('',(2.22044604925E-16,-2.465190328816E-32,-1.));
#1355 = DIRECTION('',(2.22044604925E-16,1.,2.465190328816E-32));
#1356 = ADVANCED_FACE('',(#1357),#1382,.T.);
#1357 = FACE_BOUND('',#1358,.F.);
#1358 = EDGE_LOOP('',(#1359,#1360,#1368,#1376));
#1359 = ORIENTED_EDGE('',*,*,#1338,.T.);
#1360 = ORIENTED_EDGE('',*,*,#1361,.T.);
#1361 = EDGE_CURVE('',#1331,#1362,#1364,.T.);
#1362 = VERTEX_POINT('',#1363);
#1363 = CARTESIAN_POINT('',(0.735,0.65,0.1));
#1364 = LINE('',#1365,#1366);
#1365 = CARTESIAN_POINT('',(0.735,0.499324,-2.E-02));
#1366 = VECTOR('',#1367,1.);
#1367 = DIRECTION('',(3.536168388267E-17,0.782236479438,0.622981613081)
  );
#1368 = ORIENTED_EDGE('',*,*,#1369,.F.);
#1369 = EDGE_CURVE('',#1370,#1362,#1372,.T.);
#1370 = VERTEX_POINT('',#1371);
#1371 = CARTESIAN_POINT('',(1.165,0.65,0.1));
#1372 = LINE('',#1373,#1374);
#1373 = CARTESIAN_POINT('',(1.165,0.65,0.1));
#1374 = VECTOR('',#1375,1.);
#1375 = DIRECTION('',(-1.,2.22044604925E-16,-2.22044604925E-16));
#1376 = ORIENTED_EDGE('',*,*,#1377,.F.);
#1377 = EDGE_CURVE('',#1339,#1370,#1378,.T.);
#1378 = LINE('',#1379,#1380);
#1379 = CARTESIAN_POINT('',(1.165,0.499324,-2.E-02));
#1380 = VECTOR('',#1381,1.);
#1381 = DIRECTION('',(3.536168388267E-17,0.782236479438,0.622981613081)
  );
#1382 = PLANE('',#1383);
#1383 = AXIS2_PLACEMENT_3D('',#1384,#1385,#1386);
#1384 = CARTESIAN_POINT('',(1.165,0.499324,-2.E-02));
#1385 = DIRECTION('',(-3.120210961868E-16,-0.622981613081,0.782236479438
    ));
#1386 = DIRECTION('',(-3.536168388267E-17,-0.782236479438,
    -0.622981613081));
#1387 = ADVANCED_FACE('',(#1388),#1413,.T.);
#1388 = FACE_BOUND('',#1389,.F.);
#1389 = EDGE_LOOP('',(#1390,#1391,#1399,#1407));
#1390 = ORIENTED_EDGE('',*,*,#1369,.T.);
#1391 = ORIENTED_EDGE('',*,*,#1392,.T.);
#1392 = EDGE_CURVE('',#1362,#1393,#1395,.T.);
#1393 = VERTEX_POINT('',#1394);
#1394 = CARTESIAN_POINT('',(0.735,0.761376938911,0.1));
#1395 = LINE('',#1396,#1397);
#1396 = CARTESIAN_POINT('',(0.735,0.65,0.1));
#1397 = VECTOR('',#1398,1.);
#1398 = DIRECTION('',(2.22044604925E-16,1.,-1.246019862233E-16));
#1399 = ORIENTED_EDGE('',*,*,#1400,.F.);
#1400 = EDGE_CURVE('',#1401,#1393,#1403,.T.);
#1401 = VERTEX_POINT('',#1402);
#1402 = CARTESIAN_POINT('',(1.165,0.761376938911,0.1));
#1403 = LINE('',#1404,#1405);
#1404 = CARTESIAN_POINT('',(1.165,0.761376938911,0.1));
#1405 = VECTOR('',#1406,1.);
#1406 = DIRECTION('',(-1.,2.22044604925E-16,-2.22044604925E-16));
#1407 = ORIENTED_EDGE('',*,*,#1408,.F.);
#1408 = EDGE_CURVE('',#1370,#1401,#1409,.T.);
#1409 = LINE('',#1410,#1411);
#1410 = CARTESIAN_POINT('',(1.165,0.65,0.1));
#1411 = VECTOR('',#1412,1.);
#1412 = DIRECTION('',(2.22044604925E-16,1.,-1.246019862233E-16));
#1413 = PLANE('',#1414);
#1414 = AXIS2_PLACEMENT_3D('',#1415,#1416,#1417);
#1415 = CARTESIAN_POINT('',(1.165,0.65,0.1));
#1416 = DIRECTION('',(-2.22044604925E-16,1.246019862233E-16,1.));
#1417 = DIRECTION('',(-2.22044604925E-16,-1.,1.246019862233E-16));
#1418 = ADVANCED_FACE('',(#1419),#1446,.T.);
#1419 = FACE_BOUND('',#1420,.T.);
#1420 = EDGE_LOOP('',(#1421,#1431,#1438,#1439));
#1421 = ORIENTED_EDGE('',*,*,#1422,.T.);
#1422 = EDGE_CURVE('',#1423,#1425,#1427,.T.);
#1423 = VERTEX_POINT('',#1424);
#1424 = CARTESIAN_POINT('',(1.165,0.829045160101,3.744999999891E-02));
#1425 = VERTEX_POINT('',#1426);
#1426 = CARTESIAN_POINT('',(0.735,0.829045160101,3.744999999891E-02));
#1427 = LINE('',#1428,#1429);
#1428 = CARTESIAN_POINT('',(1.165,0.829045160101,3.744999999891E-02));
#1429 = VECTOR('',#1430,1.);
#1430 = DIRECTION('',(-1.,2.22044604925E-16,-2.22044604925E-16));
#1431 = ORIENTED_EDGE('',*,*,#1432,.T.);
#1432 = EDGE_CURVE('',#1425,#1393,#1433,.T.);
#1433 = CIRCLE('',#1434,6.787762317333E-02);
#1434 = AXIS2_PLACEMENT_3D('',#1435,#1436,#1437);
#1435 = CARTESIAN_POINT('',(0.735,0.761376938911,3.212237682667E-02));
#1436 = DIRECTION('',(1.,-2.22044604925E-16,2.22044604925E-16));
#1437 = DIRECTION('',(2.22044604925E-16,1.,2.465190328816E-32));
#1438 = ORIENTED_EDGE('',*,*,#1400,.F.);
#1439 = ORIENTED_EDGE('',*,*,#1440,.F.);
#1440 = EDGE_CURVE('',#1423,#1401,#1441,.T.);
#1441 = CIRCLE('',#1442,6.787762317333E-02);
#1442 = AXIS2_PLACEMENT_3D('',#1443,#1444,#1445);
#1443 = CARTESIAN_POINT('',(1.165,0.761376938911,3.212237682667E-02));
#1444 = DIRECTION('',(1.,-2.22044604925E-16,2.22044604925E-16));
#1445 = DIRECTION('',(2.22044604925E-16,1.,2.465190328816E-32));
#1446 = CYLINDRICAL_SURFACE('',#1447,6.787762317333E-02);
#1447 = AXIS2_PLACEMENT_3D('',#1448,#1449,#1450);
#1448 = CARTESIAN_POINT('',(1.165,0.761376938911,3.212237682667E-02));
#1449 = DIRECTION('',(1.,-2.22044604925E-16,2.22044604925E-16));
#1450 = DIRECTION('',(2.22044604925E-16,1.,2.465190328816E-32));
#1451 = ADVANCED_FACE('',(#1452),#1477,.T.);
#1452 = FACE_BOUND('',#1453,.F.);
#1453 = EDGE_LOOP('',(#1454,#1455,#1463,#1471));
#1454 = ORIENTED_EDGE('',*,*,#1422,.T.);
#1455 = ORIENTED_EDGE('',*,*,#1456,.T.);
#1456 = EDGE_CURVE('',#1425,#1457,#1459,.T.);
#1457 = VERTEX_POINT('',#1458);
#1458 = CARTESIAN_POINT('',(0.735,0.860923560102,-0.367449999999));
#1459 = LINE('',#1460,#1461);
#1460 = CARTESIAN_POINT('',(0.735,0.829045160101,3.744999999891E-02));
#1461 = VECTOR('',#1462,1.);
#1462 = DIRECTION('',(2.387875807194E-16,7.848865241834E-02,
    -0.99691500713));
#1463 = ORIENTED_EDGE('',*,*,#1464,.F.);
#1464 = EDGE_CURVE('',#1465,#1457,#1467,.T.);
#1465 = VERTEX_POINT('',#1466);
#1466 = CARTESIAN_POINT('',(1.165,0.860923560102,-0.367449999999));
#1467 = LINE('',#1468,#1469);
#1468 = CARTESIAN_POINT('',(1.165,0.860923560102,-0.367449999999));
#1469 = VECTOR('',#1470,1.);
#1470 = DIRECTION('',(-1.,2.22044604925E-16,-2.22044604925E-16));
#1471 = ORIENTED_EDGE('',*,*,#1472,.F.);
#1472 = EDGE_CURVE('',#1423,#1465,#1473,.T.);
#1473 = LINE('',#1474,#1475);
#1474 = CARTESIAN_POINT('',(1.165,0.829045160101,3.744999999891E-02));
#1475 = VECTOR('',#1476,1.);
#1476 = DIRECTION('',(2.387875807194E-16,7.848865241834E-02,
    -0.99691500713));
#1477 = PLANE('',#1478);
#1478 = AXIS2_PLACEMENT_3D('',#1479,#1480,#1481);
#1479 = CARTESIAN_POINT('',(1.165,0.829045160101,3.744999999891E-02));
#1480 = DIRECTION('',(2.039316170847E-16,0.99691500713,
    7.848865241834E-02));
#1481 = DIRECTION('',(-2.387875807194E-16,-7.848865241834E-02,
    0.99691500713));
#1482 = ADVANCED_FACE('',(#1483),#1510,.F.);
#1483 = FACE_BOUND('',#1484,.F.);
#1484 = EDGE_LOOP('',(#1485,#1486,#1495,#1503));
#1485 = ORIENTED_EDGE('',*,*,#1464,.T.);
#1486 = ORIENTED_EDGE('',*,*,#1487,.T.);
#1487 = EDGE_CURVE('',#1457,#1488,#1490,.T.);
#1488 = VERTEX_POINT('',#1489);
#1489 = CARTESIAN_POINT('',(0.735,0.928591781292,-0.43));
#1490 = CIRCLE('',#1491,6.787762317333E-02);
#1491 = AXIS2_PLACEMENT_3D('',#1492,#1493,#1494);
#1492 = CARTESIAN_POINT('',(0.735,0.928591781292,-0.362122376827));
#1493 = DIRECTION('',(1.,-2.22044604925E-16,2.22044604925E-16));
#1494 = DIRECTION('',(2.22044604925E-16,1.,2.465190328816E-32));
#1495 = ORIENTED_EDGE('',*,*,#1496,.F.);
#1496 = EDGE_CURVE('',#1497,#1488,#1499,.T.);
#1497 = VERTEX_POINT('',#1498);
#1498 = CARTESIAN_POINT('',(1.165,0.928591781292,-0.43));
#1499 = LINE('',#1500,#1501);
#1500 = CARTESIAN_POINT('',(1.165,0.928591781292,-0.43));
#1501 = VECTOR('',#1502,1.);
#1502 = DIRECTION('',(-1.,2.22044604925E-16,-2.22044604925E-16));
#1503 = ORIENTED_EDGE('',*,*,#1504,.F.);
#1504 = EDGE_CURVE('',#1465,#1497,#1505,.T.);
#1505 = CIRCLE('',#1506,6.787762317333E-02);
#1506 = AXIS2_PLACEMENT_3D('',#1507,#1508,#1509);
#1507 = CARTESIAN_POINT('',(1.165,0.928591781292,-0.362122376827));
#1508 = DIRECTION('',(1.,-2.22044604925E-16,2.22044604925E-16));
#1509 = DIRECTION('',(2.22044604925E-16,1.,2.465190328816E-32));
#1510 = CYLINDRICAL_SURFACE('',#1511,6.787762317333E-02);
#1511 = AXIS2_PLACEMENT_3D('',#1512,#1513,#1514);
#1512 = CARTESIAN_POINT('',(1.165,0.928591781292,-0.362122376827));
#1513 = DIRECTION('',(1.,-2.22044604925E-16,2.22044604925E-16));
#1514 = DIRECTION('',(2.22044604925E-16,1.,2.465190328816E-32));
#1515 = ADVANCED_FACE('',(#1516),#1541,.T.);
#1516 = FACE_BOUND('',#1517,.F.);
#1517 = EDGE_LOOP('',(#1518,#1519,#1527,#1535));
#1518 = ORIENTED_EDGE('',*,*,#1496,.T.);
#1519 = ORIENTED_EDGE('',*,*,#1520,.T.);
#1520 = EDGE_CURVE('',#1488,#1521,#1523,.T.);
#1521 = VERTEX_POINT('',#1522);
#1522 = CARTESIAN_POINT('',(0.735,1.15,-0.43));
#1523 = LINE('',#1524,#1525);
#1524 = CARTESIAN_POINT('',(0.735,0.928591781292,-0.43));
#1525 = VECTOR('',#1526,1.);
#1526 = DIRECTION('',(2.22044604925E-16,1.,2.465190328816E-32));
#1527 = ORIENTED_EDGE('',*,*,#1528,.F.);
#1528 = EDGE_CURVE('',#1529,#1521,#1531,.T.);
#1529 = VERTEX_POINT('',#1530);
#1530 = CARTESIAN_POINT('',(1.165,1.15,-0.43));
#1531 = LINE('',#1532,#1533);
#1532 = CARTESIAN_POINT('',(1.165,1.15,-0.43));
#1533 = VECTOR('',#1534,1.);
#1534 = DIRECTION('',(-1.,2.22044604925E-16,-2.22044604925E-16));
#1535 = ORIENTED_EDGE('',*,*,#1536,.F.);
#1536 = EDGE_CURVE('',#1497,#1529,#1537,.T.);
#1537 = LINE('',#1538,#1539);
#1538 = CARTESIAN_POINT('',(1.165,0.928591781292,-0.43));
#1539 = VECTOR('',#1540,1.);
#1540 = DIRECTION('',(2.22044604925E-16,1.,2.465190328816E-32));
#1541 = PLANE('',#1542);
#1542 = AXIS2_PLACEMENT_3D('',#1543,#1544,#1545);
#1543 = CARTESIAN_POINT('',(1.165,0.928591781292,-0.43));
#1544 = DIRECTION('',(-2.22044604925E-16,2.465190328816E-32,1.));
#1545 = DIRECTION('',(-2.22044604925E-16,-1.,-2.465190328816E-32));
#1546 = ADVANCED_FACE('',(#1547),#1572,.T.);
#1547 = FACE_BOUND('',#1548,.F.);
#1548 = EDGE_LOOP('',(#1549,#1550,#1558,#1566));
#1549 = ORIENTED_EDGE('',*,*,#1528,.T.);
#1550 = ORIENTED_EDGE('',*,*,#1551,.T.);
#1551 = EDGE_CURVE('',#1521,#1552,#1554,.T.);
#1552 = VERTEX_POINT('',#1553);
#1553 = CARTESIAN_POINT('',(0.735,1.15,-0.55));
#1554 = LINE('',#1555,#1556);
#1555 = CARTESIAN_POINT('',(0.735,1.15,-0.43));
#1556 = VECTOR('',#1557,1.);
#1557 = DIRECTION('',(2.22044604925E-16,-2.465190328816E-32,-1.));
#1558 = ORIENTED_EDGE('',*,*,#1559,.F.);
#1559 = EDGE_CURVE('',#1560,#1552,#1562,.T.);
#1560 = VERTEX_POINT('',#1561);
#1561 = CARTESIAN_POINT('',(1.165,1.15,-0.55));
#1562 = LINE('',#1563,#1564);
#1563 = CARTESIAN_POINT('',(1.165,1.15,-0.55));
#1564 = VECTOR('',#1565,1.);
#1565 = DIRECTION('',(-1.,2.22044604925E-16,-2.22044604925E-16));
#1566 = ORIENTED_EDGE('',*,*,#1567,.F.);
#1567 = EDGE_CURVE('',#1529,#1560,#1568,.T.);
#1568 = LINE('',#1569,#1570);
#1569 = CARTESIAN_POINT('',(1.165,1.15,-0.43));
#1570 = VECTOR('',#1571,1.);
#1571 = DIRECTION('',(2.22044604925E-16,-2.465190328816E-32,-1.));
#1572 = PLANE('',#1573);
#1573 = AXIS2_PLACEMENT_3D('',#1574,#1575,#1576);
#1574 = CARTESIAN_POINT('',(1.165,1.15,-0.43));
#1575 = DIRECTION('',(2.22044604925E-16,1.,2.465190328816E-32));
#1576 = DIRECTION('',(-2.22044604925E-16,2.465190328816E-32,1.));
#1577 = ADVANCED_FACE('',(#1578),#1603,.T.);
#1578 = FACE_BOUND('',#1579,.F.);
#1579 = EDGE_LOOP('',(#1580,#1581,#1589,#1597));
#1580 = ORIENTED_EDGE('',*,*,#1559,.T.);
#1581 = ORIENTED_EDGE('',*,*,#1582,.T.);
#1582 = EDGE_CURVE('',#1552,#1583,#1585,.T.);
#1583 = VERTEX_POINT('',#1584);
#1584 = CARTESIAN_POINT('',(0.735,0.81766822119,-0.55));
#1585 = LINE('',#1586,#1587);
#1586 = CARTESIAN_POINT('',(0.735,1.15,-0.55));
#1587 = VECTOR('',#1588,1.);
#1588 = DIRECTION('',(-2.22044604925E-16,-1.,-2.465190328816E-32));
#1589 = ORIENTED_EDGE('',*,*,#1590,.F.);
#1590 = EDGE_CURVE('',#1591,#1583,#1593,.T.);
#1591 = VERTEX_POINT('',#1592);
#1592 = CARTESIAN_POINT('',(1.165,0.81766822119,-0.55));
#1593 = LINE('',#1594,#1595);
#1594 = CARTESIAN_POINT('',(1.165,0.81766822119,-0.55));
#1595 = VECTOR('',#1596,1.);
#1596 = DIRECTION('',(-1.,2.22044604925E-16,-2.22044604925E-16));
#1597 = ORIENTED_EDGE('',*,*,#1598,.F.);
#1598 = EDGE_CURVE('',#1560,#1591,#1599,.T.);
#1599 = LINE('',#1600,#1601);
#1600 = CARTESIAN_POINT('',(1.165,1.15,-0.55));
#1601 = VECTOR('',#1602,1.);
#1602 = DIRECTION('',(-2.22044604925E-16,-1.,-2.465190328816E-32));
#1603 = PLANE('',#1604);
#1604 = AXIS2_PLACEMENT_3D('',#1605,#1606,#1607);
#1605 = CARTESIAN_POINT('',(1.165,1.15,-0.55));
#1606 = DIRECTION('',(2.22044604925E-16,-2.465190328816E-32,-1.));
#1607 = DIRECTION('',(2.22044604925E-16,1.,2.465190328816E-32));
#1608 = ADVANCED_FACE('',(#1609),#1627,.T.);
#1609 = FACE_BOUND('',#1610,.T.);
#1610 = EDGE_LOOP('',(#1611,#1612,#1619,#1620));
#1611 = ORIENTED_EDGE('',*,*,#1256,.T.);
#1612 = ORIENTED_EDGE('',*,*,#1613,.T.);
#1613 = EDGE_CURVE('',#1259,#1583,#1614,.T.);
#1614 = CIRCLE('',#1615,6.787762317333E-02);
#1615 = AXIS2_PLACEMENT_3D('',#1616,#1617,#1618);
#1616 = CARTESIAN_POINT('',(0.735,0.81766822119,-0.482122376827));
#1617 = DIRECTION('',(1.,-2.22044604925E-16,2.22044604925E-16));
#1618 = DIRECTION('',(2.22044604925E-16,1.,2.465190328816E-32));
#1619 = ORIENTED_EDGE('',*,*,#1590,.F.);
#1620 = ORIENTED_EDGE('',*,*,#1621,.F.);
#1621 = EDGE_CURVE('',#1257,#1591,#1622,.T.);
#1622 = CIRCLE('',#1623,6.787762317333E-02);
#1623 = AXIS2_PLACEMENT_3D('',#1624,#1625,#1626);
#1624 = CARTESIAN_POINT('',(1.165,0.81766822119,-0.482122376827));
#1625 = DIRECTION('',(1.,-2.22044604925E-16,2.22044604925E-16));
#1626 = DIRECTION('',(2.22044604925E-16,1.,2.465190328816E-32));
#1627 = CYLINDRICAL_SURFACE('',#1628,6.787762317333E-02);
#1628 = AXIS2_PLACEMENT_3D('',#1629,#1630,#1631);
#1629 = CARTESIAN_POINT('',(1.165,0.81766822119,-0.482122376827));
#1630 = DIRECTION('',(1.,-2.22044604925E-16,2.22044604925E-16));
#1631 = DIRECTION('',(2.22044604925E-16,1.,2.465190328816E-32));
#1632 = ADVANCED_FACE('',(#1633),#1647,.F.);
#1633 = FACE_BOUND('',#1634,.F.);
#1634 = EDGE_LOOP('',(#1635,#1636,#1637,#1638,#1639,#1640,#1641,#1642,
    #1643,#1644,#1645,#1646));
#1635 = ORIENTED_EDGE('',*,*,#1282,.T.);
#1636 = ORIENTED_EDGE('',*,*,#1314,.T.);
#1637 = ORIENTED_EDGE('',*,*,#1346,.T.);
#1638 = ORIENTED_EDGE('',*,*,#1377,.T.);
#1639 = ORIENTED_EDGE('',*,*,#1408,.T.);
#1640 = ORIENTED_EDGE('',*,*,#1440,.F.);
#1641 = ORIENTED_EDGE('',*,*,#1472,.T.);
#1642 = ORIENTED_EDGE('',*,*,#1504,.T.);
#1643 = ORIENTED_EDGE('',*,*,#1536,.T.);
#1644 = ORIENTED_EDGE('',*,*,#1567,.T.);
#1645 = ORIENTED_EDGE('',*,*,#1598,.T.);
#1646 = ORIENTED_EDGE('',*,*,#1621,.F.);
#1647 = PLANE('',#1648);
#1648 = AXIS2_PLACEMENT_3D('',#1649,#1650,#1651);
#1649 = CARTESIAN_POINT('',(1.165,0.823667683129,-0.253594321406));
#1650 = DIRECTION('',(-1.,2.22044604925E-16,-2.22044604925E-16));
#1651 = DIRECTION('',(2.22044604925E-16,-2.465190328816E-32,-1.));
#1652 = ADVANCED_FACE('',(#1653),#1667,.T.);
#1653 = FACE_BOUND('',#1654,.T.);
#1654 = EDGE_LOOP('',(#1655,#1656,#1657,#1658,#1659,#1660,#1661,#1662,
    #1663,#1664,#1665,#1666));
#1655 = ORIENTED_EDGE('',*,*,#1266,.T.);
#1656 = ORIENTED_EDGE('',*,*,#1297,.T.);
#1657 = ORIENTED_EDGE('',*,*,#1330,.T.);
#1658 = ORIENTED_EDGE('',*,*,#1361,.T.);
#1659 = ORIENTED_EDGE('',*,*,#1392,.T.);
#1660 = ORIENTED_EDGE('',*,*,#1432,.F.);
#1661 = ORIENTED_EDGE('',*,*,#1456,.T.);
#1662 = ORIENTED_EDGE('',*,*,#1487,.T.);
#1663 = ORIENTED_EDGE('',*,*,#1520,.T.);
#1664 = ORIENTED_EDGE('',*,*,#1551,.T.);
#1665 = ORIENTED_EDGE('',*,*,#1582,.T.);
#1666 = ORIENTED_EDGE('',*,*,#1613,.F.);
#1667 = PLANE('',#1668);
#1668 = AXIS2_PLACEMENT_3D('',#1669,#1670,#1671);
#1669 = CARTESIAN_POINT('',(0.735,0.823667683129,-0.253594321406));
#1670 = DIRECTION('',(-1.,2.22044604925E-16,-2.22044604925E-16));
#1671 = DIRECTION('',(2.22044604925E-16,-2.465190328816E-32,-1.));
#1672 = ( GEOMETRIC_REPRESENTATION_CONTEXT(3) 
GLOBAL_UNCERTAINTY_ASSIGNED_CONTEXT((#1676)) 
GLOBAL_UNIT_ASSIGNED_CONTEXT((#1673,#1674,#1675)) REPRESENTATION_CONTEXT
('Context #1','3D Context with UNIT and UNCERTAINTY') );
#1673 = ( LENGTH_UNIT() NAMED_UNIT(*) SI_UNIT(.MILLI.,.METRE.) );
#1674 = ( NAMED_UNIT(*) PLANE_ANGLE_UNIT() SI_UNIT($,.RADIAN.) );
#1675 = ( NAMED_UNIT(*) SI_UNIT($,.STERADIAN.) SOLID_ANGLE_UNIT() );
#1676 = UNCERTAINTY_MEASURE_WITH_UNIT(LENGTH_MEASURE(1.E-07),#1673,
  'distance_accuracy_value','confusion accuracy');
#1677 = CONTEXT_DEPENDENT_SHAPE_REPRESENTATION(#1678,#1680);
#1678 = ( REPRESENTATION_RELATIONSHIP('','',#405,#10) 
REPRESENTATION_RELATIONSHIP_WITH_TRANSFORMATION(#1679) 
SHAPE_REPRESENTATION_RELATIONSHIP() );
#1679 = ITEM_DEFINED_TRANSFORMATION('','',#11,#19);
#1680 = PRODUCT_DEFINITION_SHAPE('Placement','Placement of an item',
  #1681);
#1681 = NEXT_ASSEMBLY_USAGE_OCCURRENCE('2','PIN','',#5,#400,$);
#1682 = PRODUCT_RELATED_PRODUCT_CATEGORY('part',$,(#402));
#1683 = SHAPE_DEFINITION_REPRESENTATION(#1684,#1690);
#1684 = PRODUCT_DEFINITION_SHAPE('','',#1685);
#1685 = PRODUCT_DEFINITION('design','',#1686,#1689);
#1686 = PRODUCT_DEFINITION_FORMATION('','',#1687);
#1687 = PRODUCT('MultiTransform001','MultiTransform001','',(#1688));
#1688 = PRODUCT_CONTEXT('',#2,'mechanical');
#1689 = PRODUCT_DEFINITION_CONTEXT('part definition',#2,'design');
#1690 = SHAPE_REPRESENTATION('',(#11,#1691,#2113,#2535),#2957);
#1691 = MANIFOLD_SOLID_BREP('',#1692);
#1692 = CLOSED_SHELL('',(#1693,#1733,#1766,#1797,#1828,#1859,#1892,#1923
    ,#1956,#1987,#2018,#2049,#2073,#2093));
#1693 = ADVANCED_FACE('',(#1694),#1728,.T.);
#1694 = FACE_BOUND('',#1695,.T.);
#1695 = EDGE_LOOP('',(#1696,#1706,#1714,#1722));
#1696 = ORIENTED_EDGE('',*,*,#1697,.T.);
#1697 = EDGE_CURVE('',#1698,#1700,#1702,.T.);
#1698 = VERTEX_POINT('',#1699);
#1699 = CARTESIAN_POINT('',(-1.165,0.75,-0.487449999999));
#1700 = VERTEX_POINT('',#1701);
#1701 = CARTESIAN_POINT('',(-0.735,0.75,-0.487449999999));
#1702 = LINE('',#1703,#1704);
#1703 = CARTESIAN_POINT('',(-1.165,0.75,-0.487449999999));
#1704 = VECTOR('',#1705,1.);
#1705 = DIRECTION('',(1.,0.,0.));
#1706 = ORIENTED_EDGE('',*,*,#1707,.T.);
#1707 = EDGE_CURVE('',#1700,#1708,#1710,.T.);
#1708 = VERTEX_POINT('',#1709);
#1709 = CARTESIAN_POINT('',(-0.735,0.718121599999,-8.255000000109E-02));
#1710 = LINE('',#1711,#1712);
#1711 = CARTESIAN_POINT('',(-0.735,0.75,-0.487449999999));
#1712 = VECTOR('',#1713,1.);
#1713 = DIRECTION('',(0.,-7.848865241834E-02,0.99691500713));
#1714 = ORIENTED_EDGE('',*,*,#1715,.F.);
#1715 = EDGE_CURVE('',#1716,#1708,#1718,.T.);
#1716 = VERTEX_POINT('',#1717);
#1717 = CARTESIAN_POINT('',(-1.165,0.718121599999,-8.255000000109E-02));
#1718 = LINE('',#1719,#1720);
#1719 = CARTESIAN_POINT('',(-1.165,0.718121599999,-8.255000000109E-02));
#1720 = VECTOR('',#1721,1.);
#1721 = DIRECTION('',(1.,0.,0.));
#1722 = ORIENTED_EDGE('',*,*,#1723,.F.);
#1723 = EDGE_CURVE('',#1698,#1716,#1724,.T.);
#1724 = LINE('',#1725,#1726);
#1725 = CARTESIAN_POINT('',(-1.165,0.75,-0.487449999999));
#1726 = VECTOR('',#1727,1.);
#1727 = DIRECTION('',(0.,-7.848865241834E-02,0.99691500713));
#1728 = PLANE('',#1729);
#1729 = AXIS2_PLACEMENT_3D('',#1730,#1731,#1732);
#1730 = CARTESIAN_POINT('',(-1.165,0.75,-0.487449999999));
#1731 = DIRECTION('',(0.,-0.99691500713,-7.848865241834E-02));
#1732 = DIRECTION('',(0.,-7.848865241834E-02,0.99691500713));
#1733 = ADVANCED_FACE('',(#1734),#1761,.F.);
#1734 = FACE_BOUND('',#1735,.T.);
#1735 = EDGE_LOOP('',(#1736,#1737,#1746,#1754));
#1736 = ORIENTED_EDGE('',*,*,#1715,.T.);
#1737 = ORIENTED_EDGE('',*,*,#1738,.T.);
#1738 = EDGE_CURVE('',#1708,#1739,#1741,.T.);
#1739 = VERTEX_POINT('',#1740);
#1740 = CARTESIAN_POINT('',(-0.735,0.650453378809,-2.E-02));
#1741 = CIRCLE('',#1742,6.787762317333E-02);
#1742 = AXIS2_PLACEMENT_3D('',#1743,#1744,#1745);
#1743 = CARTESIAN_POINT('',(-0.735,0.650453378809,-8.787762317333E-02));
#1744 = DIRECTION('',(1.,0.,0.));
#1745 = DIRECTION('',(0.,1.,0.));
#1746 = ORIENTED_EDGE('',*,*,#1747,.F.);
#1747 = EDGE_CURVE('',#1748,#1739,#1750,.T.);
#1748 = VERTEX_POINT('',#1749);
#1749 = CARTESIAN_POINT('',(-1.165,0.650453378809,-2.E-02));
#1750 = LINE('',#1751,#1752);
#1751 = CARTESIAN_POINT('',(-1.165,0.650453378809,-2.E-02));
#1752 = VECTOR('',#1753,1.);
#1753 = DIRECTION('',(1.,0.,0.));
#1754 = ORIENTED_EDGE('',*,*,#1755,.F.);
#1755 = EDGE_CURVE('',#1716,#1748,#1756,.T.);
#1756 = CIRCLE('',#1757,6.787762317333E-02);
#1757 = AXIS2_PLACEMENT_3D('',#1758,#1759,#1760);
#1758 = CARTESIAN_POINT('',(-1.165,0.650453378809,-8.787762317333E-02));
#1759 = DIRECTION('',(1.,0.,0.));
#1760 = DIRECTION('',(0.,1.,0.));
#1761 = CYLINDRICAL_SURFACE('',#1762,6.787762317333E-02);
#1762 = AXIS2_PLACEMENT_3D('',#1763,#1764,#1765);
#1763 = CARTESIAN_POINT('',(-1.165,0.650453378809,-8.787762317333E-02));
#1764 = DIRECTION('',(-1.,-0.,-0.));
#1765 = DIRECTION('',(0.,1.,0.));
#1766 = ADVANCED_FACE('',(#1767),#1792,.T.);
#1767 = FACE_BOUND('',#1768,.T.);
#1768 = EDGE_LOOP('',(#1769,#1770,#1778,#1786));
#1769 = ORIENTED_EDGE('',*,*,#1747,.T.);
#1770 = ORIENTED_EDGE('',*,*,#1771,.T.);
#1771 = EDGE_CURVE('',#1739,#1772,#1774,.T.);
#1772 = VERTEX_POINT('',#1773);
#1773 = CARTESIAN_POINT('',(-0.735,0.499324,-2.E-02));
#1774 = LINE('',#1775,#1776);
#1775 = CARTESIAN_POINT('',(-0.735,0.650453378809,-2.E-02));
#1776 = VECTOR('',#1777,1.);
#1777 = DIRECTION('',(0.,-1.,0.));
#1778 = ORIENTED_EDGE('',*,*,#1779,.F.);
#1779 = EDGE_CURVE('',#1780,#1772,#1782,.T.);
#1780 = VERTEX_POINT('',#1781);
#1781 = CARTESIAN_POINT('',(-1.165,0.499324,-2.E-02));
#1782 = LINE('',#1783,#1784);
#1783 = CARTESIAN_POINT('',(-1.165,0.499324,-2.E-02));
#1784 = VECTOR('',#1785,1.);
#1785 = DIRECTION('',(1.,0.,0.));
#1786 = ORIENTED_EDGE('',*,*,#1787,.F.);
#1787 = EDGE_CURVE('',#1748,#1780,#1788,.T.);
#1788 = LINE('',#1789,#1790);
#1789 = CARTESIAN_POINT('',(-1.165,0.650453378809,-2.E-02));
#1790 = VECTOR('',#1791,1.);
#1791 = DIRECTION('',(0.,-1.,0.));
#1792 = PLANE('',#1793);
#1793 = AXIS2_PLACEMENT_3D('',#1794,#1795,#1796);
#1794 = CARTESIAN_POINT('',(-1.165,0.650453378809,-2.E-02));
#1795 = DIRECTION('',(0.,0.,-1.));
#1796 = DIRECTION('',(0.,-1.,0.));
#1797 = ADVANCED_FACE('',(#1798),#1823,.T.);
#1798 = FACE_BOUND('',#1799,.T.);
#1799 = EDGE_LOOP('',(#1800,#1801,#1809,#1817));
#1800 = ORIENTED_EDGE('',*,*,#1779,.T.);
#1801 = ORIENTED_EDGE('',*,*,#1802,.T.);
#1802 = EDGE_CURVE('',#1772,#1803,#1805,.T.);
#1803 = VERTEX_POINT('',#1804);
#1804 = CARTESIAN_POINT('',(-0.735,0.65,0.1));
#1805 = LINE('',#1806,#1807);
#1806 = CARTESIAN_POINT('',(-0.735,0.499324,-2.E-02));
#1807 = VECTOR('',#1808,1.);
#1808 = DIRECTION('',(0.,0.782236479438,0.622981613081));
#1809 = ORIENTED_EDGE('',*,*,#1810,.F.);
#1810 = EDGE_CURVE('',#1811,#1803,#1813,.T.);
#1811 = VERTEX_POINT('',#1812);
#1812 = CARTESIAN_POINT('',(-1.165,0.65,0.1));
#1813 = LINE('',#1814,#1815);
#1814 = CARTESIAN_POINT('',(-1.165,0.65,0.1));
#1815 = VECTOR('',#1816,1.);
#1816 = DIRECTION('',(1.,0.,0.));
#1817 = ORIENTED_EDGE('',*,*,#1818,.F.);
#1818 = EDGE_CURVE('',#1780,#1811,#1819,.T.);
#1819 = LINE('',#1820,#1821);
#1820 = CARTESIAN_POINT('',(-1.165,0.499324,-2.E-02));
#1821 = VECTOR('',#1822,1.);
#1822 = DIRECTION('',(0.,0.782236479438,0.622981613081));
#1823 = PLANE('',#1824);
#1824 = AXIS2_PLACEMENT_3D('',#1825,#1826,#1827);
#1825 = CARTESIAN_POINT('',(-1.165,0.499324,-2.E-02));
#1826 = DIRECTION('',(0.,-0.622981613081,0.782236479438));
#1827 = DIRECTION('',(0.,0.782236479438,0.622981613081));
#1828 = ADVANCED_FACE('',(#1829),#1854,.T.);
#1829 = FACE_BOUND('',#1830,.T.);
#1830 = EDGE_LOOP('',(#1831,#1832,#1840,#1848));
#1831 = ORIENTED_EDGE('',*,*,#1810,.T.);
#1832 = ORIENTED_EDGE('',*,*,#1833,.T.);
#1833 = EDGE_CURVE('',#1803,#1834,#1836,.T.);
#1834 = VERTEX_POINT('',#1835);
#1835 = CARTESIAN_POINT('',(-0.735,0.761376938911,0.1));
#1836 = LINE('',#1837,#1838);
#1837 = CARTESIAN_POINT('',(-0.735,0.65,0.1));
#1838 = VECTOR('',#1839,1.);
#1839 = DIRECTION('',(0.,1.,-1.246019862233E-16));
#1840 = ORIENTED_EDGE('',*,*,#1841,.F.);
#1841 = EDGE_CURVE('',#1842,#1834,#1844,.T.);
#1842 = VERTEX_POINT('',#1843);
#1843 = CARTESIAN_POINT('',(-1.165,0.761376938911,0.1));
#1844 = LINE('',#1845,#1846);
#1845 = CARTESIAN_POINT('',(-1.165,0.761376938911,0.1));
#1846 = VECTOR('',#1847,1.);
#1847 = DIRECTION('',(1.,0.,0.));
#1848 = ORIENTED_EDGE('',*,*,#1849,.F.);
#1849 = EDGE_CURVE('',#1811,#1842,#1850,.T.);
#1850 = LINE('',#1851,#1852);
#1851 = CARTESIAN_POINT('',(-1.165,0.65,0.1));
#1852 = VECTOR('',#1853,1.);
#1853 = DIRECTION('',(0.,1.,-1.246019862233E-16));
#1854 = PLANE('',#1855);
#1855 = AXIS2_PLACEMENT_3D('',#1856,#1857,#1858);
#1856 = CARTESIAN_POINT('',(-1.165,0.65,0.1));
#1857 = DIRECTION('',(0.,1.246019862233E-16,1.));
#1858 = DIRECTION('',(0.,1.,-1.246019862233E-16));
#1859 = ADVANCED_FACE('',(#1860),#1887,.T.);
#1860 = FACE_BOUND('',#1861,.F.);
#1861 = EDGE_LOOP('',(#1862,#1872,#1879,#1880));
#1862 = ORIENTED_EDGE('',*,*,#1863,.T.);
#1863 = EDGE_CURVE('',#1864,#1866,#1868,.T.);
#1864 = VERTEX_POINT('',#1865);
#1865 = CARTESIAN_POINT('',(-1.165,0.829045160101,3.744999999891E-02));
#1866 = VERTEX_POINT('',#1867);
#1867 = CARTESIAN_POINT('',(-0.735,0.829045160101,3.744999999891E-02));
#1868 = LINE('',#1869,#1870);
#1869 = CARTESIAN_POINT('',(-1.165,0.829045160101,3.744999999891E-02));
#1870 = VECTOR('',#1871,1.);
#1871 = DIRECTION('',(1.,0.,0.));
#1872 = ORIENTED_EDGE('',*,*,#1873,.T.);
#1873 = EDGE_CURVE('',#1866,#1834,#1874,.T.);
#1874 = CIRCLE('',#1875,6.787762317333E-02);
#1875 = AXIS2_PLACEMENT_3D('',#1876,#1877,#1878);
#1876 = CARTESIAN_POINT('',(-0.735,0.761376938911,3.212237682667E-02));
#1877 = DIRECTION('',(1.,0.,0.));
#1878 = DIRECTION('',(0.,1.,0.));
#1879 = ORIENTED_EDGE('',*,*,#1841,.F.);
#1880 = ORIENTED_EDGE('',*,*,#1881,.F.);
#1881 = EDGE_CURVE('',#1864,#1842,#1882,.T.);
#1882 = CIRCLE('',#1883,6.787762317333E-02);
#1883 = AXIS2_PLACEMENT_3D('',#1884,#1885,#1886);
#1884 = CARTESIAN_POINT('',(-1.165,0.761376938911,3.212237682667E-02));
#1885 = DIRECTION('',(1.,0.,0.));
#1886 = DIRECTION('',(0.,1.,0.));
#1887 = CYLINDRICAL_SURFACE('',#1888,6.787762317333E-02);
#1888 = AXIS2_PLACEMENT_3D('',#1889,#1890,#1891);
#1889 = CARTESIAN_POINT('',(-1.165,0.761376938911,3.212237682667E-02));
#1890 = DIRECTION('',(-1.,-0.,-0.));
#1891 = DIRECTION('',(0.,1.,0.));
#1892 = ADVANCED_FACE('',(#1893),#1918,.T.);
#1893 = FACE_BOUND('',#1894,.T.);
#1894 = EDGE_LOOP('',(#1895,#1896,#1904,#1912));
#1895 = ORIENTED_EDGE('',*,*,#1863,.T.);
#1896 = ORIENTED_EDGE('',*,*,#1897,.T.);
#1897 = EDGE_CURVE('',#1866,#1898,#1900,.T.);
#1898 = VERTEX_POINT('',#1899);
#1899 = CARTESIAN_POINT('',(-0.735,0.860923560102,-0.367449999999));
#1900 = LINE('',#1901,#1902);
#1901 = CARTESIAN_POINT('',(-0.735,0.829045160101,3.744999999891E-02));
#1902 = VECTOR('',#1903,1.);
#1903 = DIRECTION('',(0.,7.848865241834E-02,-0.99691500713));
#1904 = ORIENTED_EDGE('',*,*,#1905,.F.);
#1905 = EDGE_CURVE('',#1906,#1898,#1908,.T.);
#1906 = VERTEX_POINT('',#1907);
#1907 = CARTESIAN_POINT('',(-1.165,0.860923560102,-0.367449999999));
#1908 = LINE('',#1909,#1910);
#1909 = CARTESIAN_POINT('',(-1.165,0.860923560102,-0.367449999999));
#1910 = VECTOR('',#1911,1.);
#1911 = DIRECTION('',(1.,0.,0.));
#1912 = ORIENTED_EDGE('',*,*,#1913,.F.);
#1913 = EDGE_CURVE('',#1864,#1906,#1914,.T.);
#1914 = LINE('',#1915,#1916);
#1915 = CARTESIAN_POINT('',(-1.165,0.829045160101,3.744999999891E-02));
#1916 = VECTOR('',#1917,1.);
#1917 = DIRECTION('',(0.,7.848865241834E-02,-0.99691500713));
#1918 = PLANE('',#1919);
#1919 = AXIS2_PLACEMENT_3D('',#1920,#1921,#1922);
#1920 = CARTESIAN_POINT('',(-1.165,0.829045160101,3.744999999891E-02));
#1921 = DIRECTION('',(0.,0.99691500713,7.848865241834E-02));
#1922 = DIRECTION('',(0.,7.848865241834E-02,-0.99691500713));
#1923 = ADVANCED_FACE('',(#1924),#1951,.F.);
#1924 = FACE_BOUND('',#1925,.T.);
#1925 = EDGE_LOOP('',(#1926,#1927,#1936,#1944));
#1926 = ORIENTED_EDGE('',*,*,#1905,.T.);
#1927 = ORIENTED_EDGE('',*,*,#1928,.T.);
#1928 = EDGE_CURVE('',#1898,#1929,#1931,.T.);
#1929 = VERTEX_POINT('',#1930);
#1930 = CARTESIAN_POINT('',(-0.735,0.928591781292,-0.43));
#1931 = CIRCLE('',#1932,6.787762317333E-02);
#1932 = AXIS2_PLACEMENT_3D('',#1933,#1934,#1935);
#1933 = CARTESIAN_POINT('',(-0.735,0.928591781292,-0.362122376827));
#1934 = DIRECTION('',(1.,0.,0.));
#1935 = DIRECTION('',(0.,1.,0.));
#1936 = ORIENTED_EDGE('',*,*,#1937,.F.);
#1937 = EDGE_CURVE('',#1938,#1929,#1940,.T.);
#1938 = VERTEX_POINT('',#1939);
#1939 = CARTESIAN_POINT('',(-1.165,0.928591781292,-0.43));
#1940 = LINE('',#1941,#1942);
#1941 = CARTESIAN_POINT('',(-1.165,0.928591781292,-0.43));
#1942 = VECTOR('',#1943,1.);
#1943 = DIRECTION('',(1.,0.,0.));
#1944 = ORIENTED_EDGE('',*,*,#1945,.F.);
#1945 = EDGE_CURVE('',#1906,#1938,#1946,.T.);
#1946 = CIRCLE('',#1947,6.787762317333E-02);
#1947 = AXIS2_PLACEMENT_3D('',#1948,#1949,#1950);
#1948 = CARTESIAN_POINT('',(-1.165,0.928591781292,-0.362122376827));
#1949 = DIRECTION('',(1.,0.,0.));
#1950 = DIRECTION('',(0.,1.,0.));
#1951 = CYLINDRICAL_SURFACE('',#1952,6.787762317333E-02);
#1952 = AXIS2_PLACEMENT_3D('',#1953,#1954,#1955);
#1953 = CARTESIAN_POINT('',(-1.165,0.928591781292,-0.362122376827));
#1954 = DIRECTION('',(-1.,-0.,-0.));
#1955 = DIRECTION('',(0.,1.,0.));
#1956 = ADVANCED_FACE('',(#1957),#1982,.T.);
#1957 = FACE_BOUND('',#1958,.T.);
#1958 = EDGE_LOOP('',(#1959,#1960,#1968,#1976));
#1959 = ORIENTED_EDGE('',*,*,#1937,.T.);
#1960 = ORIENTED_EDGE('',*,*,#1961,.T.);
#1961 = EDGE_CURVE('',#1929,#1962,#1964,.T.);
#1962 = VERTEX_POINT('',#1963);
#1963 = CARTESIAN_POINT('',(-0.735,1.15,-0.43));
#1964 = LINE('',#1965,#1966);
#1965 = CARTESIAN_POINT('',(-0.735,0.928591781292,-0.43));
#1966 = VECTOR('',#1967,1.);
#1967 = DIRECTION('',(0.,1.,0.));
#1968 = ORIENTED_EDGE('',*,*,#1969,.F.);
#1969 = EDGE_CURVE('',#1970,#1962,#1972,.T.);
#1970 = VERTEX_POINT('',#1971);
#1971 = CARTESIAN_POINT('',(-1.165,1.15,-0.43));
#1972 = LINE('',#1973,#1974);
#1973 = CARTESIAN_POINT('',(-1.165,1.15,-0.43));
#1974 = VECTOR('',#1975,1.);
#1975 = DIRECTION('',(1.,0.,0.));
#1976 = ORIENTED_EDGE('',*,*,#1977,.F.);
#1977 = EDGE_CURVE('',#1938,#1970,#1978,.T.);
#1978 = LINE('',#1979,#1980);
#1979 = CARTESIAN_POINT('',(-1.165,0.928591781292,-0.43));
#1980 = VECTOR('',#1981,1.);
#1981 = DIRECTION('',(0.,1.,0.));
#1982 = PLANE('',#1983);
#1983 = AXIS2_PLACEMENT_3D('',#1984,#1985,#1986);
#1984 = CARTESIAN_POINT('',(-1.165,0.928591781292,-0.43));
#1985 = DIRECTION('',(0.,0.,1.));
#1986 = DIRECTION('',(0.,1.,0.));
#1987 = ADVANCED_FACE('',(#1988),#2013,.T.);
#1988 = FACE_BOUND('',#1989,.T.);
#1989 = EDGE_LOOP('',(#1990,#1991,#1999,#2007));
#1990 = ORIENTED_EDGE('',*,*,#1969,.T.);
#1991 = ORIENTED_EDGE('',*,*,#1992,.T.);
#1992 = EDGE_CURVE('',#1962,#1993,#1995,.T.);
#1993 = VERTEX_POINT('',#1994);
#1994 = CARTESIAN_POINT('',(-0.735,1.15,-0.55));
#1995 = LINE('',#1996,#1997);
#1996 = CARTESIAN_POINT('',(-0.735,1.15,-0.43));
#1997 = VECTOR('',#1998,1.);
#1998 = DIRECTION('',(0.,0.,-1.));
#1999 = ORIENTED_EDGE('',*,*,#2000,.F.);
#2000 = EDGE_CURVE('',#2001,#1993,#2003,.T.);
#2001 = VERTEX_POINT('',#2002);
#2002 = CARTESIAN_POINT('',(-1.165,1.15,-0.55));
#2003 = LINE('',#2004,#2005);
#2004 = CARTESIAN_POINT('',(-1.165,1.15,-0.55));
#2005 = VECTOR('',#2006,1.);
#2006 = DIRECTION('',(1.,0.,0.));
#2007 = ORIENTED_EDGE('',*,*,#2008,.F.);
#2008 = EDGE_CURVE('',#1970,#2001,#2009,.T.);
#2009 = LINE('',#2010,#2011);
#2010 = CARTESIAN_POINT('',(-1.165,1.15,-0.43));
#2011 = VECTOR('',#2012,1.);
#2012 = DIRECTION('',(0.,0.,-1.));
#2013 = PLANE('',#2014);
#2014 = AXIS2_PLACEMENT_3D('',#2015,#2016,#2017);
#2015 = CARTESIAN_POINT('',(-1.165,1.15,-0.43));
#2016 = DIRECTION('',(0.,1.,0.));
#2017 = DIRECTION('',(0.,0.,-1.));
#2018 = ADVANCED_FACE('',(#2019),#2044,.T.);
#2019 = FACE_BOUND('',#2020,.T.);
#2020 = EDGE_LOOP('',(#2021,#2022,#2030,#2038));
#2021 = ORIENTED_EDGE('',*,*,#2000,.T.);
#2022 = ORIENTED_EDGE('',*,*,#2023,.T.);
#2023 = EDGE_CURVE('',#1993,#2024,#2026,.T.);
#2024 = VERTEX_POINT('',#2025);
#2025 = CARTESIAN_POINT('',(-0.735,0.81766822119,-0.55));
#2026 = LINE('',#2027,#2028);
#2027 = CARTESIAN_POINT('',(-0.735,1.15,-0.55));
#2028 = VECTOR('',#2029,1.);
#2029 = DIRECTION('',(0.,-1.,0.));
#2030 = ORIENTED_EDGE('',*,*,#2031,.F.);
#2031 = EDGE_CURVE('',#2032,#2024,#2034,.T.);
#2032 = VERTEX_POINT('',#2033);
#2033 = CARTESIAN_POINT('',(-1.165,0.81766822119,-0.55));
#2034 = LINE('',#2035,#2036);
#2035 = CARTESIAN_POINT('',(-1.165,0.81766822119,-0.55));
#2036 = VECTOR('',#2037,1.);
#2037 = DIRECTION('',(1.,0.,0.));
#2038 = ORIENTED_EDGE('',*,*,#2039,.F.);
#2039 = EDGE_CURVE('',#2001,#2032,#2040,.T.);
#2040 = LINE('',#2041,#2042);
#2041 = CARTESIAN_POINT('',(-1.165,1.15,-0.55));
#2042 = VECTOR('',#2043,1.);
#2043 = DIRECTION('',(0.,-1.,0.));
#2044 = PLANE('',#2045);
#2045 = AXIS2_PLACEMENT_3D('',#2046,#2047,#2048);
#2046 = CARTESIAN_POINT('',(-1.165,1.15,-0.55));
#2047 = DIRECTION('',(0.,0.,-1.));
#2048 = DIRECTION('',(0.,-1.,0.));
#2049 = ADVANCED_FACE('',(#2050),#2068,.T.);
#2050 = FACE_BOUND('',#2051,.F.);
#2051 = EDGE_LOOP('',(#2052,#2053,#2060,#2061));
#2052 = ORIENTED_EDGE('',*,*,#1697,.T.);
#2053 = ORIENTED_EDGE('',*,*,#2054,.T.);
#2054 = EDGE_CURVE('',#1700,#2024,#2055,.T.);
#2055 = CIRCLE('',#2056,6.787762317333E-02);
#2056 = AXIS2_PLACEMENT_3D('',#2057,#2058,#2059);
#2057 = CARTESIAN_POINT('',(-0.735,0.81766822119,-0.482122376827));
#2058 = DIRECTION('',(1.,0.,0.));
#2059 = DIRECTION('',(0.,1.,0.));
#2060 = ORIENTED_EDGE('',*,*,#2031,.F.);
#2061 = ORIENTED_EDGE('',*,*,#2062,.F.);
#2062 = EDGE_CURVE('',#1698,#2032,#2063,.T.);
#2063 = CIRCLE('',#2064,6.787762317333E-02);
#2064 = AXIS2_PLACEMENT_3D('',#2065,#2066,#2067);
#2065 = CARTESIAN_POINT('',(-1.165,0.81766822119,-0.482122376827));
#2066 = DIRECTION('',(1.,0.,0.));
#2067 = DIRECTION('',(0.,1.,0.));
#2068 = CYLINDRICAL_SURFACE('',#2069,6.787762317333E-02);
#2069 = AXIS2_PLACEMENT_3D('',#2070,#2071,#2072);
#2070 = CARTESIAN_POINT('',(-1.165,0.81766822119,-0.482122376827));
#2071 = DIRECTION('',(-1.,-0.,-0.));
#2072 = DIRECTION('',(0.,1.,0.));
#2073 = ADVANCED_FACE('',(#2074),#2088,.F.);
#2074 = FACE_BOUND('',#2075,.T.);
#2075 = EDGE_LOOP('',(#2076,#2077,#2078,#2079,#2080,#2081,#2082,#2083,
    #2084,#2085,#2086,#2087));
#2076 = ORIENTED_EDGE('',*,*,#1723,.T.);
#2077 = ORIENTED_EDGE('',*,*,#1755,.T.);
#2078 = ORIENTED_EDGE('',*,*,#1787,.T.);
#2079 = ORIENTED_EDGE('',*,*,#1818,.T.);
#2080 = ORIENTED_EDGE('',*,*,#1849,.T.);
#2081 = ORIENTED_EDGE('',*,*,#1881,.F.);
#2082 = ORIENTED_EDGE('',*,*,#1913,.T.);
#2083 = ORIENTED_EDGE('',*,*,#1945,.T.);
#2084 = ORIENTED_EDGE('',*,*,#1977,.T.);
#2085 = ORIENTED_EDGE('',*,*,#2008,.T.);
#2086 = ORIENTED_EDGE('',*,*,#2039,.T.);
#2087 = ORIENTED_EDGE('',*,*,#2062,.F.);
#2088 = PLANE('',#2089);
#2089 = AXIS2_PLACEMENT_3D('',#2090,#2091,#2092);
#2090 = CARTESIAN_POINT('',(-1.165,0.823667683129,-0.253594321406));
#2091 = DIRECTION('',(1.,0.,0.));
#2092 = DIRECTION('',(0.,0.,1.));
#2093 = ADVANCED_FACE('',(#2094),#2108,.T.);
#2094 = FACE_BOUND('',#2095,.F.);
#2095 = EDGE_LOOP('',(#2096,#2097,#2098,#2099,#2100,#2101,#2102,#2103,
    #2104,#2105,#2106,#2107));
#2096 = ORIENTED_EDGE('',*,*,#1707,.T.);
#2097 = ORIENTED_EDGE('',*,*,#1738,.T.);
#2098 = ORIENTED_EDGE('',*,*,#1771,.T.);
#2099 = ORIENTED_EDGE('',*,*,#1802,.T.);
#2100 = ORIENTED_EDGE('',*,*,#1833,.T.);
#2101 = ORIENTED_EDGE('',*,*,#1873,.F.);
#2102 = ORIENTED_EDGE('',*,*,#1897,.T.);
#2103 = ORIENTED_EDGE('',*,*,#1928,.T.);
#2104 = ORIENTED_EDGE('',*,*,#1961,.T.);
#2105 = ORIENTED_EDGE('',*,*,#1992,.T.);
#2106 = ORIENTED_EDGE('',*,*,#2023,.T.);
#2107 = ORIENTED_EDGE('',*,*,#2054,.F.);
#2108 = PLANE('',#2109);
#2109 = AXIS2_PLACEMENT_3D('',#2110,#2111,#2112);
#2110 = CARTESIAN_POINT('',(-0.735,0.823667683129,-0.253594321406));
#2111 = DIRECTION('',(1.,0.,0.));
#2112 = DIRECTION('',(0.,0.,1.));
#2113 = MANIFOLD_SOLID_BREP('',#2114);
#2114 = CLOSED_SHELL('',(#2115,#2155,#2188,#2219,#2250,#2281,#2314,#2345
    ,#2378,#2409,#2440,#2471,#2495,#2515));
#2115 = ADVANCED_FACE('',(#2116),#2150,.T.);
#2116 = FACE_BOUND('',#2117,.F.);
#2117 = EDGE_LOOP('',(#2118,#2128,#2136,#2144));
#2118 = ORIENTED_EDGE('',*,*,#2119,.T.);
#2119 = EDGE_CURVE('',#2120,#2122,#2124,.T.);
#2120 = VERTEX_POINT('',#2121);
#2121 = CARTESIAN_POINT('',(-1.165,-0.75,-0.487449999999));
#2122 = VERTEX_POINT('',#2123);
#2123 = CARTESIAN_POINT('',(-0.735,-0.75,-0.487449999999));
#2124 = LINE('',#2125,#2126);
#2125 = CARTESIAN_POINT('',(-1.165,-0.75,-0.487449999999));
#2126 = VECTOR('',#2127,1.);
#2127 = DIRECTION('',(1.,0.,0.));
#2128 = ORIENTED_EDGE('',*,*,#2129,.T.);
#2129 = EDGE_CURVE('',#2122,#2130,#2132,.T.);
#2130 = VERTEX_POINT('',#2131);
#2131 = CARTESIAN_POINT('',(-0.735,-0.718121599999,-8.255000000109E-02)
  );
#2132 = LINE('',#2133,#2134);
#2133 = CARTESIAN_POINT('',(-0.735,-0.75,-0.487449999999));
#2134 = VECTOR('',#2135,1.);
#2135 = DIRECTION('',(0.,7.848865241834E-02,0.99691500713));
#2136 = ORIENTED_EDGE('',*,*,#2137,.F.);
#2137 = EDGE_CURVE('',#2138,#2130,#2140,.T.);
#2138 = VERTEX_POINT('',#2139);
#2139 = CARTESIAN_POINT('',(-1.165,-0.718121599999,-8.255000000109E-02)
  );
#2140 = LINE('',#2141,#2142);
#2141 = CARTESIAN_POINT('',(-1.165,-0.718121599999,-8.255000000109E-02)
  );
#2142 = VECTOR('',#2143,1.);
#2143 = DIRECTION('',(1.,0.,0.));
#2144 = ORIENTED_EDGE('',*,*,#2145,.F.);
#2145 = EDGE_CURVE('',#2120,#2138,#2146,.T.);
#2146 = LINE('',#2147,#2148);
#2147 = CARTESIAN_POINT('',(-1.165,-0.75,-0.487449999999));
#2148 = VECTOR('',#2149,1.);
#2149 = DIRECTION('',(0.,7.848865241834E-02,0.99691500713));
#2150 = PLANE('',#2151);
#2151 = AXIS2_PLACEMENT_3D('',#2152,#2153,#2154);
#2152 = CARTESIAN_POINT('',(-1.165,-0.75,-0.487449999999));
#2153 = DIRECTION('',(0.,0.99691500713,-7.848865241834E-02));
#2154 = DIRECTION('',(0.,-7.848865241834E-02,-0.99691500713));
#2155 = ADVANCED_FACE('',(#2156),#2183,.F.);
#2156 = FACE_BOUND('',#2157,.F.);
#2157 = EDGE_LOOP('',(#2158,#2159,#2168,#2176));
#2158 = ORIENTED_EDGE('',*,*,#2137,.T.);
#2159 = ORIENTED_EDGE('',*,*,#2160,.T.);
#2160 = EDGE_CURVE('',#2130,#2161,#2163,.T.);
#2161 = VERTEX_POINT('',#2162);
#2162 = CARTESIAN_POINT('',(-0.735,-0.650453378809,-2.E-02));
#2163 = CIRCLE('',#2164,6.787762317333E-02);
#2164 = AXIS2_PLACEMENT_3D('',#2165,#2166,#2167);
#2165 = CARTESIAN_POINT('',(-0.735,-0.650453378809,-8.787762317333E-02)
  );
#2166 = DIRECTION('',(-1.,0.,0.));
#2167 = DIRECTION('',(-0.,-1.,-0.));
#2168 = ORIENTED_EDGE('',*,*,#2169,.F.);
#2169 = EDGE_CURVE('',#2170,#2161,#2172,.T.);
#2170 = VERTEX_POINT('',#2171);
#2171 = CARTESIAN_POINT('',(-1.165,-0.650453378809,-2.E-02));
#2172 = LINE('',#2173,#2174);
#2173 = CARTESIAN_POINT('',(-1.165,-0.650453378809,-2.E-02));
#2174 = VECTOR('',#2175,1.);
#2175 = DIRECTION('',(1.,0.,0.));
#2176 = ORIENTED_EDGE('',*,*,#2177,.F.);
#2177 = EDGE_CURVE('',#2138,#2170,#2178,.T.);
#2178 = CIRCLE('',#2179,6.787762317333E-02);
#2179 = AXIS2_PLACEMENT_3D('',#2180,#2181,#2182);
#2180 = CARTESIAN_POINT('',(-1.165,-0.650453378809,-8.787762317333E-02)
  );
#2181 = DIRECTION('',(-1.,0.,0.));
#2182 = DIRECTION('',(-0.,-1.,-0.));
#2183 = CYLINDRICAL_SURFACE('',#2184,6.787762317333E-02);
#2184 = AXIS2_PLACEMENT_3D('',#2185,#2186,#2187);
#2185 = CARTESIAN_POINT('',(-1.165,-0.650453378809,-8.787762317333E-02)
  );
#2186 = DIRECTION('',(-1.,0.,0.));
#2187 = DIRECTION('',(-0.,-1.,-0.));
#2188 = ADVANCED_FACE('',(#2189),#2214,.T.);
#2189 = FACE_BOUND('',#2190,.F.);
#2190 = EDGE_LOOP('',(#2191,#2192,#2200,#2208));
#2191 = ORIENTED_EDGE('',*,*,#2169,.T.);
#2192 = ORIENTED_EDGE('',*,*,#2193,.T.);
#2193 = EDGE_CURVE('',#2161,#2194,#2196,.T.);
#2194 = VERTEX_POINT('',#2195);
#2195 = CARTESIAN_POINT('',(-0.735,-0.499324,-2.E-02));
#2196 = LINE('',#2197,#2198);
#2197 = CARTESIAN_POINT('',(-0.735,-0.650453378809,-2.E-02));
#2198 = VECTOR('',#2199,1.);
#2199 = DIRECTION('',(0.,1.,0.));
#2200 = ORIENTED_EDGE('',*,*,#2201,.F.);
#2201 = EDGE_CURVE('',#2202,#2194,#2204,.T.);
#2202 = VERTEX_POINT('',#2203);
#2203 = CARTESIAN_POINT('',(-1.165,-0.499324,-2.E-02));
#2204 = LINE('',#2205,#2206);
#2205 = CARTESIAN_POINT('',(-1.165,-0.499324,-2.E-02));
#2206 = VECTOR('',#2207,1.);
#2207 = DIRECTION('',(1.,0.,0.));
#2208 = ORIENTED_EDGE('',*,*,#2209,.F.);
#2209 = EDGE_CURVE('',#2170,#2202,#2210,.T.);
#2210 = LINE('',#2211,#2212);
#2211 = CARTESIAN_POINT('',(-1.165,-0.650453378809,-2.E-02));
#2212 = VECTOR('',#2213,1.);
#2213 = DIRECTION('',(0.,1.,0.));
#2214 = PLANE('',#2215);
#2215 = AXIS2_PLACEMENT_3D('',#2216,#2217,#2218);
#2216 = CARTESIAN_POINT('',(-1.165,-0.650453378809,-2.E-02));
#2217 = DIRECTION('',(-0.,-0.,-1.));
#2218 = DIRECTION('',(0.,-1.,0.));
#2219 = ADVANCED_FACE('',(#2220),#2245,.T.);
#2220 = FACE_BOUND('',#2221,.F.);
#2221 = EDGE_LOOP('',(#2222,#2223,#2231,#2239));
#2222 = ORIENTED_EDGE('',*,*,#2201,.T.);
#2223 = ORIENTED_EDGE('',*,*,#2224,.T.);
#2224 = EDGE_CURVE('',#2194,#2225,#2227,.T.);
#2225 = VERTEX_POINT('',#2226);
#2226 = CARTESIAN_POINT('',(-0.735,-0.65,0.1));
#2227 = LINE('',#2228,#2229);
#2228 = CARTESIAN_POINT('',(-0.735,-0.499324,-2.E-02));
#2229 = VECTOR('',#2230,1.);
#2230 = DIRECTION('',(0.,-0.782236479438,0.622981613081));
#2231 = ORIENTED_EDGE('',*,*,#2232,.F.);
#2232 = EDGE_CURVE('',#2233,#2225,#2235,.T.);
#2233 = VERTEX_POINT('',#2234);
#2234 = CARTESIAN_POINT('',(-1.165,-0.65,0.1));
#2235 = LINE('',#2236,#2237);
#2236 = CARTESIAN_POINT('',(-1.165,-0.65,0.1));
#2237 = VECTOR('',#2238,1.);
#2238 = DIRECTION('',(1.,0.,0.));
#2239 = ORIENTED_EDGE('',*,*,#2240,.F.);
#2240 = EDGE_CURVE('',#2202,#2233,#2241,.T.);
#2241 = LINE('',#2242,#2243);
#2242 = CARTESIAN_POINT('',(-1.165,-0.499324,-2.E-02));
#2243 = VECTOR('',#2244,1.);
#2244 = DIRECTION('',(0.,-0.782236479438,0.622981613081));
#2245 = PLANE('',#2246);
#2246 = AXIS2_PLACEMENT_3D('',#2247,#2248,#2249);
#2247 = CARTESIAN_POINT('',(-1.165,-0.499324,-2.E-02));
#2248 = DIRECTION('',(0.,0.622981613081,0.782236479438));
#2249 = DIRECTION('',(0.,0.782236479438,-0.622981613081));
#2250 = ADVANCED_FACE('',(#2251),#2276,.T.);
#2251 = FACE_BOUND('',#2252,.F.);
#2252 = EDGE_LOOP('',(#2253,#2254,#2262,#2270));
#2253 = ORIENTED_EDGE('',*,*,#2232,.T.);
#2254 = ORIENTED_EDGE('',*,*,#2255,.T.);
#2255 = EDGE_CURVE('',#2225,#2256,#2258,.T.);
#2256 = VERTEX_POINT('',#2257);
#2257 = CARTESIAN_POINT('',(-0.735,-0.761376938911,0.1));
#2258 = LINE('',#2259,#2260);
#2259 = CARTESIAN_POINT('',(-0.735,-0.65,0.1));
#2260 = VECTOR('',#2261,1.);
#2261 = DIRECTION('',(-0.,-1.,-1.246019862233E-16));
#2262 = ORIENTED_EDGE('',*,*,#2263,.F.);
#2263 = EDGE_CURVE('',#2264,#2256,#2266,.T.);
#2264 = VERTEX_POINT('',#2265);
#2265 = CARTESIAN_POINT('',(-1.165,-0.761376938911,0.1));
#2266 = LINE('',#2267,#2268);
#2267 = CARTESIAN_POINT('',(-1.165,-0.761376938911,0.1));
#2268 = VECTOR('',#2269,1.);
#2269 = DIRECTION('',(1.,0.,0.));
#2270 = ORIENTED_EDGE('',*,*,#2271,.F.);
#2271 = EDGE_CURVE('',#2233,#2264,#2272,.T.);
#2272 = LINE('',#2273,#2274);
#2273 = CARTESIAN_POINT('',(-1.165,-0.65,0.1));
#2274 = VECTOR('',#2275,1.);
#2275 = DIRECTION('',(-0.,-1.,-1.246019862233E-16));
#2276 = PLANE('',#2277);
#2277 = AXIS2_PLACEMENT_3D('',#2278,#2279,#2280);
#2278 = CARTESIAN_POINT('',(-1.165,-0.65,0.1));
#2279 = DIRECTION('',(0.,-1.246019862233E-16,1.));
#2280 = DIRECTION('',(0.,1.,1.246019862233E-16));
#2281 = ADVANCED_FACE('',(#2282),#2309,.T.);
#2282 = FACE_BOUND('',#2283,.T.);
#2283 = EDGE_LOOP('',(#2284,#2294,#2301,#2302));
#2284 = ORIENTED_EDGE('',*,*,#2285,.T.);
#2285 = EDGE_CURVE('',#2286,#2288,#2290,.T.);
#2286 = VERTEX_POINT('',#2287);
#2287 = CARTESIAN_POINT('',(-1.165,-0.829045160101,3.744999999891E-02));
#2288 = VERTEX_POINT('',#2289);
#2289 = CARTESIAN_POINT('',(-0.735,-0.829045160101,3.744999999891E-02));
#2290 = LINE('',#2291,#2292);
#2291 = CARTESIAN_POINT('',(-1.165,-0.829045160101,3.744999999891E-02));
#2292 = VECTOR('',#2293,1.);
#2293 = DIRECTION('',(1.,0.,0.));
#2294 = ORIENTED_EDGE('',*,*,#2295,.T.);
#2295 = EDGE_CURVE('',#2288,#2256,#2296,.T.);
#2296 = CIRCLE('',#2297,6.787762317333E-02);
#2297 = AXIS2_PLACEMENT_3D('',#2298,#2299,#2300);
#2298 = CARTESIAN_POINT('',(-0.735,-0.761376938911,3.212237682667E-02));
#2299 = DIRECTION('',(-1.,0.,0.));
#2300 = DIRECTION('',(-0.,-1.,-0.));
#2301 = ORIENTED_EDGE('',*,*,#2263,.F.);
#2302 = ORIENTED_EDGE('',*,*,#2303,.F.);
#2303 = EDGE_CURVE('',#2286,#2264,#2304,.T.);
#2304 = CIRCLE('',#2305,6.787762317333E-02);
#2305 = AXIS2_PLACEMENT_3D('',#2306,#2307,#2308);
#2306 = CARTESIAN_POINT('',(-1.165,-0.761376938911,3.212237682667E-02));
#2307 = DIRECTION('',(-1.,0.,0.));
#2308 = DIRECTION('',(-0.,-1.,-0.));
#2309 = CYLINDRICAL_SURFACE('',#2310,6.787762317333E-02);
#2310 = AXIS2_PLACEMENT_3D('',#2311,#2312,#2313);
#2311 = CARTESIAN_POINT('',(-1.165,-0.761376938911,3.212237682667E-02));
#2312 = DIRECTION('',(-1.,0.,0.));
#2313 = DIRECTION('',(-0.,-1.,-0.));
#2314 = ADVANCED_FACE('',(#2315),#2340,.T.);
#2315 = FACE_BOUND('',#2316,.F.);
#2316 = EDGE_LOOP('',(#2317,#2318,#2326,#2334));
#2317 = ORIENTED_EDGE('',*,*,#2285,.T.);
#2318 = ORIENTED_EDGE('',*,*,#2319,.T.);
#2319 = EDGE_CURVE('',#2288,#2320,#2322,.T.);
#2320 = VERTEX_POINT('',#2321);
#2321 = CARTESIAN_POINT('',(-0.735,-0.860923560102,-0.367449999999));
#2322 = LINE('',#2323,#2324);
#2323 = CARTESIAN_POINT('',(-0.735,-0.829045160101,3.744999999891E-02));
#2324 = VECTOR('',#2325,1.);
#2325 = DIRECTION('',(-0.,-7.848865241834E-02,-0.99691500713));
#2326 = ORIENTED_EDGE('',*,*,#2327,.F.);
#2327 = EDGE_CURVE('',#2328,#2320,#2330,.T.);
#2328 = VERTEX_POINT('',#2329);
#2329 = CARTESIAN_POINT('',(-1.165,-0.860923560102,-0.367449999999));
#2330 = LINE('',#2331,#2332);
#2331 = CARTESIAN_POINT('',(-1.165,-0.860923560102,-0.367449999999));
#2332 = VECTOR('',#2333,1.);
#2333 = DIRECTION('',(1.,0.,0.));
#2334 = ORIENTED_EDGE('',*,*,#2335,.F.);
#2335 = EDGE_CURVE('',#2286,#2328,#2336,.T.);
#2336 = LINE('',#2337,#2338);
#2337 = CARTESIAN_POINT('',(-1.165,-0.829045160101,3.744999999891E-02));
#2338 = VECTOR('',#2339,1.);
#2339 = DIRECTION('',(-0.,-7.848865241834E-02,-0.99691500713));
#2340 = PLANE('',#2341);
#2341 = AXIS2_PLACEMENT_3D('',#2342,#2343,#2344);
#2342 = CARTESIAN_POINT('',(-1.165,-0.829045160101,3.744999999891E-02));
#2343 = DIRECTION('',(0.,-0.99691500713,7.848865241834E-02));
#2344 = DIRECTION('',(0.,7.848865241834E-02,0.99691500713));
#2345 = ADVANCED_FACE('',(#2346),#2373,.F.);
#2346 = FACE_BOUND('',#2347,.F.);
#2347 = EDGE_LOOP('',(#2348,#2349,#2358,#2366));
#2348 = ORIENTED_EDGE('',*,*,#2327,.T.);
#2349 = ORIENTED_EDGE('',*,*,#2350,.T.);
#2350 = EDGE_CURVE('',#2320,#2351,#2353,.T.);
#2351 = VERTEX_POINT('',#2352);
#2352 = CARTESIAN_POINT('',(-0.735,-0.928591781292,-0.43));
#2353 = CIRCLE('',#2354,6.787762317333E-02);
#2354 = AXIS2_PLACEMENT_3D('',#2355,#2356,#2357);
#2355 = CARTESIAN_POINT('',(-0.735,-0.928591781292,-0.362122376827));
#2356 = DIRECTION('',(-1.,0.,0.));
#2357 = DIRECTION('',(-0.,-1.,-0.));
#2358 = ORIENTED_EDGE('',*,*,#2359,.F.);
#2359 = EDGE_CURVE('',#2360,#2351,#2362,.T.);
#2360 = VERTEX_POINT('',#2361);
#2361 = CARTESIAN_POINT('',(-1.165,-0.928591781292,-0.43));
#2362 = LINE('',#2363,#2364);
#2363 = CARTESIAN_POINT('',(-1.165,-0.928591781292,-0.43));
#2364 = VECTOR('',#2365,1.);
#2365 = DIRECTION('',(1.,0.,0.));
#2366 = ORIENTED_EDGE('',*,*,#2367,.F.);
#2367 = EDGE_CURVE('',#2328,#2360,#2368,.T.);
#2368 = CIRCLE('',#2369,6.787762317333E-02);
#2369 = AXIS2_PLACEMENT_3D('',#2370,#2371,#2372);
#2370 = CARTESIAN_POINT('',(-1.165,-0.928591781292,-0.362122376827));
#2371 = DIRECTION('',(-1.,0.,0.));
#2372 = DIRECTION('',(-0.,-1.,-0.));
#2373 = CYLINDRICAL_SURFACE('',#2374,6.787762317333E-02);
#2374 = AXIS2_PLACEMENT_3D('',#2375,#2376,#2377);
#2375 = CARTESIAN_POINT('',(-1.165,-0.928591781292,-0.362122376827));
#2376 = DIRECTION('',(-1.,0.,0.));
#2377 = DIRECTION('',(-0.,-1.,-0.));
#2378 = ADVANCED_FACE('',(#2379),#2404,.T.);
#2379 = FACE_BOUND('',#2380,.F.);
#2380 = EDGE_LOOP('',(#2381,#2382,#2390,#2398));
#2381 = ORIENTED_EDGE('',*,*,#2359,.T.);
#2382 = ORIENTED_EDGE('',*,*,#2383,.T.);
#2383 = EDGE_CURVE('',#2351,#2384,#2386,.T.);
#2384 = VERTEX_POINT('',#2385);
#2385 = CARTESIAN_POINT('',(-0.735,-1.15,-0.43));
#2386 = LINE('',#2387,#2388);
#2387 = CARTESIAN_POINT('',(-0.735,-0.928591781292,-0.43));
#2388 = VECTOR('',#2389,1.);
#2389 = DIRECTION('',(-0.,-1.,-0.));
#2390 = ORIENTED_EDGE('',*,*,#2391,.F.);
#2391 = EDGE_CURVE('',#2392,#2384,#2394,.T.);
#2392 = VERTEX_POINT('',#2393);
#2393 = CARTESIAN_POINT('',(-1.165,-1.15,-0.43));
#2394 = LINE('',#2395,#2396);
#2395 = CARTESIAN_POINT('',(-1.165,-1.15,-0.43));
#2396 = VECTOR('',#2397,1.);
#2397 = DIRECTION('',(1.,0.,0.));
#2398 = ORIENTED_EDGE('',*,*,#2399,.F.);
#2399 = EDGE_CURVE('',#2360,#2392,#2400,.T.);
#2400 = LINE('',#2401,#2402);
#2401 = CARTESIAN_POINT('',(-1.165,-0.928591781292,-0.43));
#2402 = VECTOR('',#2403,1.);
#2403 = DIRECTION('',(-0.,-1.,-0.));
#2404 = PLANE('',#2405);
#2405 = AXIS2_PLACEMENT_3D('',#2406,#2407,#2408);
#2406 = CARTESIAN_POINT('',(-1.165,-0.928591781292,-0.43));
#2407 = DIRECTION('',(0.,0.,1.));
#2408 = DIRECTION('',(0.,1.,0.));
#2409 = ADVANCED_FACE('',(#2410),#2435,.T.);
#2410 = FACE_BOUND('',#2411,.F.);
#2411 = EDGE_LOOP('',(#2412,#2413,#2421,#2429));
#2412 = ORIENTED_EDGE('',*,*,#2391,.T.);
#2413 = ORIENTED_EDGE('',*,*,#2414,.T.);
#2414 = EDGE_CURVE('',#2384,#2415,#2417,.T.);
#2415 = VERTEX_POINT('',#2416);
#2416 = CARTESIAN_POINT('',(-0.735,-1.15,-0.55));
#2417 = LINE('',#2418,#2419);
#2418 = CARTESIAN_POINT('',(-0.735,-1.15,-0.43));
#2419 = VECTOR('',#2420,1.);
#2420 = DIRECTION('',(-0.,-0.,-1.));
#2421 = ORIENTED_EDGE('',*,*,#2422,.F.);
#2422 = EDGE_CURVE('',#2423,#2415,#2425,.T.);
#2423 = VERTEX_POINT('',#2424);
#2424 = CARTESIAN_POINT('',(-1.165,-1.15,-0.55));
#2425 = LINE('',#2426,#2427);
#2426 = CARTESIAN_POINT('',(-1.165,-1.15,-0.55));
#2427 = VECTOR('',#2428,1.);
#2428 = DIRECTION('',(1.,0.,0.));
#2429 = ORIENTED_EDGE('',*,*,#2430,.F.);
#2430 = EDGE_CURVE('',#2392,#2423,#2431,.T.);
#2431 = LINE('',#2432,#2433);
#2432 = CARTESIAN_POINT('',(-1.165,-1.15,-0.43));
#2433 = VECTOR('',#2434,1.);
#2434 = DIRECTION('',(-0.,-0.,-1.));
#2435 = PLANE('',#2436);
#2436 = AXIS2_PLACEMENT_3D('',#2437,#2438,#2439);
#2437 = CARTESIAN_POINT('',(-1.165,-1.15,-0.43));
#2438 = DIRECTION('',(-0.,-1.,-0.));
#2439 = DIRECTION('',(0.,0.,1.));
#2440 = ADVANCED_FACE('',(#2441),#2466,.T.);
#2441 = FACE_BOUND('',#2442,.F.);
#2442 = EDGE_LOOP('',(#2443,#2444,#2452,#2460));
#2443 = ORIENTED_EDGE('',*,*,#2422,.T.);
#2444 = ORIENTED_EDGE('',*,*,#2445,.T.);
#2445 = EDGE_CURVE('',#2415,#2446,#2448,.T.);
#2446 = VERTEX_POINT('',#2447);
#2447 = CARTESIAN_POINT('',(-0.735,-0.81766822119,-0.55));
#2448 = LINE('',#2449,#2450);
#2449 = CARTESIAN_POINT('',(-0.735,-1.15,-0.55));
#2450 = VECTOR('',#2451,1.);
#2451 = DIRECTION('',(0.,1.,0.));
#2452 = ORIENTED_EDGE('',*,*,#2453,.F.);
#2453 = EDGE_CURVE('',#2454,#2446,#2456,.T.);
#2454 = VERTEX_POINT('',#2455);
#2455 = CARTESIAN_POINT('',(-1.165,-0.81766822119,-0.55));
#2456 = LINE('',#2457,#2458);
#2457 = CARTESIAN_POINT('',(-1.165,-0.81766822119,-0.55));
#2458 = VECTOR('',#2459,1.);
#2459 = DIRECTION('',(1.,0.,0.));
#2460 = ORIENTED_EDGE('',*,*,#2461,.F.);
#2461 = EDGE_CURVE('',#2423,#2454,#2462,.T.);
#2462 = LINE('',#2463,#2464);
#2463 = CARTESIAN_POINT('',(-1.165,-1.15,-0.55));
#2464 = VECTOR('',#2465,1.);
#2465 = DIRECTION('',(0.,1.,0.));
#2466 = PLANE('',#2467);
#2467 = AXIS2_PLACEMENT_3D('',#2468,#2469,#2470);
#2468 = CARTESIAN_POINT('',(-1.165,-1.15,-0.55));
#2469 = DIRECTION('',(-0.,-0.,-1.));
#2470 = DIRECTION('',(0.,-1.,0.));
#2471 = ADVANCED_FACE('',(#2472),#2490,.T.);
#2472 = FACE_BOUND('',#2473,.T.);
#2473 = EDGE_LOOP('',(#2474,#2475,#2482,#2483));
#2474 = ORIENTED_EDGE('',*,*,#2119,.T.);
#2475 = ORIENTED_EDGE('',*,*,#2476,.T.);
#2476 = EDGE_CURVE('',#2122,#2446,#2477,.T.);
#2477 = CIRCLE('',#2478,6.787762317333E-02);
#2478 = AXIS2_PLACEMENT_3D('',#2479,#2480,#2481);
#2479 = CARTESIAN_POINT('',(-0.735,-0.81766822119,-0.482122376827));
#2480 = DIRECTION('',(-1.,0.,0.));
#2481 = DIRECTION('',(-0.,-1.,-0.));
#2482 = ORIENTED_EDGE('',*,*,#2453,.F.);
#2483 = ORIENTED_EDGE('',*,*,#2484,.F.);
#2484 = EDGE_CURVE('',#2120,#2454,#2485,.T.);
#2485 = CIRCLE('',#2486,6.787762317333E-02);
#2486 = AXIS2_PLACEMENT_3D('',#2487,#2488,#2489);
#2487 = CARTESIAN_POINT('',(-1.165,-0.81766822119,-0.482122376827));
#2488 = DIRECTION('',(-1.,0.,0.));
#2489 = DIRECTION('',(-0.,-1.,-0.));
#2490 = CYLINDRICAL_SURFACE('',#2491,6.787762317333E-02);
#2491 = AXIS2_PLACEMENT_3D('',#2492,#2493,#2494);
#2492 = CARTESIAN_POINT('',(-1.165,-0.81766822119,-0.482122376827));
#2493 = DIRECTION('',(-1.,0.,0.));
#2494 = DIRECTION('',(-0.,-1.,-0.));
#2495 = ADVANCED_FACE('',(#2496),#2510,.F.);
#2496 = FACE_BOUND('',#2497,.F.);
#2497 = EDGE_LOOP('',(#2498,#2499,#2500,#2501,#2502,#2503,#2504,#2505,
    #2506,#2507,#2508,#2509));
#2498 = ORIENTED_EDGE('',*,*,#2145,.T.);
#2499 = ORIENTED_EDGE('',*,*,#2177,.T.);
#2500 = ORIENTED_EDGE('',*,*,#2209,.T.);
#2501 = ORIENTED_EDGE('',*,*,#2240,.T.);
#2502 = ORIENTED_EDGE('',*,*,#2271,.T.);
#2503 = ORIENTED_EDGE('',*,*,#2303,.F.);
#2504 = ORIENTED_EDGE('',*,*,#2335,.T.);
#2505 = ORIENTED_EDGE('',*,*,#2367,.T.);
#2506 = ORIENTED_EDGE('',*,*,#2399,.T.);
#2507 = ORIENTED_EDGE('',*,*,#2430,.T.);
#2508 = ORIENTED_EDGE('',*,*,#2461,.T.);
#2509 = ORIENTED_EDGE('',*,*,#2484,.F.);
#2510 = PLANE('',#2511);
#2511 = AXIS2_PLACEMENT_3D('',#2512,#2513,#2514);
#2512 = CARTESIAN_POINT('',(-1.165,-0.823667683129,-0.253594321406));
#2513 = DIRECTION('',(1.,0.,0.));
#2514 = DIRECTION('',(0.,0.,-1.));
#2515 = ADVANCED_FACE('',(#2516),#2530,.T.);
#2516 = FACE_BOUND('',#2517,.T.);
#2517 = EDGE_LOOP('',(#2518,#2519,#2520,#2521,#2522,#2523,#2524,#2525,
    #2526,#2527,#2528,#2529));
#2518 = ORIENTED_EDGE('',*,*,#2129,.T.);
#2519 = ORIENTED_EDGE('',*,*,#2160,.T.);
#2520 = ORIENTED_EDGE('',*,*,#2193,.T.);
#2521 = ORIENTED_EDGE('',*,*,#2224,.T.);
#2522 = ORIENTED_EDGE('',*,*,#2255,.T.);
#2523 = ORIENTED_EDGE('',*,*,#2295,.F.);
#2524 = ORIENTED_EDGE('',*,*,#2319,.T.);
#2525 = ORIENTED_EDGE('',*,*,#2350,.T.);
#2526 = ORIENTED_EDGE('',*,*,#2383,.T.);
#2527 = ORIENTED_EDGE('',*,*,#2414,.T.);
#2528 = ORIENTED_EDGE('',*,*,#2445,.T.);
#2529 = ORIENTED_EDGE('',*,*,#2476,.F.);
#2530 = PLANE('',#2531);
#2531 = AXIS2_PLACEMENT_3D('',#2532,#2533,#2534);
#2532 = CARTESIAN_POINT('',(-0.735,-0.823667683129,-0.253594321406));
#2533 = DIRECTION('',(1.,0.,0.));
#2534 = DIRECTION('',(0.,0.,-1.));
#2535 = MANIFOLD_SOLID_BREP('',#2536);
#2536 = CLOSED_SHELL('',(#2537,#2577,#2610,#2641,#2672,#2703,#2736,#2767
    ,#2800,#2831,#2862,#2893,#2917,#2937));
#2537 = ADVANCED_FACE('',(#2538),#2572,.T.);
#2538 = FACE_BOUND('',#2539,.F.);
#2539 = EDGE_LOOP('',(#2540,#2550,#2558,#2566));
#2540 = ORIENTED_EDGE('',*,*,#2541,.T.);
#2541 = EDGE_CURVE('',#2542,#2544,#2546,.T.);
#2542 = VERTEX_POINT('',#2543);
#2543 = CARTESIAN_POINT('',(1.165,0.75,-0.487449999999));
#2544 = VERTEX_POINT('',#2545);
#2545 = CARTESIAN_POINT('',(0.735,0.75,-0.487449999999));
#2546 = LINE('',#2547,#2548);
#2547 = CARTESIAN_POINT('',(1.165,0.75,-0.487449999999));
#2548 = VECTOR('',#2549,1.);
#2549 = DIRECTION('',(-1.,2.22044604925E-16,-2.22044604925E-16));
#2550 = ORIENTED_EDGE('',*,*,#2551,.T.);
#2551 = EDGE_CURVE('',#2544,#2552,#2554,.T.);
#2552 = VERTEX_POINT('',#2553);
#2553 = CARTESIAN_POINT('',(0.735,0.718121599999,-8.255000000109E-02));
#2554 = LINE('',#2555,#2556);
#2555 = CARTESIAN_POINT('',(0.735,0.75,-0.487449999999));
#2556 = VECTOR('',#2557,1.);
#2557 = DIRECTION('',(-2.387875807194E-16,-7.848865241834E-02,
    0.99691500713));
#2558 = ORIENTED_EDGE('',*,*,#2559,.F.);
#2559 = EDGE_CURVE('',#2560,#2552,#2562,.T.);
#2560 = VERTEX_POINT('',#2561);
#2561 = CARTESIAN_POINT('',(1.165,0.718121599999,-8.255000000109E-02));
#2562 = LINE('',#2563,#2564);
#2563 = CARTESIAN_POINT('',(1.165,0.718121599999,-8.255000000109E-02));
#2564 = VECTOR('',#2565,1.);
#2565 = DIRECTION('',(-1.,2.22044604925E-16,-2.22044604925E-16));
#2566 = ORIENTED_EDGE('',*,*,#2567,.F.);
#2567 = EDGE_CURVE('',#2542,#2560,#2568,.T.);
#2568 = LINE('',#2569,#2570);
#2569 = CARTESIAN_POINT('',(1.165,0.75,-0.487449999999));
#2570 = VECTOR('',#2571,1.);
#2571 = DIRECTION('',(-2.387875807194E-16,-7.848865241834E-02,
    0.99691500713));
#2572 = PLANE('',#2573);
#2573 = AXIS2_PLACEMENT_3D('',#2574,#2575,#2576);
#2574 = CARTESIAN_POINT('',(1.165,0.75,-0.487449999999));
#2575 = DIRECTION('',(-2.039316170847E-16,-0.99691500713,
    -7.848865241834E-02));
#2576 = DIRECTION('',(2.387875807194E-16,7.848865241834E-02,
    -0.99691500713));
#2577 = ADVANCED_FACE('',(#2578),#2605,.F.);
#2578 = FACE_BOUND('',#2579,.F.);
#2579 = EDGE_LOOP('',(#2580,#2581,#2590,#2598));
#2580 = ORIENTED_EDGE('',*,*,#2559,.T.);
#2581 = ORIENTED_EDGE('',*,*,#2582,.T.);
#2582 = EDGE_CURVE('',#2552,#2583,#2585,.T.);
#2583 = VERTEX_POINT('',#2584);
#2584 = CARTESIAN_POINT('',(0.735,0.650453378809,-2.E-02));
#2585 = CIRCLE('',#2586,6.787762317333E-02);
#2586 = AXIS2_PLACEMENT_3D('',#2587,#2588,#2589);
#2587 = CARTESIAN_POINT('',(0.735,0.650453378809,-8.787762317333E-02));
#2588 = DIRECTION('',(1.,-2.22044604925E-16,2.22044604925E-16));
#2589 = DIRECTION('',(2.22044604925E-16,1.,2.465190328816E-32));
#2590 = ORIENTED_EDGE('',*,*,#2591,.F.);
#2591 = EDGE_CURVE('',#2592,#2583,#2594,.T.);
#2592 = VERTEX_POINT('',#2593);
#2593 = CARTESIAN_POINT('',(1.165,0.650453378809,-2.E-02));
#2594 = LINE('',#2595,#2596);
#2595 = CARTESIAN_POINT('',(1.165,0.650453378809,-2.E-02));
#2596 = VECTOR('',#2597,1.);
#2597 = DIRECTION('',(-1.,2.22044604925E-16,-2.22044604925E-16));
#2598 = ORIENTED_EDGE('',*,*,#2599,.F.);
#2599 = EDGE_CURVE('',#2560,#2592,#2600,.T.);
#2600 = CIRCLE('',#2601,6.787762317333E-02);
#2601 = AXIS2_PLACEMENT_3D('',#2602,#2603,#2604);
#2602 = CARTESIAN_POINT('',(1.165,0.650453378809,-8.787762317333E-02));
#2603 = DIRECTION('',(1.,-2.22044604925E-16,2.22044604925E-16));
#2604 = DIRECTION('',(2.22044604925E-16,1.,2.465190328816E-32));
#2605 = CYLINDRICAL_SURFACE('',#2606,6.787762317333E-02);
#2606 = AXIS2_PLACEMENT_3D('',#2607,#2608,#2609);
#2607 = CARTESIAN_POINT('',(1.165,0.650453378809,-8.787762317333E-02));
#2608 = DIRECTION('',(1.,-2.22044604925E-16,2.22044604925E-16));
#2609 = DIRECTION('',(2.22044604925E-16,1.,2.465190328816E-32));
#2610 = ADVANCED_FACE('',(#2611),#2636,.T.);
#2611 = FACE_BOUND('',#2612,.F.);
#2612 = EDGE_LOOP('',(#2613,#2614,#2622,#2630));
#2613 = ORIENTED_EDGE('',*,*,#2591,.T.);
#2614 = ORIENTED_EDGE('',*,*,#2615,.T.);
#2615 = EDGE_CURVE('',#2583,#2616,#2618,.T.);
#2616 = VERTEX_POINT('',#2617);
#2617 = CARTESIAN_POINT('',(0.735,0.499324,-2.E-02));
#2618 = LINE('',#2619,#2620);
#2619 = CARTESIAN_POINT('',(0.735,0.650453378809,-2.E-02));
#2620 = VECTOR('',#2621,1.);
#2621 = DIRECTION('',(-2.22044604925E-16,-1.,-2.465190328816E-32));
#2622 = ORIENTED_EDGE('',*,*,#2623,.F.);
#2623 = EDGE_CURVE('',#2624,#2616,#2626,.T.);
#2624 = VERTEX_POINT('',#2625);
#2625 = CARTESIAN_POINT('',(1.165,0.499324,-2.E-02));
#2626 = LINE('',#2627,#2628);
#2627 = CARTESIAN_POINT('',(1.165,0.499324,-2.E-02));
#2628 = VECTOR('',#2629,1.);
#2629 = DIRECTION('',(-1.,2.22044604925E-16,-2.22044604925E-16));
#2630 = ORIENTED_EDGE('',*,*,#2631,.F.);
#2631 = EDGE_CURVE('',#2592,#2624,#2632,.T.);
#2632 = LINE('',#2633,#2634);
#2633 = CARTESIAN_POINT('',(1.165,0.650453378809,-2.E-02));
#2634 = VECTOR('',#2635,1.);
#2635 = DIRECTION('',(-2.22044604925E-16,-1.,-2.465190328816E-32));
#2636 = PLANE('',#2637);
#2637 = AXIS2_PLACEMENT_3D('',#2638,#2639,#2640);
#2638 = CARTESIAN_POINT('',(1.165,0.650453378809,-2.E-02));
#2639 = DIRECTION('',(2.22044604925E-16,-2.465190328816E-32,-1.));
#2640 = DIRECTION('',(2.22044604925E-16,1.,2.465190328816E-32));
#2641 = ADVANCED_FACE('',(#2642),#2667,.T.);
#2642 = FACE_BOUND('',#2643,.F.);
#2643 = EDGE_LOOP('',(#2644,#2645,#2653,#2661));
#2644 = ORIENTED_EDGE('',*,*,#2623,.T.);
#2645 = ORIENTED_EDGE('',*,*,#2646,.T.);
#2646 = EDGE_CURVE('',#2616,#2647,#2649,.T.);
#2647 = VERTEX_POINT('',#2648);
#2648 = CARTESIAN_POINT('',(0.735,0.65,0.1));
#2649 = LINE('',#2650,#2651);
#2650 = CARTESIAN_POINT('',(0.735,0.499324,-2.E-02));
#2651 = VECTOR('',#2652,1.);
#2652 = DIRECTION('',(3.536168388267E-17,0.782236479438,0.622981613081)
  );
#2653 = ORIENTED_EDGE('',*,*,#2654,.F.);
#2654 = EDGE_CURVE('',#2655,#2647,#2657,.T.);
#2655 = VERTEX_POINT('',#2656);
#2656 = CARTESIAN_POINT('',(1.165,0.65,0.1));
#2657 = LINE('',#2658,#2659);
#2658 = CARTESIAN_POINT('',(1.165,0.65,0.1));
#2659 = VECTOR('',#2660,1.);
#2660 = DIRECTION('',(-1.,2.22044604925E-16,-2.22044604925E-16));
#2661 = ORIENTED_EDGE('',*,*,#2662,.F.);
#2662 = EDGE_CURVE('',#2624,#2655,#2663,.T.);
#2663 = LINE('',#2664,#2665);
#2664 = CARTESIAN_POINT('',(1.165,0.499324,-2.E-02));
#2665 = VECTOR('',#2666,1.);
#2666 = DIRECTION('',(3.536168388267E-17,0.782236479438,0.622981613081)
  );
#2667 = PLANE('',#2668);
#2668 = AXIS2_PLACEMENT_3D('',#2669,#2670,#2671);
#2669 = CARTESIAN_POINT('',(1.165,0.499324,-2.E-02));
#2670 = DIRECTION('',(-3.120210961868E-16,-0.622981613081,0.782236479438
    ));
#2671 = DIRECTION('',(-3.536168388267E-17,-0.782236479438,
    -0.622981613081));
#2672 = ADVANCED_FACE('',(#2673),#2698,.T.);
#2673 = FACE_BOUND('',#2674,.F.);
#2674 = EDGE_LOOP('',(#2675,#2676,#2684,#2692));
#2675 = ORIENTED_EDGE('',*,*,#2654,.T.);
#2676 = ORIENTED_EDGE('',*,*,#2677,.T.);
#2677 = EDGE_CURVE('',#2647,#2678,#2680,.T.);
#2678 = VERTEX_POINT('',#2679);
#2679 = CARTESIAN_POINT('',(0.735,0.761376938911,0.1));
#2680 = LINE('',#2681,#2682);
#2681 = CARTESIAN_POINT('',(0.735,0.65,0.1));
#2682 = VECTOR('',#2683,1.);
#2683 = DIRECTION('',(2.22044604925E-16,1.,-1.246019862233E-16));
#2684 = ORIENTED_EDGE('',*,*,#2685,.F.);
#2685 = EDGE_CURVE('',#2686,#2678,#2688,.T.);
#2686 = VERTEX_POINT('',#2687);
#2687 = CARTESIAN_POINT('',(1.165,0.761376938911,0.1));
#2688 = LINE('',#2689,#2690);
#2689 = CARTESIAN_POINT('',(1.165,0.761376938911,0.1));
#2690 = VECTOR('',#2691,1.);
#2691 = DIRECTION('',(-1.,2.22044604925E-16,-2.22044604925E-16));
#2692 = ORIENTED_EDGE('',*,*,#2693,.F.);
#2693 = EDGE_CURVE('',#2655,#2686,#2694,.T.);
#2694 = LINE('',#2695,#2696);
#2695 = CARTESIAN_POINT('',(1.165,0.65,0.1));
#2696 = VECTOR('',#2697,1.);
#2697 = DIRECTION('',(2.22044604925E-16,1.,-1.246019862233E-16));
#2698 = PLANE('',#2699);
#2699 = AXIS2_PLACEMENT_3D('',#2700,#2701,#2702);
#2700 = CARTESIAN_POINT('',(1.165,0.65,0.1));
#2701 = DIRECTION('',(-2.22044604925E-16,1.246019862233E-16,1.));
#2702 = DIRECTION('',(-2.22044604925E-16,-1.,1.246019862233E-16));
#2703 = ADVANCED_FACE('',(#2704),#2731,.T.);
#2704 = FACE_BOUND('',#2705,.T.);
#2705 = EDGE_LOOP('',(#2706,#2716,#2723,#2724));
#2706 = ORIENTED_EDGE('',*,*,#2707,.T.);
#2707 = EDGE_CURVE('',#2708,#2710,#2712,.T.);
#2708 = VERTEX_POINT('',#2709);
#2709 = CARTESIAN_POINT('',(1.165,0.829045160101,3.744999999891E-02));
#2710 = VERTEX_POINT('',#2711);
#2711 = CARTESIAN_POINT('',(0.735,0.829045160101,3.744999999891E-02));
#2712 = LINE('',#2713,#2714);
#2713 = CARTESIAN_POINT('',(1.165,0.829045160101,3.744999999891E-02));
#2714 = VECTOR('',#2715,1.);
#2715 = DIRECTION('',(-1.,2.22044604925E-16,-2.22044604925E-16));
#2716 = ORIENTED_EDGE('',*,*,#2717,.T.);
#2717 = EDGE_CURVE('',#2710,#2678,#2718,.T.);
#2718 = CIRCLE('',#2719,6.787762317333E-02);
#2719 = AXIS2_PLACEMENT_3D('',#2720,#2721,#2722);
#2720 = CARTESIAN_POINT('',(0.735,0.761376938911,3.212237682667E-02));
#2721 = DIRECTION('',(1.,-2.22044604925E-16,2.22044604925E-16));
#2722 = DIRECTION('',(2.22044604925E-16,1.,2.465190328816E-32));
#2723 = ORIENTED_EDGE('',*,*,#2685,.F.);
#2724 = ORIENTED_EDGE('',*,*,#2725,.F.);
#2725 = EDGE_CURVE('',#2708,#2686,#2726,.T.);
#2726 = CIRCLE('',#2727,6.787762317333E-02);
#2727 = AXIS2_PLACEMENT_3D('',#2728,#2729,#2730);
#2728 = CARTESIAN_POINT('',(1.165,0.761376938911,3.212237682667E-02));
#2729 = DIRECTION('',(1.,-2.22044604925E-16,2.22044604925E-16));
#2730 = DIRECTION('',(2.22044604925E-16,1.,2.465190328816E-32));
#2731 = CYLINDRICAL_SURFACE('',#2732,6.787762317333E-02);
#2732 = AXIS2_PLACEMENT_3D('',#2733,#2734,#2735);
#2733 = CARTESIAN_POINT('',(1.165,0.761376938911,3.212237682667E-02));
#2734 = DIRECTION('',(1.,-2.22044604925E-16,2.22044604925E-16));
#2735 = DIRECTION('',(2.22044604925E-16,1.,2.465190328816E-32));
#2736 = ADVANCED_FACE('',(#2737),#2762,.T.);
#2737 = FACE_BOUND('',#2738,.F.);
#2738 = EDGE_LOOP('',(#2739,#2740,#2748,#2756));
#2739 = ORIENTED_EDGE('',*,*,#2707,.T.);
#2740 = ORIENTED_EDGE('',*,*,#2741,.T.);
#2741 = EDGE_CURVE('',#2710,#2742,#2744,.T.);
#2742 = VERTEX_POINT('',#2743);
#2743 = CARTESIAN_POINT('',(0.735,0.860923560102,-0.367449999999));
#2744 = LINE('',#2745,#2746);
#2745 = CARTESIAN_POINT('',(0.735,0.829045160101,3.744999999891E-02));
#2746 = VECTOR('',#2747,1.);
#2747 = DIRECTION('',(2.387875807194E-16,7.848865241834E-02,
    -0.99691500713));
#2748 = ORIENTED_EDGE('',*,*,#2749,.F.);
#2749 = EDGE_CURVE('',#2750,#2742,#2752,.T.);
#2750 = VERTEX_POINT('',#2751);
#2751 = CARTESIAN_POINT('',(1.165,0.860923560102,-0.367449999999));
#2752 = LINE('',#2753,#2754);
#2753 = CARTESIAN_POINT('',(1.165,0.860923560102,-0.367449999999));
#2754 = VECTOR('',#2755,1.);
#2755 = DIRECTION('',(-1.,2.22044604925E-16,-2.22044604925E-16));
#2756 = ORIENTED_EDGE('',*,*,#2757,.F.);
#2757 = EDGE_CURVE('',#2708,#2750,#2758,.T.);
#2758 = LINE('',#2759,#2760);
#2759 = CARTESIAN_POINT('',(1.165,0.829045160101,3.744999999891E-02));
#2760 = VECTOR('',#2761,1.);
#2761 = DIRECTION('',(2.387875807194E-16,7.848865241834E-02,
    -0.99691500713));
#2762 = PLANE('',#2763);
#2763 = AXIS2_PLACEMENT_3D('',#2764,#2765,#2766);
#2764 = CARTESIAN_POINT('',(1.165,0.829045160101,3.744999999891E-02));
#2765 = DIRECTION('',(2.039316170847E-16,0.99691500713,
    7.848865241834E-02));
#2766 = DIRECTION('',(-2.387875807194E-16,-7.848865241834E-02,
    0.99691500713));
#2767 = ADVANCED_FACE('',(#2768),#2795,.F.);
#2768 = FACE_BOUND('',#2769,.F.);
#2769 = EDGE_LOOP('',(#2770,#2771,#2780,#2788));
#2770 = ORIENTED_EDGE('',*,*,#2749,.T.);
#2771 = ORIENTED_EDGE('',*,*,#2772,.T.);
#2772 = EDGE_CURVE('',#2742,#2773,#2775,.T.);
#2773 = VERTEX_POINT('',#2774);
#2774 = CARTESIAN_POINT('',(0.735,0.928591781292,-0.43));
#2775 = CIRCLE('',#2776,6.787762317333E-02);
#2776 = AXIS2_PLACEMENT_3D('',#2777,#2778,#2779);
#2777 = CARTESIAN_POINT('',(0.735,0.928591781292,-0.362122376827));
#2778 = DIRECTION('',(1.,-2.22044604925E-16,2.22044604925E-16));
#2779 = DIRECTION('',(2.22044604925E-16,1.,2.465190328816E-32));
#2780 = ORIENTED_EDGE('',*,*,#2781,.F.);
#2781 = EDGE_CURVE('',#2782,#2773,#2784,.T.);
#2782 = VERTEX_POINT('',#2783);
#2783 = CARTESIAN_POINT('',(1.165,0.928591781292,-0.43));
#2784 = LINE('',#2785,#2786);
#2785 = CARTESIAN_POINT('',(1.165,0.928591781292,-0.43));
#2786 = VECTOR('',#2787,1.);
#2787 = DIRECTION('',(-1.,2.22044604925E-16,-2.22044604925E-16));
#2788 = ORIENTED_EDGE('',*,*,#2789,.F.);
#2789 = EDGE_CURVE('',#2750,#2782,#2790,.T.);
#2790 = CIRCLE('',#2791,6.787762317333E-02);
#2791 = AXIS2_PLACEMENT_3D('',#2792,#2793,#2794);
#2792 = CARTESIAN_POINT('',(1.165,0.928591781292,-0.362122376827));
#2793 = DIRECTION('',(1.,-2.22044604925E-16,2.22044604925E-16));
#2794 = DIRECTION('',(2.22044604925E-16,1.,2.465190328816E-32));
#2795 = CYLINDRICAL_SURFACE('',#2796,6.787762317333E-02);
#2796 = AXIS2_PLACEMENT_3D('',#2797,#2798,#2799);
#2797 = CARTESIAN_POINT('',(1.165,0.928591781292,-0.362122376827));
#2798 = DIRECTION('',(1.,-2.22044604925E-16,2.22044604925E-16));
#2799 = DIRECTION('',(2.22044604925E-16,1.,2.465190328816E-32));
#2800 = ADVANCED_FACE('',(#2801),#2826,.T.);
#2801 = FACE_BOUND('',#2802,.F.);
#2802 = EDGE_LOOP('',(#2803,#2804,#2812,#2820));
#2803 = ORIENTED_EDGE('',*,*,#2781,.T.);
#2804 = ORIENTED_EDGE('',*,*,#2805,.T.);
#2805 = EDGE_CURVE('',#2773,#2806,#2808,.T.);
#2806 = VERTEX_POINT('',#2807);
#2807 = CARTESIAN_POINT('',(0.735,1.15,-0.43));
#2808 = LINE('',#2809,#2810);
#2809 = CARTESIAN_POINT('',(0.735,0.928591781292,-0.43));
#2810 = VECTOR('',#2811,1.);
#2811 = DIRECTION('',(2.22044604925E-16,1.,2.465190328816E-32));
#2812 = ORIENTED_EDGE('',*,*,#2813,.F.);
#2813 = EDGE_CURVE('',#2814,#2806,#2816,.T.);
#2814 = VERTEX_POINT('',#2815);
#2815 = CARTESIAN_POINT('',(1.165,1.15,-0.43));
#2816 = LINE('',#2817,#2818);
#2817 = CARTESIAN_POINT('',(1.165,1.15,-0.43));
#2818 = VECTOR('',#2819,1.);
#2819 = DIRECTION('',(-1.,2.22044604925E-16,-2.22044604925E-16));
#2820 = ORIENTED_EDGE('',*,*,#2821,.F.);
#2821 = EDGE_CURVE('',#2782,#2814,#2822,.T.);
#2822 = LINE('',#2823,#2824);
#2823 = CARTESIAN_POINT('',(1.165,0.928591781292,-0.43));
#2824 = VECTOR('',#2825,1.);
#2825 = DIRECTION('',(2.22044604925E-16,1.,2.465190328816E-32));
#2826 = PLANE('',#2827);
#2827 = AXIS2_PLACEMENT_3D('',#2828,#2829,#2830);
#2828 = CARTESIAN_POINT('',(1.165,0.928591781292,-0.43));
#2829 = DIRECTION('',(-2.22044604925E-16,2.465190328816E-32,1.));
#2830 = DIRECTION('',(-2.22044604925E-16,-1.,-2.465190328816E-32));
#2831 = ADVANCED_FACE('',(#2832),#2857,.T.);
#2832 = FACE_BOUND('',#2833,.F.);
#2833 = EDGE_LOOP('',(#2834,#2835,#2843,#2851));
#2834 = ORIENTED_EDGE('',*,*,#2813,.T.);
#2835 = ORIENTED_EDGE('',*,*,#2836,.T.);
#2836 = EDGE_CURVE('',#2806,#2837,#2839,.T.);
#2837 = VERTEX_POINT('',#2838);
#2838 = CARTESIAN_POINT('',(0.735,1.15,-0.55));
#2839 = LINE('',#2840,#2841);
#2840 = CARTESIAN_POINT('',(0.735,1.15,-0.43));
#2841 = VECTOR('',#2842,1.);
#2842 = DIRECTION('',(2.22044604925E-16,-2.465190328816E-32,-1.));
#2843 = ORIENTED_EDGE('',*,*,#2844,.F.);
#2844 = EDGE_CURVE('',#2845,#2837,#2847,.T.);
#2845 = VERTEX_POINT('',#2846);
#2846 = CARTESIAN_POINT('',(1.165,1.15,-0.55));
#2847 = LINE('',#2848,#2849);
#2848 = CARTESIAN_POINT('',(1.165,1.15,-0.55));
#2849 = VECTOR('',#2850,1.);
#2850 = DIRECTION('',(-1.,2.22044604925E-16,-2.22044604925E-16));
#2851 = ORIENTED_EDGE('',*,*,#2852,.F.);
#2852 = EDGE_CURVE('',#2814,#2845,#2853,.T.);
#2853 = LINE('',#2854,#2855);
#2854 = CARTESIAN_POINT('',(1.165,1.15,-0.43));
#2855 = VECTOR('',#2856,1.);
#2856 = DIRECTION('',(2.22044604925E-16,-2.465190328816E-32,-1.));
#2857 = PLANE('',#2858);
#2858 = AXIS2_PLACEMENT_3D('',#2859,#2860,#2861);
#2859 = CARTESIAN_POINT('',(1.165,1.15,-0.43));
#2860 = DIRECTION('',(2.22044604925E-16,1.,2.465190328816E-32));
#2861 = DIRECTION('',(-2.22044604925E-16,2.465190328816E-32,1.));
#2862 = ADVANCED_FACE('',(#2863),#2888,.T.);
#2863 = FACE_BOUND('',#2864,.F.);
#2864 = EDGE_LOOP('',(#2865,#2866,#2874,#2882));
#2865 = ORIENTED_EDGE('',*,*,#2844,.T.);
#2866 = ORIENTED_EDGE('',*,*,#2867,.T.);
#2867 = EDGE_CURVE('',#2837,#2868,#2870,.T.);
#2868 = VERTEX_POINT('',#2869);
#2869 = CARTESIAN_POINT('',(0.735,0.81766822119,-0.55));
#2870 = LINE('',#2871,#2872);
#2871 = CARTESIAN_POINT('',(0.735,1.15,-0.55));
#2872 = VECTOR('',#2873,1.);
#2873 = DIRECTION('',(-2.22044604925E-16,-1.,-2.465190328816E-32));
#2874 = ORIENTED_EDGE('',*,*,#2875,.F.);
#2875 = EDGE_CURVE('',#2876,#2868,#2878,.T.);
#2876 = VERTEX_POINT('',#2877);
#2877 = CARTESIAN_POINT('',(1.165,0.81766822119,-0.55));
#2878 = LINE('',#2879,#2880);
#2879 = CARTESIAN_POINT('',(1.165,0.81766822119,-0.55));
#2880 = VECTOR('',#2881,1.);
#2881 = DIRECTION('',(-1.,2.22044604925E-16,-2.22044604925E-16));
#2882 = ORIENTED_EDGE('',*,*,#2883,.F.);
#2883 = EDGE_CURVE('',#2845,#2876,#2884,.T.);
#2884 = LINE('',#2885,#2886);
#2885 = CARTESIAN_POINT('',(1.165,1.15,-0.55));
#2886 = VECTOR('',#2887,1.);
#2887 = DIRECTION('',(-2.22044604925E-16,-1.,-2.465190328816E-32));
#2888 = PLANE('',#2889);
#2889 = AXIS2_PLACEMENT_3D('',#2890,#2891,#2892);
#2890 = CARTESIAN_POINT('',(1.165,1.15,-0.55));
#2891 = DIRECTION('',(2.22044604925E-16,-2.465190328816E-32,-1.));
#2892 = DIRECTION('',(2.22044604925E-16,1.,2.465190328816E-32));
#2893 = ADVANCED_FACE('',(#2894),#2912,.T.);
#2894 = FACE_BOUND('',#2895,.T.);
#2895 = EDGE_LOOP('',(#2896,#2897,#2904,#2905));
#2896 = ORIENTED_EDGE('',*,*,#2541,.T.);
#2897 = ORIENTED_EDGE('',*,*,#2898,.T.);
#2898 = EDGE_CURVE('',#2544,#2868,#2899,.T.);
#2899 = CIRCLE('',#2900,6.787762317333E-02);
#2900 = AXIS2_PLACEMENT_3D('',#2901,#2902,#2903);
#2901 = CARTESIAN_POINT('',(0.735,0.81766822119,-0.482122376827));
#2902 = DIRECTION('',(1.,-2.22044604925E-16,2.22044604925E-16));
#2903 = DIRECTION('',(2.22044604925E-16,1.,2.465190328816E-32));
#2904 = ORIENTED_EDGE('',*,*,#2875,.F.);
#2905 = ORIENTED_EDGE('',*,*,#2906,.F.);
#2906 = EDGE_CURVE('',#2542,#2876,#2907,.T.);
#2907 = CIRCLE('',#2908,6.787762317333E-02);
#2908 = AXIS2_PLACEMENT_3D('',#2909,#2910,#2911);
#2909 = CARTESIAN_POINT('',(1.165,0.81766822119,-0.482122376827));
#2910 = DIRECTION('',(1.,-2.22044604925E-16,2.22044604925E-16));
#2911 = DIRECTION('',(2.22044604925E-16,1.,2.465190328816E-32));
#2912 = CYLINDRICAL_SURFACE('',#2913,6.787762317333E-02);
#2913 = AXIS2_PLACEMENT_3D('',#2914,#2915,#2916);
#2914 = CARTESIAN_POINT('',(1.165,0.81766822119,-0.482122376827));
#2915 = DIRECTION('',(1.,-2.22044604925E-16,2.22044604925E-16));
#2916 = DIRECTION('',(2.22044604925E-16,1.,2.465190328816E-32));
#2917 = ADVANCED_FACE('',(#2918),#2932,.F.);
#2918 = FACE_BOUND('',#2919,.F.);
#2919 = EDGE_LOOP('',(#2920,#2921,#2922,#2923,#2924,#2925,#2926,#2927,
    #2928,#2929,#2930,#2931));
#2920 = ORIENTED_EDGE('',*,*,#2567,.T.);
#2921 = ORIENTED_EDGE('',*,*,#2599,.T.);
#2922 = ORIENTED_EDGE('',*,*,#2631,.T.);
#2923 = ORIENTED_EDGE('',*,*,#2662,.T.);
#2924 = ORIENTED_EDGE('',*,*,#2693,.T.);
#2925 = ORIENTED_EDGE('',*,*,#2725,.F.);
#2926 = ORIENTED_EDGE('',*,*,#2757,.T.);
#2927 = ORIENTED_EDGE('',*,*,#2789,.T.);
#2928 = ORIENTED_EDGE('',*,*,#2821,.T.);
#2929 = ORIENTED_EDGE('',*,*,#2852,.T.);
#2930 = ORIENTED_EDGE('',*,*,#2883,.T.);
#2931 = ORIENTED_EDGE('',*,*,#2906,.F.);
#2932 = PLANE('',#2933);
#2933 = AXIS2_PLACEMENT_3D('',#2934,#2935,#2936);
#2934 = CARTESIAN_POINT('',(1.165,0.823667683129,-0.253594321406));
#2935 = DIRECTION('',(-1.,2.22044604925E-16,-2.22044604925E-16));
#2936 = DIRECTION('',(2.22044604925E-16,-2.465190328816E-32,-1.));
#2937 = ADVANCED_FACE('',(#2938),#2952,.T.);
#2938 = FACE_BOUND('',#2939,.T.);
#2939 = EDGE_LOOP('',(#2940,#2941,#2942,#2943,#2944,#2945,#2946,#2947,
    #2948,#2949,#2950,#2951));
#2940 = ORIENTED_EDGE('',*,*,#2551,.T.);
#2941 = ORIENTED_EDGE('',*,*,#2582,.T.);
#2942 = ORIENTED_EDGE('',*,*,#2615,.T.);
#2943 = ORIENTED_EDGE('',*,*,#2646,.T.);
#2944 = ORIENTED_EDGE('',*,*,#2677,.T.);
#2945 = ORIENTED_EDGE('',*,*,#2717,.F.);
#2946 = ORIENTED_EDGE('',*,*,#2741,.T.);
#2947 = ORIENTED_EDGE('',*,*,#2772,.T.);
#2948 = ORIENTED_EDGE('',*,*,#2805,.T.);
#2949 = ORIENTED_EDGE('',*,*,#2836,.T.);
#2950 = ORIENTED_EDGE('',*,*,#2867,.T.);
#2951 = ORIENTED_EDGE('',*,*,#2898,.F.);
#2952 = PLANE('',#2953);
#2953 = AXIS2_PLACEMENT_3D('',#2954,#2955,#2956);
#2954 = CARTESIAN_POINT('',(0.735,0.823667683129,-0.253594321406));
#2955 = DIRECTION('',(-1.,2.22044604925E-16,-2.22044604925E-16));
#2956 = DIRECTION('',(2.22044604925E-16,-2.465190328816E-32,-1.));
#2957 = ( GEOMETRIC_REPRESENTATION_CONTEXT(3) 
GLOBAL_UNCERTAINTY_ASSIGNED_CONTEXT((#2961)) 
GLOBAL_UNIT_ASSIGNED_CONTEXT((#2958,#2959,#2960)) REPRESENTATION_CONTEXT
('Context #1','3D Context with UNIT and UNCERTAINTY') );
#2958 = ( LENGTH_UNIT() NAMED_UNIT(*) SI_UNIT(.MILLI.,.METRE.) );
#2959 = ( NAMED_UNIT(*) PLANE_ANGLE_UNIT() SI_UNIT($,.RADIAN.) );
#2960 = ( NAMED_UNIT(*) SI_UNIT($,.STERADIAN.) SOLID_ANGLE_UNIT() );
#2961 = UNCERTAINTY_MEASURE_WITH_UNIT(LENGTH_MEASURE(1.E-07),#2958,
  'distance_accuracy_value','confusion accuracy');
#2962 = CONTEXT_DEPENDENT_SHAPE_REPRESENTATION(#2963,#2965);
#2963 = ( REPRESENTATION_RELATIONSHIP('','',#1690,#10) 
REPRESENTATION_RELATIONSHIP_WITH_TRANSFORMATION(#2964) 
SHAPE_REPRESENTATION_RELATIONSHIP() );
#2964 = ITEM_DEFINED_TRANSFORMATION('','',#11,#23);
#2965 = PRODUCT_DEFINITION_SHAPE('Placement','Placement of an item',
  #2966);
#2966 = NEXT_ASSEMBLY_USAGE_OCCURRENCE('3','MultiTransform001','',#5,
  #1685,$);
#2967 = PRODUCT_RELATED_PRODUCT_CATEGORY('part',$,(#1687));
#2968 = SHAPE_DEFINITION_REPRESENTATION(#2969,#2975);
#2969 = PRODUCT_DEFINITION_SHAPE('','',#2970);
#2970 = PRODUCT_DEFINITION('design','',#2971,#2974);
#2971 = PRODUCT_DEFINITION_FORMATION('','',#2972);
#2972 = PRODUCT('GND_PIN','GND_PIN','',(#2973));
#2973 = PRODUCT_CONTEXT('',#2,'mechanical');
#2974 = PRODUCT_DEFINITION_CONTEXT('part definition',#2,'design');
#2975 = ADVANCED_BREP_SHAPE_REPRESENTATION('',(#11,#2976),#3398);
#2976 = MANIFOLD_SOLID_BREP('',#2977);
#2977 = CLOSED_SHELL('',(#2978,#3018,#3049,#3080,#3113,#3144,#3177,#3208
    ,#3239,#3270,#3303,#3334,#3358,#3378));
#2978 = ADVANCED_FACE('',(#2979),#3013,.F.);
#2979 = FACE_BOUND('',#2980,.F.);
#2980 = EDGE_LOOP('',(#2981,#2991,#2999,#3007));
#2981 = ORIENTED_EDGE('',*,*,#2982,.T.);
#2982 = EDGE_CURVE('',#2983,#2985,#2987,.T.);
#2983 = VERTEX_POINT('',#2984);
#2984 = CARTESIAN_POINT('',(0.335,-0.642646301709,-2.E-02));
#2985 = VERTEX_POINT('',#2986);
#2986 = CARTESIAN_POINT('',(1.165,-0.642646301709,-2.E-02));
#2987 = LINE('',#2988,#2989);
#2988 = CARTESIAN_POINT('',(0.335,-0.642646301709,-2.E-02));
#2989 = VECTOR('',#2990,1.);
#2990 = DIRECTION('',(1.,0.,0.));
#2991 = ORIENTED_EDGE('',*,*,#2992,.T.);
#2992 = EDGE_CURVE('',#2985,#2993,#2995,.T.);
#2993 = VERTEX_POINT('',#2994);
#2994 = CARTESIAN_POINT('',(1.165,-0.5522775,-2.E-02));
#2995 = LINE('',#2996,#2997);
#2996 = CARTESIAN_POINT('',(1.165,-0.642646301709,-2.E-02));
#2997 = VECTOR('',#2998,1.);
#2998 = DIRECTION('',(0.,1.,0.));
#2999 = ORIENTED_EDGE('',*,*,#3000,.F.);
#3000 = EDGE_CURVE('',#3001,#2993,#3003,.T.);
#3001 = VERTEX_POINT('',#3002);
#3002 = CARTESIAN_POINT('',(0.335,-0.5522775,-2.E-02));
#3003 = LINE('',#3004,#3005);
#3004 = CARTESIAN_POINT('',(0.335,-0.5522775,-2.E-02));
#3005 = VECTOR('',#3006,1.);
#3006 = DIRECTION('',(1.,0.,0.));
#3007 = ORIENTED_EDGE('',*,*,#3008,.F.);
#3008 = EDGE_CURVE('',#2983,#3001,#3009,.T.);
#3009 = LINE('',#3010,#3011);
#3010 = CARTESIAN_POINT('',(0.335,-0.642646301709,-2.E-02));
#3011 = VECTOR('',#3012,1.);
#3012 = DIRECTION('',(0.,1.,0.));
#3013 = PLANE('',#3014);
#3014 = AXIS2_PLACEMENT_3D('',#3015,#3016,#3017);
#3015 = CARTESIAN_POINT('',(0.335,-0.642646301709,-2.E-02));
#3016 = DIRECTION('',(0.,0.,1.));
#3017 = DIRECTION('',(0.,1.,0.));
#3018 = ADVANCED_FACE('',(#3019),#3044,.F.);
#3019 = FACE_BOUND('',#3020,.F.);
#3020 = EDGE_LOOP('',(#3021,#3022,#3030,#3038));
#3021 = ORIENTED_EDGE('',*,*,#3000,.T.);
#3022 = ORIENTED_EDGE('',*,*,#3023,.T.);
#3023 = EDGE_CURVE('',#2993,#3024,#3026,.T.);
#3024 = VERTEX_POINT('',#3025);
#3025 = CARTESIAN_POINT('',(1.165,-0.65,0.1));
#3026 = LINE('',#3027,#3028);
#3027 = CARTESIAN_POINT('',(1.165,-0.5522775,-2.E-02));
#3028 = VECTOR('',#3029,1.);
#3029 = DIRECTION('',(0.,-0.631458258909,0.775409870491));
#3030 = ORIENTED_EDGE('',*,*,#3031,.F.);
#3031 = EDGE_CURVE('',#3032,#3024,#3034,.T.);
#3032 = VERTEX_POINT('',#3033);
#3033 = CARTESIAN_POINT('',(0.335,-0.65,0.1));
#3034 = LINE('',#3035,#3036);
#3035 = CARTESIAN_POINT('',(0.335,-0.65,0.1));
#3036 = VECTOR('',#3037,1.);
#3037 = DIRECTION('',(1.,0.,0.));
#3038 = ORIENTED_EDGE('',*,*,#3039,.F.);
#3039 = EDGE_CURVE('',#3001,#3032,#3040,.T.);
#3040 = LINE('',#3041,#3042);
#3041 = CARTESIAN_POINT('',(0.335,-0.5522775,-2.E-02));
#3042 = VECTOR('',#3043,1.);
#3043 = DIRECTION('',(0.,-0.631458258909,0.775409870491));
#3044 = PLANE('',#3045);
#3045 = AXIS2_PLACEMENT_3D('',#3046,#3047,#3048);
#3046 = CARTESIAN_POINT('',(0.335,-0.5522775,-2.E-02));
#3047 = DIRECTION('',(0.,-0.775409870491,-0.631458258909));
#3048 = DIRECTION('',(0.,-0.631458258909,0.775409870491));
#3049 = ADVANCED_FACE('',(#3050),#3075,.F.);
#3050 = FACE_BOUND('',#3051,.F.);
#3051 = EDGE_LOOP('',(#3052,#3053,#3061,#3069));
#3052 = ORIENTED_EDGE('',*,*,#3031,.T.);
#3053 = ORIENTED_EDGE('',*,*,#3054,.T.);
#3054 = EDGE_CURVE('',#3024,#3055,#3057,.T.);
#3055 = VERTEX_POINT('',#3056);
#3056 = CARTESIAN_POINT('',(1.165,-0.74874512097,0.1));
#3057 = LINE('',#3058,#3059);
#3058 = CARTESIAN_POINT('',(1.165,-0.65,0.1));
#3059 = VECTOR('',#3060,1.);
#3060 = DIRECTION('',(0.,-1.,0.));
#3061 = ORIENTED_EDGE('',*,*,#3062,.F.);
#3062 = EDGE_CURVE('',#3063,#3055,#3065,.T.);
#3063 = VERTEX_POINT('',#3064);
#3064 = CARTESIAN_POINT('',(0.335,-0.74874512097,0.1));
#3065 = LINE('',#3066,#3067);
#3066 = CARTESIAN_POINT('',(0.335,-0.74874512097,0.1));
#3067 = VECTOR('',#3068,1.);
#3068 = DIRECTION('',(1.,0.,0.));
#3069 = ORIENTED_EDGE('',*,*,#3070,.F.);
#3070 = EDGE_CURVE('',#3032,#3063,#3071,.T.);
#3071 = LINE('',#3072,#3073);
#3072 = CARTESIAN_POINT('',(0.335,-0.65,0.1));
#3073 = VECTOR('',#3074,1.);
#3074 = DIRECTION('',(0.,-1.,0.));
#3075 = PLANE('',#3076);
#3076 = AXIS2_PLACEMENT_3D('',#3077,#3078,#3079);
#3077 = CARTESIAN_POINT('',(0.335,-0.65,0.1));
#3078 = DIRECTION('',(0.,0.,-1.));
#3079 = DIRECTION('',(0.,-1.,0.));
#3080 = ADVANCED_FACE('',(#3081),#3108,.T.);
#3081 = FACE_BOUND('',#3082,.F.);
#3082 = EDGE_LOOP('',(#3083,#3084,#3093,#3101));
#3083 = ORIENTED_EDGE('',*,*,#3062,.T.);
#3084 = ORIENTED_EDGE('',*,*,#3085,.T.);
#3085 = EDGE_CURVE('',#3055,#3086,#3088,.T.);
#3086 = VERTEX_POINT('',#3087);
#3087 = CARTESIAN_POINT('',(1.165,-0.80238831926,5.257099999994E-02));
#3088 = CIRCLE('',#3089,5.405029374281E-02);
#3089 = AXIS2_PLACEMENT_3D('',#3090,#3091,#3092);
#3090 = CARTESIAN_POINT('',(1.165,-0.74874512097,4.594970625719E-02));
#3091 = DIRECTION('',(1.,0.,0.));
#3092 = DIRECTION('',(0.,1.,0.));
#3093 = ORIENTED_EDGE('',*,*,#3094,.F.);
#3094 = EDGE_CURVE('',#3095,#3086,#3097,.T.);
#3095 = VERTEX_POINT('',#3096);
#3096 = CARTESIAN_POINT('',(0.335,-0.80238831926,5.257099999994E-02));
#3097 = LINE('',#3098,#3099);
#3098 = CARTESIAN_POINT('',(0.335,-0.80238831926,5.257099999994E-02));
#3099 = VECTOR('',#3100,1.);
#3100 = DIRECTION('',(1.,0.,0.));
#3101 = ORIENTED_EDGE('',*,*,#3102,.F.);
#3102 = EDGE_CURVE('',#3063,#3095,#3103,.T.);
#3103 = CIRCLE('',#3104,5.405029374281E-02);
#3104 = AXIS2_PLACEMENT_3D('',#3105,#3106,#3107);
#3105 = CARTESIAN_POINT('',(0.335,-0.74874512097,4.594970625719E-02));
#3106 = DIRECTION('',(1.,0.,0.));
#3107 = DIRECTION('',(0.,1.,0.));
#3108 = CYLINDRICAL_SURFACE('',#3109,5.405029374281E-02);
#3109 = AXIS2_PLACEMENT_3D('',#3110,#3111,#3112);
#3110 = CARTESIAN_POINT('',(0.335,-0.74874512097,4.594970625719E-02));
#3111 = DIRECTION('',(-1.,-0.,-0.));
#3112 = DIRECTION('',(0.,1.,0.));
#3113 = ADVANCED_FACE('',(#3114),#3139,.F.);
#3114 = FACE_BOUND('',#3115,.F.);
#3115 = EDGE_LOOP('',(#3116,#3117,#3125,#3133));
#3116 = ORIENTED_EDGE('',*,*,#3094,.T.);
#3117 = ORIENTED_EDGE('',*,*,#3118,.T.);
#3118 = EDGE_CURVE('',#3086,#3119,#3121,.T.);
#3119 = VERTEX_POINT('',#3120);
#3120 = CARTESIAN_POINT('',(1.165,-0.856098819261,-0.382571));
#3121 = LINE('',#3122,#3123);
#3122 = CARTESIAN_POINT('',(1.165,-0.80238831926,5.257099999994E-02));
#3123 = VECTOR('',#3124,1.);
#3124 = DIRECTION('',(0.,-0.122502456217,-0.992468210181));
#3125 = ORIENTED_EDGE('',*,*,#3126,.F.);
#3126 = EDGE_CURVE('',#3127,#3119,#3129,.T.);
#3127 = VERTEX_POINT('',#3128);
#3128 = CARTESIAN_POINT('',(0.335,-0.856098819261,-0.382571));
#3129 = LINE('',#3130,#3131);
#3130 = CARTESIAN_POINT('',(0.335,-0.856098819261,-0.382571));
#3131 = VECTOR('',#3132,1.);
#3132 = DIRECTION('',(1.,0.,0.));
#3133 = ORIENTED_EDGE('',*,*,#3134,.F.);
#3134 = EDGE_CURVE('',#3095,#3127,#3135,.T.);
#3135 = LINE('',#3136,#3137);
#3136 = CARTESIAN_POINT('',(0.335,-0.80238831926,5.257099999994E-02));
#3137 = VECTOR('',#3138,1.);
#3138 = DIRECTION('',(0.,-0.122502456217,-0.992468210181));
#3139 = PLANE('',#3140);
#3140 = AXIS2_PLACEMENT_3D('',#3141,#3142,#3143);
#3141 = CARTESIAN_POINT('',(0.335,-0.80238831926,5.257099999994E-02));
#3142 = DIRECTION('',(0.,0.992468210181,-0.122502456217));
#3143 = DIRECTION('',(0.,-0.122502456217,-0.992468210181));
#3144 = ADVANCED_FACE('',(#3145),#3172,.F.);
#3145 = FACE_BOUND('',#3146,.T.);
#3146 = EDGE_LOOP('',(#3147,#3157,#3164,#3165));
#3147 = ORIENTED_EDGE('',*,*,#3148,.T.);
#3148 = EDGE_CURVE('',#3149,#3151,#3153,.T.);
#3149 = VERTEX_POINT('',#3150);
#3150 = CARTESIAN_POINT('',(0.335,-0.909742017551,-0.43));
#3151 = VERTEX_POINT('',#3152);
#3152 = CARTESIAN_POINT('',(1.165,-0.909742017551,-0.43));
#3153 = LINE('',#3154,#3155);
#3154 = CARTESIAN_POINT('',(0.335,-0.909742017551,-0.43));
#3155 = VECTOR('',#3156,1.);
#3156 = DIRECTION('',(1.,0.,0.));
#3157 = ORIENTED_EDGE('',*,*,#3158,.T.);
#3158 = EDGE_CURVE('',#3151,#3119,#3159,.T.);
#3159 = CIRCLE('',#3160,5.405029374281E-02);
#3160 = AXIS2_PLACEMENT_3D('',#3161,#3162,#3163);
#3161 = CARTESIAN_POINT('',(1.165,-0.909742017551,-0.375949706257));
#3162 = DIRECTION('',(1.,0.,0.));
#3163 = DIRECTION('',(0.,1.,0.));
#3164 = ORIENTED_EDGE('',*,*,#3126,.F.);
#3165 = ORIENTED_EDGE('',*,*,#3166,.F.);
#3166 = EDGE_CURVE('',#3149,#3127,#3167,.T.);
#3167 = CIRCLE('',#3168,5.405029374281E-02);
#3168 = AXIS2_PLACEMENT_3D('',#3169,#3170,#3171);
#3169 = CARTESIAN_POINT('',(0.335,-0.909742017551,-0.375949706257));
#3170 = DIRECTION('',(1.,0.,0.));
#3171 = DIRECTION('',(0.,1.,0.));
#3172 = CYLINDRICAL_SURFACE('',#3173,5.405029374281E-02);
#3173 = AXIS2_PLACEMENT_3D('',#3174,#3175,#3176);
#3174 = CARTESIAN_POINT('',(0.335,-0.909742017551,-0.375949706257));
#3175 = DIRECTION('',(-1.,-0.,-0.));
#3176 = DIRECTION('',(0.,1.,0.));
#3177 = ADVANCED_FACE('',(#3178),#3203,.F.);
#3178 = FACE_BOUND('',#3179,.F.);
#3179 = EDGE_LOOP('',(#3180,#3181,#3189,#3197));
#3180 = ORIENTED_EDGE('',*,*,#3148,.T.);
#3181 = ORIENTED_EDGE('',*,*,#3182,.T.);
#3182 = EDGE_CURVE('',#3151,#3183,#3185,.T.);
#3183 = VERTEX_POINT('',#3184);
#3184 = CARTESIAN_POINT('',(1.165,-1.15,-0.43));
#3185 = LINE('',#3186,#3187);
#3186 = CARTESIAN_POINT('',(1.165,-0.909742017551,-0.43));
#3187 = VECTOR('',#3188,1.);
#3188 = DIRECTION('',(0.,-1.,0.));
#3189 = ORIENTED_EDGE('',*,*,#3190,.F.);
#3190 = EDGE_CURVE('',#3191,#3183,#3193,.T.);
#3191 = VERTEX_POINT('',#3192);
#3192 = CARTESIAN_POINT('',(0.335,-1.15,-0.43));
#3193 = LINE('',#3194,#3195);
#3194 = CARTESIAN_POINT('',(0.335,-1.15,-0.43));
#3195 = VECTOR('',#3196,1.);
#3196 = DIRECTION('',(1.,0.,0.));
#3197 = ORIENTED_EDGE('',*,*,#3198,.F.);
#3198 = EDGE_CURVE('',#3149,#3191,#3199,.T.);
#3199 = LINE('',#3200,#3201);
#3200 = CARTESIAN_POINT('',(0.335,-0.909742017551,-0.43));
#3201 = VECTOR('',#3202,1.);
#3202 = DIRECTION('',(0.,-1.,0.));
#3203 = PLANE('',#3204);
#3204 = AXIS2_PLACEMENT_3D('',#3205,#3206,#3207);
#3205 = CARTESIAN_POINT('',(0.335,-0.909742017551,-0.43));
#3206 = DIRECTION('',(0.,0.,-1.));
#3207 = DIRECTION('',(0.,-1.,0.));
#3208 = ADVANCED_FACE('',(#3209),#3234,.F.);
#3209 = FACE_BOUND('',#3210,.F.);
#3210 = EDGE_LOOP('',(#3211,#3212,#3220,#3228));
#3211 = ORIENTED_EDGE('',*,*,#3190,.T.);
#3212 = ORIENTED_EDGE('',*,*,#3213,.T.);
#3213 = EDGE_CURVE('',#3183,#3214,#3216,.T.);
#3214 = VERTEX_POINT('',#3215);
#3215 = CARTESIAN_POINT('',(1.165,-1.15,-0.55));
#3216 = LINE('',#3217,#3218);
#3217 = CARTESIAN_POINT('',(1.165,-1.15,-0.43));
#3218 = VECTOR('',#3219,1.);
#3219 = DIRECTION('',(0.,0.,-1.));
#3220 = ORIENTED_EDGE('',*,*,#3221,.F.);
#3221 = EDGE_CURVE('',#3222,#3214,#3224,.T.);
#3222 = VERTEX_POINT('',#3223);
#3223 = CARTESIAN_POINT('',(0.335,-1.15,-0.55));
#3224 = LINE('',#3225,#3226);
#3225 = CARTESIAN_POINT('',(0.335,-1.15,-0.55));
#3226 = VECTOR('',#3227,1.);
#3227 = DIRECTION('',(1.,0.,0.));
#3228 = ORIENTED_EDGE('',*,*,#3229,.F.);
#3229 = EDGE_CURVE('',#3191,#3222,#3230,.T.);
#3230 = LINE('',#3231,#3232);
#3231 = CARTESIAN_POINT('',(0.335,-1.15,-0.43));
#3232 = VECTOR('',#3233,1.);
#3233 = DIRECTION('',(0.,0.,-1.));
#3234 = PLANE('',#3235);
#3235 = AXIS2_PLACEMENT_3D('',#3236,#3237,#3238);
#3236 = CARTESIAN_POINT('',(0.335,-1.15,-0.43));
#3237 = DIRECTION('',(0.,1.,0.));
#3238 = DIRECTION('',(0.,0.,-1.));
#3239 = ADVANCED_FACE('',(#3240),#3265,.F.);
#3240 = FACE_BOUND('',#3241,.F.);
#3241 = EDGE_LOOP('',(#3242,#3243,#3251,#3259));
#3242 = ORIENTED_EDGE('',*,*,#3221,.T.);
#3243 = ORIENTED_EDGE('',*,*,#3244,.T.);
#3244 = EDGE_CURVE('',#3214,#3245,#3247,.T.);
#3245 = VERTEX_POINT('',#3246);
#3246 = CARTESIAN_POINT('',(1.165,-0.803643198291,-0.55));
#3247 = LINE('',#3248,#3249);
#3248 = CARTESIAN_POINT('',(1.165,-1.15,-0.55));
#3249 = VECTOR('',#3250,1.);
#3250 = DIRECTION('',(0.,1.,0.));
#3251 = ORIENTED_EDGE('',*,*,#3252,.F.);
#3252 = EDGE_CURVE('',#3253,#3245,#3255,.T.);
#3253 = VERTEX_POINT('',#3254);
#3254 = CARTESIAN_POINT('',(0.335,-0.803643198291,-0.55));
#3255 = LINE('',#3256,#3257);
#3256 = CARTESIAN_POINT('',(0.335,-0.803643198291,-0.55));
#3257 = VECTOR('',#3258,1.);
#3258 = DIRECTION('',(1.,0.,0.));
#3259 = ORIENTED_EDGE('',*,*,#3260,.F.);
#3260 = EDGE_CURVE('',#3222,#3253,#3261,.T.);
#3261 = LINE('',#3262,#3263);
#3262 = CARTESIAN_POINT('',(0.335,-1.15,-0.55));
#3263 = VECTOR('',#3264,1.);
#3264 = DIRECTION('',(0.,1.,0.));
#3265 = PLANE('',#3266);
#3266 = AXIS2_PLACEMENT_3D('',#3267,#3268,#3269);
#3267 = CARTESIAN_POINT('',(0.335,-1.15,-0.55));
#3268 = DIRECTION('',(0.,0.,1.));
#3269 = DIRECTION('',(0.,1.,0.));
#3270 = ADVANCED_FACE('',(#3271),#3298,.T.);
#3271 = FACE_BOUND('',#3272,.F.);
#3272 = EDGE_LOOP('',(#3273,#3274,#3283,#3291));
#3273 = ORIENTED_EDGE('',*,*,#3252,.T.);
#3274 = ORIENTED_EDGE('',*,*,#3275,.T.);
#3275 = EDGE_CURVE('',#3245,#3276,#3278,.T.);
#3276 = VERTEX_POINT('',#3277);
#3277 = CARTESIAN_POINT('',(1.165,-0.75,-0.502571));
#3278 = CIRCLE('',#3279,5.405029374281E-02);
#3279 = AXIS2_PLACEMENT_3D('',#3280,#3281,#3282);
#3280 = CARTESIAN_POINT('',(1.165,-0.803643198291,-0.495949706257));
#3281 = DIRECTION('',(1.,0.,0.));
#3282 = DIRECTION('',(0.,1.,0.));
#3283 = ORIENTED_EDGE('',*,*,#3284,.F.);
#3284 = EDGE_CURVE('',#3285,#3276,#3287,.T.);
#3285 = VERTEX_POINT('',#3286);
#3286 = CARTESIAN_POINT('',(0.335,-0.75,-0.502571));
#3287 = LINE('',#3288,#3289);
#3288 = CARTESIAN_POINT('',(0.335,-0.75,-0.502571));
#3289 = VECTOR('',#3290,1.);
#3290 = DIRECTION('',(1.,0.,0.));
#3291 = ORIENTED_EDGE('',*,*,#3292,.F.);
#3292 = EDGE_CURVE('',#3253,#3285,#3293,.T.);
#3293 = CIRCLE('',#3294,5.405029374281E-02);
#3294 = AXIS2_PLACEMENT_3D('',#3295,#3296,#3297);
#3295 = CARTESIAN_POINT('',(0.335,-0.803643198291,-0.495949706257));
#3296 = DIRECTION('',(1.,0.,0.));
#3297 = DIRECTION('',(0.,1.,0.));
#3298 = CYLINDRICAL_SURFACE('',#3299,5.405029374281E-02);
#3299 = AXIS2_PLACEMENT_3D('',#3300,#3301,#3302);
#3300 = CARTESIAN_POINT('',(0.335,-0.803643198291,-0.495949706257));
#3301 = DIRECTION('',(-1.,-0.,-0.));
#3302 = DIRECTION('',(0.,1.,0.));
#3303 = ADVANCED_FACE('',(#3304),#3329,.F.);
#3304 = FACE_BOUND('',#3305,.F.);
#3305 = EDGE_LOOP('',(#3306,#3307,#3315,#3323));
#3306 = ORIENTED_EDGE('',*,*,#3284,.T.);
#3307 = ORIENTED_EDGE('',*,*,#3308,.T.);
#3308 = EDGE_CURVE('',#3276,#3309,#3311,.T.);
#3309 = VERTEX_POINT('',#3310);
#3310 = CARTESIAN_POINT('',(1.165,-0.6962895,-6.742900000006E-02));
#3311 = LINE('',#3312,#3313);
#3312 = CARTESIAN_POINT('',(1.165,-0.75,-0.502571));
#3313 = VECTOR('',#3314,1.);
#3314 = DIRECTION('',(0.,0.122502456217,0.992468210181));
#3315 = ORIENTED_EDGE('',*,*,#3316,.F.);
#3316 = EDGE_CURVE('',#3317,#3309,#3319,.T.);
#3317 = VERTEX_POINT('',#3318);
#3318 = CARTESIAN_POINT('',(0.335,-0.6962895,-6.742900000006E-02));
#3319 = LINE('',#3320,#3321);
#3320 = CARTESIAN_POINT('',(0.335,-0.6962895,-6.742900000006E-02));
#3321 = VECTOR('',#3322,1.);
#3322 = DIRECTION('',(1.,0.,0.));
#3323 = ORIENTED_EDGE('',*,*,#3324,.F.);
#3324 = EDGE_CURVE('',#3285,#3317,#3325,.T.);
#3325 = LINE('',#3326,#3327);
#3326 = CARTESIAN_POINT('',(0.335,-0.75,-0.502571));
#3327 = VECTOR('',#3328,1.);
#3328 = DIRECTION('',(0.,0.122502456217,0.992468210181));
#3329 = PLANE('',#3330);
#3330 = AXIS2_PLACEMENT_3D('',#3331,#3332,#3333);
#3331 = CARTESIAN_POINT('',(0.335,-0.75,-0.502571));
#3332 = DIRECTION('',(0.,-0.992468210181,0.122502456217));
#3333 = DIRECTION('',(0.,0.122502456217,0.992468210181));
#3334 = ADVANCED_FACE('',(#3335),#3353,.F.);
#3335 = FACE_BOUND('',#3336,.T.);
#3336 = EDGE_LOOP('',(#3337,#3338,#3345,#3346));
#3337 = ORIENTED_EDGE('',*,*,#2982,.T.);
#3338 = ORIENTED_EDGE('',*,*,#3339,.T.);
#3339 = EDGE_CURVE('',#2985,#3309,#3340,.T.);
#3340 = CIRCLE('',#3341,5.405029374281E-02);
#3341 = AXIS2_PLACEMENT_3D('',#3342,#3343,#3344);
#3342 = CARTESIAN_POINT('',(1.165,-0.642646301709,-7.405029374281E-02));
#3343 = DIRECTION('',(1.,0.,0.));
#3344 = DIRECTION('',(0.,1.,0.));
#3345 = ORIENTED_EDGE('',*,*,#3316,.F.);
#3346 = ORIENTED_EDGE('',*,*,#3347,.F.);
#3347 = EDGE_CURVE('',#2983,#3317,#3348,.T.);
#3348 = CIRCLE('',#3349,5.405029374281E-02);
#3349 = AXIS2_PLACEMENT_3D('',#3350,#3351,#3352);
#3350 = CARTESIAN_POINT('',(0.335,-0.642646301709,-7.405029374281E-02));
#3351 = DIRECTION('',(1.,0.,0.));
#3352 = DIRECTION('',(0.,1.,0.));
#3353 = CYLINDRICAL_SURFACE('',#3354,5.405029374281E-02);
#3354 = AXIS2_PLACEMENT_3D('',#3355,#3356,#3357);
#3355 = CARTESIAN_POINT('',(0.335,-0.642646301709,-7.405029374281E-02));
#3356 = DIRECTION('',(-1.,-0.,-0.));
#3357 = DIRECTION('',(0.,1.,0.));
#3358 = ADVANCED_FACE('',(#3359),#3373,.F.);
#3359 = FACE_BOUND('',#3360,.F.);
#3360 = EDGE_LOOP('',(#3361,#3362,#3363,#3364,#3365,#3366,#3367,#3368,
    #3369,#3370,#3371,#3372));
#3361 = ORIENTED_EDGE('',*,*,#3008,.T.);
#3362 = ORIENTED_EDGE('',*,*,#3039,.T.);
#3363 = ORIENTED_EDGE('',*,*,#3070,.T.);
#3364 = ORIENTED_EDGE('',*,*,#3102,.T.);
#3365 = ORIENTED_EDGE('',*,*,#3134,.T.);
#3366 = ORIENTED_EDGE('',*,*,#3166,.F.);
#3367 = ORIENTED_EDGE('',*,*,#3198,.T.);
#3368 = ORIENTED_EDGE('',*,*,#3229,.T.);
#3369 = ORIENTED_EDGE('',*,*,#3260,.T.);
#3370 = ORIENTED_EDGE('',*,*,#3292,.T.);
#3371 = ORIENTED_EDGE('',*,*,#3324,.T.);
#3372 = ORIENTED_EDGE('',*,*,#3347,.F.);
#3373 = PLANE('',#3374);
#3374 = AXIS2_PLACEMENT_3D('',#3375,#3376,#3377);
#3375 = CARTESIAN_POINT('',(0.335,-0.831823302616,-0.270584381153));
#3376 = DIRECTION('',(1.,0.,0.));
#3377 = DIRECTION('',(0.,0.,1.));
#3378 = ADVANCED_FACE('',(#3379),#3393,.T.);
#3379 = FACE_BOUND('',#3380,.T.);
#3380 = EDGE_LOOP('',(#3381,#3382,#3383,#3384,#3385,#3386,#3387,#3388,
    #3389,#3390,#3391,#3392));
#3381 = ORIENTED_EDGE('',*,*,#2992,.T.);
#3382 = ORIENTED_EDGE('',*,*,#3023,.T.);
#3383 = ORIENTED_EDGE('',*,*,#3054,.T.);
#3384 = ORIENTED_EDGE('',*,*,#3085,.T.);
#3385 = ORIENTED_EDGE('',*,*,#3118,.T.);
#3386 = ORIENTED_EDGE('',*,*,#3158,.F.);
#3387 = ORIENTED_EDGE('',*,*,#3182,.T.);
#3388 = ORIENTED_EDGE('',*,*,#3213,.T.);
#3389 = ORIENTED_EDGE('',*,*,#3244,.T.);
#3390 = ORIENTED_EDGE('',*,*,#3275,.T.);
#3391 = ORIENTED_EDGE('',*,*,#3308,.T.);
#3392 = ORIENTED_EDGE('',*,*,#3339,.F.);
#3393 = PLANE('',#3394);
#3394 = AXIS2_PLACEMENT_3D('',#3395,#3396,#3397);
#3395 = CARTESIAN_POINT('',(1.165,-0.831823302616,-0.270584381153));
#3396 = DIRECTION('',(1.,0.,0.));
#3397 = DIRECTION('',(0.,0.,1.));
#3398 = ( GEOMETRIC_REPRESENTATION_CONTEXT(3) 
GLOBAL_UNCERTAINTY_ASSIGNED_CONTEXT((#3402)) 
GLOBAL_UNIT_ASSIGNED_CONTEXT((#3399,#3400,#3401)) REPRESENTATION_CONTEXT
('Context #1','3D Context with UNIT and UNCERTAINTY') );
#3399 = ( LENGTH_UNIT() NAMED_UNIT(*) SI_UNIT(.MILLI.,.METRE.) );
#3400 = ( NAMED_UNIT(*) PLANE_ANGLE_UNIT() SI_UNIT($,.RADIAN.) );
#3401 = ( NAMED_UNIT(*) SI_UNIT($,.STERADIAN.) SOLID_ANGLE_UNIT() );
#3402 = UNCERTAINTY_MEASURE_WITH_UNIT(LENGTH_MEASURE(1.E-07),#3399,
  'distance_accuracy_value','confusion accuracy');
#3403 = CONTEXT_DEPENDENT_SHAPE_REPRESENTATION(#3404,#3406);
#3404 = ( REPRESENTATION_RELATIONSHIP('','',#2975,#10) 
REPRESENTATION_RELATIONSHIP_WITH_TRANSFORMATION(#3405) 
SHAPE_REPRESENTATION_RELATIONSHIP() );
#3405 = ITEM_DEFINED_TRANSFORMATION('','',#11,#27);
#3406 = PRODUCT_DEFINITION_SHAPE('Placement','Placement of an item',
  #3407);
#3407 = NEXT_ASSEMBLY_USAGE_OCCURRENCE('4','GND_PIN','',#5,#2970,$);
#3408 = PRODUCT_RELATED_PRODUCT_CATEGORY('part',$,(#2972));
#3409 = MECHANICAL_DESIGN_GEOMETRIC_PRESENTATION_REPRESENTATION('',(
    #3410,#3421,#3430),#2957);
#3410 = STYLED_ITEM('color',(#3411),#1691);
#3411 = PRESENTATION_STYLE_ASSIGNMENT((#3412,#3418));
#3412 = SURFACE_STYLE_USAGE(.BOTH.,#3413);
#3413 = SURFACE_SIDE_STYLE('',(#3414));
#3414 = SURFACE_STYLE_FILL_AREA(#3415);
#3415 = FILL_AREA_STYLE('',(#3416));
#3416 = FILL_AREA_STYLE_COLOUR('',#3417);
#3417 = COLOUR_RGB('',0.917599985683,0.917599985683,0.917599985683);
#3418 = CURVE_STYLE('',#3419,POSITIVE_LENGTH_MEASURE(0.1),#3420);
#3419 = DRAUGHTING_PRE_DEFINED_CURVE_FONT('continuous');
#3420 = COLOUR_RGB('',9.803921802644E-02,9.803921802644E-02,
  9.803921802644E-02);
#3421 = STYLED_ITEM('color',(#3422),#2113);
#3422 = PRESENTATION_STYLE_ASSIGNMENT((#3423,#3428));
#3423 = SURFACE_STYLE_USAGE(.BOTH.,#3424);
#3424 = SURFACE_SIDE_STYLE('',(#3425));
#3425 = SURFACE_STYLE_FILL_AREA(#3426);
#3426 = FILL_AREA_STYLE('',(#3427));
#3427 = FILL_AREA_STYLE_COLOUR('',#3417);
#3428 = CURVE_STYLE('',#3429,POSITIVE_LENGTH_MEASURE(0.1),#3420);
#3429 = DRAUGHTING_PRE_DEFINED_CURVE_FONT('continuous');
#3430 = STYLED_ITEM('color',(#3431),#2535);
#3431 = PRESENTATION_STYLE_ASSIGNMENT((#3432,#3437));
#3432 = SURFACE_STYLE_USAGE(.BOTH.,#3433);
#3433 = SURFACE_SIDE_STYLE('',(#3434));
#3434 = SURFACE_STYLE_FILL_AREA(#3435);
#3435 = FILL_AREA_STYLE('',(#3436));
#3436 = FILL_AREA_STYLE_COLOUR('',#3417);
#3437 = CURVE_STYLE('',#3438,POSITIVE_LENGTH_MEASURE(0.1),#3420);
#3438 = DRAUGHTING_PRE_DEFINED_CURVE_FONT('continuous');
#3439 = MECHANICAL_DESIGN_GEOMETRIC_PRESENTATION_REPRESENTATION('',(
    #3440),#387);
#3440 = STYLED_ITEM('color',(#3441),#45);
#3441 = PRESENTATION_STYLE_ASSIGNMENT((#3442,#3448));
#3442 = SURFACE_STYLE_USAGE(.BOTH.,#3443);
#3443 = SURFACE_SIDE_STYLE('',(#3444));
#3444 = SURFACE_STYLE_FILL_AREA(#3445);
#3445 = FILL_AREA_STYLE('',(#3446));
#3446 = FILL_AREA_STYLE_COLOUR('',#3447);
#3447 = COLOUR_RGB('',0.116700000506,0.116700000506,0.116700000506);
#3448 = CURVE_STYLE('',#3449,POSITIVE_LENGTH_MEASURE(0.1),#3420);
#3449 = DRAUGHTING_PRE_DEFINED_CURVE_FONT('continuous');
#3450 = MECHANICAL_DESIGN_GEOMETRIC_PRESENTATION_REPRESENTATION('',(
    #3451,#3460,#3469),#1672);
#3451 = STYLED_ITEM('color',(#3452),#406);
#3452 = PRESENTATION_STYLE_ASSIGNMENT((#3453,#3458));
#3453 = SURFACE_STYLE_USAGE(.BOTH.,#3454);
#3454 = SURFACE_SIDE_STYLE('',(#3455));
#3455 = SURFACE_STYLE_FILL_AREA(#3456);
#3456 = FILL_AREA_STYLE('',(#3457));
#3457 = FILL_AREA_STYLE_COLOUR('',#3417);
#3458 = CURVE_STYLE('',#3459,POSITIVE_LENGTH_MEASURE(0.1),#3420);
#3459 = DRAUGHTING_PRE_DEFINED_CURVE_FONT('continuous');
#3460 = STYLED_ITEM('color',(#3461),#828);
#3461 = PRESENTATION_STYLE_ASSIGNMENT((#3462,#3467));
#3462 = SURFACE_STYLE_USAGE(.BOTH.,#3463);
#3463 = SURFACE_SIDE_STYLE('',(#3464));
#3464 = SURFACE_STYLE_FILL_AREA(#3465);
#3465 = FILL_AREA_STYLE('',(#3466));
#3466 = FILL_AREA_STYLE_COLOUR('',#3417);
#3467 = CURVE_STYLE('',#3468,POSITIVE_LENGTH_MEASURE(0.1),#3420);
#3468 = DRAUGHTING_PRE_DEFINED_CURVE_FONT('continuous');
#3469 = STYLED_ITEM('color',(#3470),#1250);
#3470 = PRESENTATION_STYLE_ASSIGNMENT((#3471,#3476));
#3471 = SURFACE_STYLE_USAGE(.BOTH.,#3472);
#3472 = SURFACE_SIDE_STYLE('',(#3473));
#3473 = SURFACE_STYLE_FILL_AREA(#3474);
#3474 = FILL_AREA_STYLE('',(#3475));
#3475 = FILL_AREA_STYLE_COLOUR('',#3417);
#3476 = CURVE_STYLE('',#3477,POSITIVE_LENGTH_MEASURE(0.1),#3420);
#3477 = DRAUGHTING_PRE_DEFINED_CURVE_FONT('continuous');
#3478 = MECHANICAL_DESIGN_GEOMETRIC_PRESENTATION_REPRESENTATION('',(
    #3479),#3398);
#3479 = STYLED_ITEM('color',(#3480),#2976);
#3480 = PRESENTATION_STYLE_ASSIGNMENT((#3481,#3486));
#3481 = SURFACE_STYLE_USAGE(.BOTH.,#3482);
#3482 = SURFACE_SIDE_STYLE('',(#3483));
#3483 = SURFACE_STYLE_FILL_AREA(#3484);
#3484 = FILL_AREA_STYLE('',(#3485));
#3485 = FILL_AREA_STYLE_COLOUR('',#3417);
#3486 = CURVE_STYLE('',#3487,POSITIVE_LENGTH_MEASURE(0.1),#3420);
#3487 = DRAUGHTING_PRE_DEFINED_CURVE_FONT('continuous');
ENDSEC;
END-ISO-10303-21;
